sender,subject,body,urls,spf,dkim,dmarc,predicted_label,label,uncertainty,needs_review,p_phishing
newsletter@mail.bathandbodyworks.ae,Final hours on this AED15 deal,"View in Browser


Tier: AURA Hello 
Points Balance: 138 Pts

DOWNLOAD THE APP



TRAVEL SIZE

WALLFLOWERS

SINGLE WICK CANDLES



Your Aura points balance: 138






Contact Us
 
Delivery Information
 
Unsubscribe
Terms & Conditions

To avail current running promotions, add all items to the online shopping bag. Corrections cannot be made after order is processed. Offers are subject to availability and can be changed at any time.

This Website is owned and operated by M.H. Alshaya Co. W.L.L., a company registered in Kuwait with its registered office at P.O. Box 181, Safat 13002, Kuwait (“We” or “Us” as the case may be). For the purposes of these Terms & Conditions, the terms """"We"""" and """"Us"""" refer to Alshaya or to one of its affiliated companies in your territory of residence. When y",https://fonts.gstatic.com/s/e/notoemoji/17.0/1f6a8/72.png|https://ci3.googleusercontent.com/meips/ADKq_NaCkGHlFjV-Uwub1G48nyFXKP_SB4aepudVbnOxq47omL_MH1u_RO2awKicFnZ1Z8-IKpAXfTfPgvXwshfxFkxIl1D1US4Zr2uQh1mKuiewSMEM6aVejiJddVvSwtEhLXQ1Gx0KQop_9p6VCV-0IPGA-T5l6C08Og4Do7nT3axN-9z6tWy38Gl_i1IcXVX7QBieksVuoNddwwENGjj31tke0iSTEjrsQg93RV4C3hJdndCxgQxQLjkinJSMIFLP6tss_B6tCQ=s0-d-e1-ft#https://exponea-cdn.alshaya.com/alshaya-b-bworks-prod/e/CgxpQ31IoUVSfFSuoJASIN2S3bmJUXUEbUa7DMpkt9SMNKa_8DWLhMno2Mwg_ejkMXAGvJzAm9pBagxeVUVJhC6Ev8chyy2AAgM.Bhsu2HxJkC77Ew/open|https://exponea-cdn.alshaya.com/alshaya-b-bworks-prod/e/.eJwTUrg76e7OzsBSlly33TynUrZf6TFZtv-DaXfLyRc3zij8ffFEahljRklJQbGVvn5qRUF-XmqibnJKnl5iTnFGYmWiXnJ-rj6UrZukm1SeX5RdrFtQlJ-in6rvnF5REGhs6JkfGhac5hZcmu_lGOzpZxRsnJTrFRoR6poUmmju4luQXWIZ7OvnnRhv4RLuk-Gbl2_kW54en5qV7Rvh6F7mVeWYa1nglJxeUZhU7lVp4Vzg6F1g5qhbZqEXZWFcmhSfmZJvFmmSVm5YwLZnzoHZtxyt-LmYSouFOAOK8nPzSzLz86wMgQLJQtpOTuHxoY6u8a5-8a65iZk58anO-bnxBkYGFkZm8a55KcXxIfkpiZXxjjk5VtxALblCrGB1UfMZ9fWT8lMq9UsSk3JS9Usg7CL9khSISLRRLKYgNhEkLYaxUG5KZhkIgwUw9IEk8ZsGUpGYZJNokmZikmZsaJRmap5onGhSkwpyuVViblFmSUaiqbGRQzpIABRfNWkGaWaWaUnJiWmpRhYGpklZPHGhrp4tei37jyue1m1gYgYAHy2_Rw.YWtioI4JHFXBCg/click|https://www.google.com/url?q=https://exponea-cdn.alshaya.com/alshaya-b-bworks-prod/e/.eJwTUrg76e7OzsBSlly33TynUrZf6TFZtv-DaXfLyRc3zij8ffFEahljRklJQbGVvn5qRUF-XmqibnJKnl5iTnFGYmWiXnJ-rj6UrZukm1SeX5RdrFtQlJ-in6rvnF5REGhs6JkfGhac5hZcmu_lGOzpZxRsnJTrFRoR6poUmmju4luQXWIZ7OvnnRhv4RLuk-Gbl2_kW54en5qV7Rvh6F7mVeWYa1nglJxeUZhU7lVp4Vzg6F1g5qhbZqEXZWFcmhSfmZJvFmmSVm5YwLZnzoHZtxyt-LmYSouFOAOK8nPzSzLz86wMgQLJQtpOTuHxoY6u8a5-8a65iZk58anO-bnxBkYGFkZm8a55KcXxIfkpiZXxjjk5VtxALblCrGB1UfMZ9fWT8lMq9UsSk3JS9Usg7CL9khSISLRRLKYgNhEkLYaxUG5KZhkIgwUw9IEk8ZsGUpGYZJNokmZikmZsaJRmap5onGhSkwpyuVViblFmSUaiqbGRQzpIABRfNWkGaWaWaUnJiWmpRhYGpklZPHGhrp4tei37jyue1m1gYgYAHy2_Rw.YWtioI4JHFXBCg/click&amp;source=gmail&amp;ust=1786631499508000&amp;usg=AOvVaw0_oUp4aEz5GWQ37lSuR2UP|https://exponea-cdn.alshaya.com/alshaya-b-bworks-prod/e/.eJwTUrg76e7OzsBSlly33TynUrZf6TFZtv-DaXfLyRc3zij8ffFE6g9jRklJQbGVvn5iQYFeYkpWaXGJXma-vmVeVkVBYYp9SmpqQXxOZl62bVJSuW9qXqKqsaOqkRsQqSUn5hYkZqbngWTiSxNT41Pz4lNzEzNz4lOT83PjDYwMLIzMgIIpxfEl-SmJlfGJOTlqiSnpRfmlBbYeqYkpqUVqRakpmUWpySW2YFfAzS4vL9dLSizJSMxLScpPqSzPL8ou1ktMBcqk5oFUGLuVluTGF-eXFiWnqhq7BBTl5-aXZOYD5cxAErlAU0tzgRKuIOdABWHOBQpDLFc1MjAsYNsz58DsW45W_FxMpcVCnHCTrAyBAslC2k5O4fGhjq7xrn7xrhC_OSP85gryWwjYb445OVbcQC25QqxgdVFrGfX1QW7XL0lMyknVL4Gwi_RLUiAi0UaxmILYRJC0GMZCuSmZZSAMNgNDH0iSCNNQZBOTbBJN0kxM0owNjdJMzRONE01qwHFplZhblAmMCFNjI4d0kIAeMG5r0gzSzCzTkpIT01KNLAxMk7J44kJdPVv0WvYfVzyt28DEDAC5W-SZ.uoAT9uXALMsYyw/click|https://www.google.com/url?q=https://exponea-cdn.alshaya.com/alshaya-b-bworks-prod/e/.eJwTUrg76e7OzsBSlly33TynUrZf6TFZtv-DaXfLyRc3zij8ffFE6g9jRklJQbGVvn5iQYFeYkpWaXGJXma-vmVeVkVBYYp9SmpqQXxOZl62bVJSuW9qXqKqsaOqkRsQqSUn5hYkZqbngWTiSxNT41Pz4lNzEzNz4lOT83PjDYwMLIzMgIIpxfEl-SmJlfGJOTlqiSnpRfmlBbYeqYkpqUVqRakpmUWpySW2YFfAzS4vL9dLSizJSMxLScpPqSzPL8ou1ktMBcqk5oFUGLuVluTGF-eXFiWnqhq7BBTl5-aXZOYD5cxAErlAU0tzgRKuIOdABWHOBQpDLFc1MjAsYNsz58DsW45W_FxMpcVCnHCTrAyBAslC2k5O4fGhjq7xrn7xrhC_OSP85gryWwjYb445OVbcQC25QqxgdVFrGfX1QW7XL0lMyknVL4Gwi_RLUiAi0UaxmILYRJC0GMZCuSmZZSAMNgNDH0iSCNNQZBOTbBJN0kxM0owNjdJMzRONE01qwHFplZhblAmMCFNjI4d0kIAeMG5r0gzSzCzTkpIT01KNLAxMk7J44kJdPVv0WvYfVzyt28DEDAC5W-SZ.uoAT9uXALMsYyw/click&amp;source=gmail&amp;ust=1786631499509000&amp;usg=AOvVaw0RdknVls_aYm1O8RtY_PZW|https://ci3.googleusercontent.com/meips/ADKq_NaUTXUK7A65hozdS01wd4NzW0GwLJ2XcKN7u6k9emBP_SuscZ8IVejDgmRXLkN-nzu2_6NBtjcuKBhn4jeCy_4nsr-Wx3XJIe890OKLu-A_Lg13O2lK37OOXtkb0SYjgXD-JRNntQde9pIC8ltLouzfyzGknH1lerb30bFCblBOGFuGI7Xd6ZOVIJJ-EkqBMnjBwOM3mjnugZPqAg92HQuqCM_cjLvYF5WT4i17evMm6Wmmiow=s0-d-e1-ft#https://d15k2d11r6t6rl.cloudfront.net/public/users/Integrators/ae52a6e2-ca6a-4d8e-8944-532f952aae85/c1f77398-2006-11ea-a2ce-126e07b07946/bbw-logo-en-black.png|https://ci3.googleusercontent.com/meips/ADKq_NY4Kre1zBdGMV6Er5VS1n7iIfFbIL2GWwC1nfKY1HqvALiotzMcMAD4Ba5bz470hyiVN_UnCCH9MyFpVh2D-NSac-Oak7kNucMv0_wbid6K4k0i4psg1-Z9GbTGFB81u4XpaP-lEzbxn-TkMX6r4Bzu7c1P9WFkCJPm5nZ91r3wmOFgVHCOU0MtqrWtYKljE60=s0-d-e1-ft#https://brxcdn.com/alx-app-storage/c1f77398-2006-11ea-a2ce-126e07b07946/media/original/0a98735e-2727-11f0-ac8d-224ebd6f1bdb);background-repeat:no-repeat;background-size:cover;color:#000;width:600px;margin:0|https://ci3.googleusercontent.com/meips/ADKq_Na_DDKCUjxdcpck2nJLcVEhCO-IJM54sw4oz9EoKBB9LRYXDy729O_bSrN_KFW7lKO6Xd94INoqATfv4vqgQwTwFAfoFKI4B76KqlbQ5eoD6wQGdsDqSKlsz50Bba8vPBVMpjuXah_A4x_IYZbRAxE0dyd5EvmNyaeCE5-IyHOEDbTP_n4mJIkUfPsb81JEcJreMwuCtcLSud-1Pr84k4oj5IWvUgP0e9skBFy4DRVjuA=s0-d-e1-ft#https://d15k2d11r6t6rl.cloudfront.net/public/users/Integrators/ae52a6e2-ca6a-4d8e-8944-532f952aae85/c0a77db6-2007-11ea-8e77-6ed5fa2c410f/New_Aura_logo.png|https://exponea-cdn.alshaya.com/alshaya-b-bworks-prod/e/.eJwTUrg76e7OzsBSlly33TynUrZf6TFZtv-DaXfLyRc3zij8ffFE6ipTRklJQbGVvn5RUUmZXmJKll5xiX5xRn6BbkFRfm5-SWZ-XrF-cWlubmqRbnFpUUFRZnFqsT1QXXyJrWVeVkVBYYoaiJecmFuQmJmeZ5uam5iZAxZKTEkvyi8tsHVyCo8PdXSNd_WLdwVJxqc65-fGGxgZWBiZxbvmpRTHh-SnJFbGO-ZA9BWlpmQWpSaX2IKdpmrsqGrkBkTl5eV6SYklGYl5KUn5KZXl-UXZxXqJqUCZ1DwggeZmkAiaq1WN3UpLcuOL80uLklNVjV0CYIpVjcxAErlAe0tzgRJgV0IFYf4CCpPgD8MCtj1zDsy-5WjFz8VUWizECbfLyhAokCykTYJhVtxALblCrGB1UQn6-iDv65ckJuWk6pdA2EX6JSkQkWjjWExBbCJIWgxjodyUzDL9xCSbRJM0E5M0Y0OjNFPzRONEkxpwnFol5hZlAoPf1NjIIR0koJecn1uTZpBmZpmWlJyYlmpkYWCalMUTF-rq2aLXsv-44mndBiZmAIDB6lc.gk2JO4MdgeDCnQ/click|https://www.google.com/url?q=https://exponea-cdn.alshaya.com/alshaya-b-bworks-prod/e/.eJwTUrg76e7OzsBSlly33TynUrZf6TFZtv-DaXfLyRc3zij8ffFE6ipTRklJQbGVvn5RUUmZXmJKll5xiX5xRn6BbkFRfm5-SWZ-XrF-cWlubmqRbnFpUUFRZnFqsT1QXXyJrWVeVkVBYYoaiJecmFuQmJmeZ5uam5iZAxZKTEkvyi8tsHVyCo8PdXSNd_WLdwVJxqc65-fGGxgZWBiZxbvmpRTHh-SnJFbGO-ZA9BWlpmQWpSaX2IKdpmrsqGrkBkTl5eV6SYklGYl5KUn5KZXl-UXZxXqJqUCZ1DwggeZmkAiaq1WN3UpLcuOL80uLklNVjV0CYIpVjcxAErlAe0tzgRJgV0IFYf4CCpPgD8MCtj1zDsy-5WjFz8VUWizECbfLyhAokCykTYJhVtxALblCrGB1UQn6-iDv65ckJuWk6pdA2EX6JSkQkWjjWExBbCJIWgxjodyUzDL9xCSbRJM0E5M0Y0OjNFPzRONEkxpwnFol5hZlAoPf1NjIIR0koJecn1uTZpBmZpmWlJyYlmpkYWCalMUTF-rq2aLXsv-44mndBiZmAIDB6lc.gk2JO4MdgeDCnQ/click&amp;source=gmail&amp;ust=1786631499509000&amp;usg=AOvVaw0RF9gToTWdddK3iRakvGKp|https://ci3.googleusercontent.com/meips/ADKq_NanOqbjuPE5ah2uXEUNtkZSIHrjXFzoNDjyXvr4vE46EuKHHAA8HJYeA1dGG0k9axOy2e-LVVojSTIHcDYa0GgZba1jva4Skxkk9R93xAdgGu7DDSjmrH3wLu2NERV3e64FJFH6nd1DJOecVPy4zHK1tij3ehYs1ejNey4Z3zlD2X9bQCqNZGpAXS8U5oOk0Y4LF0WQxvt7auzlpWcd0NdzWY0kIG7GQXciJGzC8yHlRp9Pe1oIvfZyfz3WWwk2_HIM8sOs6-8s-z1zajgm4TOKP0toBQ=s0-d-e1-ft#https://d15k2d11r6t6rl.cloudfront.net/public/users/Integrators/ae52a6e2-ca6a-4d8e-8944-532f952aae85/c1f77398-2006-11ea-a2ce-126e07b07946/editor_images/w25-170626-sas-hero2-new-uae-en-m_4.jpg|https://exponea-cdn.alshaya.com/alshaya-b-bworks-prod/e/.eJwTUrg76e7OzsBSlly33TynUrZf6TFZtv-DaXfLyRc3zij8ffFEqp05o6SkoNhKX7-oqKRMLzElS6-4RL84I79ANyk_pVI3ObEoVR_O0s1PS0stKkYSKC5ITc5MzIFK2AP1x5fYWuZlVRQUpqiBeMmJuQWJmel5tqm5iZk5YKHElPSi_NICWyen8PhQR9d4V794V5BkfKpzfm68gZGBhZFZvGteSnF8SH5KYmW8Yw5EX1FqSmZRanKJLdjJqsaOqkZuQFReXq6XlFiSkZiXAnJXeX5RdrFeYipQJjUPSKD6BSiA7hsUIVT_qBq7lZbkxhfnlxYlp6oauwQU5efml2TmA801A0nkAl1UmguUALsfKgjzMVCYBB8aFrDtmXNg9i1HK34uptJiIU64XVaGQIFkIW0SDLPiBmrJFWIFq4tK0AdHmH5JYlJOqn4JhF2kX5ICEYk2jsUUxCaCpMUoFspNySzTT0yySTRJMzFJMzY0SjM1TzRONKkBx7ZVYm5RJjBiTI2NHNJBAnrJ-bk1aQZpZpZpScmJaalGFgamSVk8caGuni16LfuPK57WbWBiBgA_OPpf.r7z_pOEIMafZ9w/click|https://www.google.com/url?q=https://exponea-cdn.alshaya.com/alshaya-b-bworks-prod/e/.eJwTUrg76e7OzsBSlly33TynUrZf6TFZtv-DaXfLyRc3zij8ffFEqp05o6SkoNhKX7-oqKRMLzElS6-4RL84I79ANyk_pVI3ObEoVR_O0s1PS0stKkYSKC5ITc5MzIFK2AP1x5fYWuZlVRQUpqiBeMmJuQWJmel5tqm5iZk5YKHElPSi_NICWyen8PhQR9d4V794V5BkfKpzfm68gZGBhZFZvGteSnF8SH5KYmW8Yw5EX1FqSmZRanKJLdjJqsaOqkZuQFReXq6XlFiSkZiXAnJXeX5RdrFeYipQJjUPSKD6BSiA7hsUIVT_qBq7lZbkxhfnlxYlp6oauwQU5efml2TmA801A0nkAl1UmguUALsfKgjzMVCYBB8aFrDtmXNg9i1HK34uptJiIU64XVaGQIFkIW0SDLPiBmrJFWIFq4tK0AdHmH5JYlJOqn4JhF2kX5ICEYk2jsUUxCaCpMUoFspNySzTT0yySTRJMzFJMzY0SjM1TzRONKkBx7ZVYm5RJjBiTI2NHNJBAnrJ-bk1aQZpZpZpScmJaalGFgamSVk8caGuni16LfuPK57WbWBiBgA_OPpf.r7z_pOEIMafZ9w/click&amp;source=gmail&amp;ust=1786631499509000&amp;usg=AOvVaw32gRKqQo8Ni2o7TdSii60J|https://ci3.googleusercontent.com/meips/ADKq_NbKEI_U5AuDXKvQtvR_e-1QMph4nAizum5R_BPIbheCa69HQPMiV1P-yc2MKoYfCTFN1lD-dHYkebQ3lEnfQ38eyGGd6VcJ4qr_Sar5dUBeIO3a-LOMUxDs3cXXXRZ1LxvY_8BnJQZKCdATD8gHAiZvhb6xADgGrmTNnfyTU1iNyBGdWMxP-5_onDMoW6tp29gGqgrAxKbngj4PaSeVWTDiNdi29hn84LLXNUzoCmfLUKv1oIOjeX98IGe9tp8iIs0MHeZVxVU4MVOS7uzYGcxYp6CtEeR2PxY=s0-d-e1-ft#https://d15k2d11r6t6rl.cloudfront.net/public/users/Integrators/ae52a6e2-ca6a-4d8e-8944-532f952aae85/c1f77398-2006-11ea-a2ce-126e07b07946/editor_images/w25-170626-sas-block1-bodycare-uae-en-d.jpg|https://exponea-cdn.alshaya.com/alshaya-b-bworks-prod/e/.eJwTUrg76e7OzsBSlly33TynUrZf6TFZtv-DaXfLyRc3zij8ffFEyjujpKSg2Epfv7y8XC8psSQjMS8lKT-lsjy_KLtYLzFVPzVPvzgjv0A3GSiRk1qsn5iTA2cb65ZnJmfDuYYFbHvmHJh9y9GKn4uptFiIM6AoPze_JDM_z8oQKJAspO3kFB4f6uga7-oX75qbmJkTn-qcnxtvYGRgYWQW75qXUhwfkp-SWBnvmJNjxQ3UkivEClYXlaCvD3KVfkliUk6qfgmEXaRfkgIRiTaOxRTEJoKmBcxNySzTT0yySTRJMzFJMzY0SjM1TzRONKlJBdlslZhblAkMFVNjI4d0kIBecn5uTZpBmpllWlJyYlqqkYWBaVIWT1yoq2eLXsv-44qndRuYmAHmy4oI.IJvc34LXq8YG8w/click|https://www.google.com/url?q=https://exponea-cdn.alshaya.com/alshaya-b-bworks-prod/e/.eJwTUrg76e7OzsBSlly33TynUrZf6TFZtv-DaXfLyRc3zij8ffFEyjujpKSg2Epfv7y8XC8psSQjMS8lKT-lsjy_KLtYLzFVPzVPvzgjv0A3GSiRk1qsn5iTA2cb65ZnJmfDuYYFbHvmHJh9y9GKn4uptFiIM6AoPze_JDM_z8oQKJAspO3kFB4f6uga7-oX75qbmJkTn-qcnxtvYGRgYWQW75qXUhwfkp-SWBnvmJNjxQ3UkivEClYXlaCvD3KVfkliUk6qfgmEXaRfkgIRiTaOxRTEJoKmBcxNySzTT0yySTRJMzFJMzY0SjM1TzRONKlJBdlslZhblAkMFVNjI4d0kIBecn5uTZpBmpllWlJyYlqqkYWBaVIWT1yoq2eLXsv-44qndRuYmAHmy4oI.IJvc34LXq8YG8w/click&amp;source=gmail&amp;ust=1786631499509000&amp;usg=AOvVaw1ucLhFJnC3aByKKeIyke5H|https://ci3.googleusercontent.com/meips/ADKq_Nbj13C3bSdIy1yC24a96KyV0okE80XsyS0n07SHmKUY3Sq7iBVFQDsN9kr0JMiuz1tBafnJpz7Uff-MLxWnEImgZPFrM39k89-5J0fjebm-02igz9l8Ok6J-kBJw_o_xvfXuXGqJEc8gJO4y4hCkzMxBvP63Z21PY7cq7pEBXbqZ89KTWoyvOP7RsZ4jZNIUvAYqoKYX2_exAcYAfkabGPEcJMI1HbU8soABgAdYg7Mj6-HuHyDUdx4ha-wNrCXrWPKM-QeBwzr6Wxc23jsk7q3xJLdb7gCIZE3nbmL=s0-d-e1-ft#https://d15k2d11r6t6rl.cloudfront.net/public/users/Integrators/ae52a6e2-ca6a-4d8e-8944-532f952aae85/c1f77398-2006-11ea-a2ce-126e07b07946/editor_images/w25-170626-sas-block2-largecandles-uae-en-d.jpg|https://exponea-cdn.alshaya.com/alshaya-b-bworks-prod/e/.eJwTUrg76e7OzsBSlly33TynUrZf6TFZtv-DaXfLyRc3zij8ffFE6ipTRklJQbGVvn5RUUmZXmJKll5xiX5xRn6BbkFRfm5-SWZ-XrF-cWlubmqRbnFpUUFRZnFqsT1QXXyJrWVeVkVBYYoaiJecmFuQmJmeZ5uam5iZAxZKTEkvyi8tsHVyCo8PdXSNd_WLdwVJxqc65-fGGxgZWBiZxbvmpRTHh-SnJFbGO-ZA9BWlpmQWpSaX2IKdpmrsqGrkBkTl5eV6SYklGYl5KUn5KZXl-UXZxXqJqUCZ1DwggeZmkAiaq1WN3UpLcuOL80uLklNVjV0CYIpVjcxAErlAe0tzgRJgV0IFYf4CCpPgD8MCtj1zDsy-5WjFz8VUWizECbfLyhAokCykTYJhVtxALblCrGB1UQn6-iDv65ckJuWk6pdA2EX6JSkQkWjjWExBbCJIWkxiodyUzDL9xCSbRJM0E5M0Y0OjNFPzRONEkxpwnFol5hZlAoPf1NjIIR0koJecn1uTZpBmZpmWlJyYlmpkYWCalMUTF-rq2aLXsv-44mndBiZmAIHY6lo.DB3BYBT-A_5kbQ/click|https://www.google.com/url?q=https://exponea-cdn.alshaya.com/alshaya-b-bworks-prod/e/.eJwTUrg76e7OzsBSlly33TynUrZf6TFZtv-DaXfLyRc3zij8ffFE6ipTRklJQbGVvn5RUUmZXmJKll5xiX5xRn6BbkFRfm5-SWZ-XrF-cWlubmqRbnFpUUFRZnFqsT1QXXyJrWVeVkVBYYoaiJecmFuQmJmeZ5uam5iZAxZKTEkvyi8tsHVyCo8PdXSNd_WLdwVJxqc65-fGGxgZWBiZxbvmpRTHh-SnJFbGO-ZA9BWlpmQWpSaX2IKdpmrsqGrkBkTl5eV6SYklGYl5KUn5KZXl-UXZxXqJqUCZ1DwggeZmkAiaq1WN3UpLcuOL80uLklNVjV0CYIpVjcxAErlAe0tzgRJgV0IFYf4CCpPgD8MCtj1zDsy-5WjFz8VUWizECbfLyhAokCykTYJhVtxALblCrGB1UQn6-iDv65ckJuWk6pdA2EX6JSkQkWjjWExBbCJIWkxiodyUzDL9xCSbRJM0E5M0Y0OjNFPzRONEkxpwnFol5hZlAoPf1NjIIR0koJecn1uTZpBmZpmWlJyYlmpkYWCalMUTF-rq2aLXsv-44mndBiZmAIHY6lo.DB3BYBT-A_5kbQ/click&amp;source=gmail&amp;ust=1786631499509000&amp;usg=AOvVaw2Y6tHCrpVyJrSf4yh995-u,none,none,none,0,0,0.5466,1,0.2733
adcbalert@adcb.com,Card Control Alert,"ATM Withdrawal Daily Limit setting for your Debit Card XXX2598 has been updated on 01-08-2026 19:16:33. Please contact 600502030 if you have not initiated this request.



For more information on your accounts, please login to ADCB Personal Internet Banking by visiting www.adcb.com or the ADCB Mobile App from your Smartphone.

----------------------------------------------------------------------------------------------------------------------------------------------------

This is an automated email, please do not reply. For clarifications or assistance kindly log on to www.adcb.com or call 600502030.",http://www.adcb.com|https://www.google.com/url?q=http://www.adcb.com&amp;source=gmail&amp;ust=1786631506522000&amp;usg=AOvVaw3zpS4FeCOjc9-ltxoGpalm,none,none,none,0,0,0.3342,0,0.1671
helpdesk@almufeed.ae,PPM Completed ref : PPM-108-1082-Task-2,"Completion report

(Preventive Maintenance)

 

PPM ID: PPM-108-1082-Task-2

 

Your response is valuable to us, and we wanted to let you know how important your thoughts are to the team at Al mufeed. 

 

If you ever have any questions or want to share more, feel free to contact us on our hotline 800660 or kindly reply to this email.

 

Feedback rating: 5/5

 

Raised on:      08/01/2026 00:00:00
Priority:       PPM
Building/Location:      TOWER 108 - VT/23/2304

 

Kind Regards,

 

Al Mufeed Group
T : 800660
www.almufeed.ae
#806, 8th Floor, DAMAC Executive Heights, Tecom
Dubai, U.A.E. P.O. Box 6034",http://www.almufeed.ae|https://www.google.com/url?q=http://www.almufeed.ae&amp;source=gmail&amp;ust=1786631659991000&amp;usg=AOvVaw2giauR9TR1EQBe4_2Syo1R,none,none,none,0,0,0.3164,0,0.1582
noreply@theroxycinemas.com,Verify your email,"MOVIES            PROMOTIONS              LOCATIONS            ROXY PLUS

 


VERIFY YOUR EMAIL ADDRESS
LET'S GET YOUR JOURNEY STARTED!


Hi amritha532@gmail.com

Welcome to The ROXY Cinemas! Before you begin exploring, we need to verify your email address.

Click the button below to activate your account and start your journey across ROXY Cinema's top experiences.

If you didn't create this account, you can simply ignore this email.

We look forward to welcoming you.
The ROXY Cinemas Team





VERIFY EMAIL ADDRESS




  


                            


                                            




Copyright 2025 © Roxy Cinemas. All Rights Reserved. Terms & Conditions Apply.
.  



| FAQs | Privacy Policy |",https://ci3.googleusercontent.com/meips/ADKq_NZUHLUieyY4p0auXHJuiKNvSJAwtNS7A3ZHL-WqoHc3wPsEvI06TrOD9hg9SiySbvu3pGOTCmaCeccvuJQ_iLTGFiF67PgF85JqyXsab5BSy0oAzUVg7Zpa2LutCSDxnji-YTjxFiMF_dOVgQrur2-m-GBXc00p4kxGx40Fp8lqe5W-cS9z=s0-d-e1-ft#https://image.explore.theroxycinemas.com/lib/fe37117373640479751476/m/1/72b080dc-8eba-42f5-bd83-863902d55520.jpg|https://ci3.googleusercontent.com/meips/ADKq_NZUHLUieyY4p0auXHJuiKNvSJAwtNS7A3ZHL-WqoHc3wPsEvI06TrOD9hg9SiySbvu3pGOTCmaCeccvuJQ_iLTGFiF67PgF85JqyXsab5BSy0oAzUVg7Zpa2LutCSDxnji-YTjxFiMF_dOVgQrur2-m-GBXc00p4kxGx40Fp8lqe5W-cS9z=s0-d-e1-ft#https://image.explore.theroxycinemas.com/lib/fe37117373640479751476/m/1/72b080dc-8eba-42f5-bd83-863902d55520.jpg);background-size:600px|https://u32244913.ct.sendgrid.net/ls/click?upn=u001.bsBplbfm7Jh1Wp9gSoS8g-2F9DEY1pz4cUZWiyjJETH-2BIzO9vH1X-2B9sd3cdvlxfmymcgWP_FX2eX3NFpGmw4-2F9Ov9s3vSRIuoWKGjp5-2FGKJ1p98OCzubEmRFR0iuqOQRMBlFPrc-2FzfHPZnGRGkJSw1XoGUX-2BUuII60hYfZaZhCSgZAULB1igbO6HpW9QJWzIgIcDP8kxJR1KDawDJ6jA8LyS3wGZBb5A5yKkiV0o7YbPJrGUIN9GJhPJoceC-2Fok8RbeUFq89JShAXLcMfRelwR-2Brrw0bA-3D-3D|https://www.google.com/url?q=https://u32244913.ct.sendgrid.net/ls/click?upn%3Du001.bsBplbfm7Jh1Wp9gSoS8g-2F9DEY1pz4cUZWiyjJETH-2BIzO9vH1X-2B9sd3cdvlxfmymcgWP_FX2eX3NFpGmw4-2F9Ov9s3vSRIuoWKGjp5-2FGKJ1p98OCzubEmRFR0iuqOQRMBlFPrc-2FzfHPZnGRGkJSw1XoGUX-2BUuII60hYfZaZhCSgZAULB1igbO6HpW9QJWzIgIcDP8kxJR1KDawDJ6jA8LyS3wGZBb5A5yKkiV0o7YbPJrGUIN9GJhPJoceC-2Fok8RbeUFq89JShAXLcMfRelwR-2Brrw0bA-3D-3D&amp;source=gmail&amp;ust=1786631663202000&amp;usg=AOvVaw1xI22vfP_BzOmCfa1UUuDr|https://ci3.googleusercontent.com/meips/ADKq_NZ6MvVjvVF5G2XNZizHIsBFFUvyFEVXi1p3vkzB_6gM-IPZ2KWnWtVMinDFIp9ntBPWGIRmeVFeOnognJRhqVJZAgAi76Kko12IWL6bZW340IQDPd_lIQhC7BXt7aJd4DkNBIGmvug5W2Vc2U3Bz8_u4ZJEQNZHOwk5N3Ds2roG_N1rFncT=s0-d-e1-ft#https://image.explore.theroxycinemas.com/lib/fe37117373640479751476/m/1/14899e14-7f6f-4727-a7e2-42ec914a1ac8.png|https://u32244913.ct.sendgrid.net/ls/click?upn=u001.bsBplbfm7Jh1Wp9gSoS8g-2F9DEY1pz4cUZWiyjJETH-2BIzO9vH1X-2B9sd3cdvlxfmym3ky3_FX2eX3NFpGmw4-2F9Ov9s3vSRIuoWKGjp5-2FGKJ1p98OCzubEmRFR0iuqOQRMBlFPrcsQi2JAhF-2B-2F6i9HtTN9gD2ysIwYiIRaNX22P0FQ48BHzaE1RRqTSosUUPssrBy0hwNDgRZ4XW5OzErt-2B7LWSR3gEaaSkuTR7PYmSq-2BjSsBSmGmiWQjNoFXRcHZDl4hqykMUpYmLuD-2Bh6N3ZIySx-2Bz0w-3D-3D|https://www.google.com/url?q=https://u32244913.ct.sendgrid.net/ls/click?upn%3Du001.bsBplbfm7Jh1Wp9gSoS8g-2F9DEY1pz4cUZWiyjJETH-2BIzO9vH1X-2B9sd3cdvlxfmym3ky3_FX2eX3NFpGmw4-2F9Ov9s3vSRIuoWKGjp5-2FGKJ1p98OCzubEmRFR0iuqOQRMBlFPrcsQi2JAhF-2B-2F6i9HtTN9gD2ysIwYiIRaNX22P0FQ48BHzaE1RRqTSosUUPssrBy0hwNDgRZ4XW5OzErt-2B7LWSR3gEaaSkuTR7PYmSq-2BjSsBSmGmiWQjNoFXRcHZDl4hqykMUpYmLuD-2Bh6N3ZIySx-2Bz0w-3D-3D&amp;source=gmail&amp;ust=1786631663202000&amp;usg=AOvVaw1HDP3lk69T4lnZLGxMV3_b|https://u32244913.ct.sendgrid.net/ls/click?upn=u001.bsBplbfm7Jh1Wp9gSoS8g-2F9DEY1pz4cUZWiyjJETH-2BLxePjnZSO3zOvK7OT-2FytwmYjCscImuKslKC2BXSpRuog-3D-3DLvpG_FX2eX3NFpGmw4-2F9Ov9s3vSRIuoWKGjp5-2FGKJ1p98OCzubEmRFR0iuqOQRMBlFPrcU5qAhyC3Soupb6rDeUUaYEGRMdq6sMV9AkfttqmTGlE1wv2vUx-2Fy1dVz-2BmnEDqSnZS3URihJwL7qnHkR2IeNkFK2Xf-2BiAhFITWVUeZWY4Vk4zRXS5IYwC0Yd4Cz-2BWppdQC5-2F9ofxvcLiHz2wPrh2BQ-3D-3D|https://www.google.com/url?q=https://u32244913.ct.sendgrid.net/ls/click?upn%3Du001.bsBplbfm7Jh1Wp9gSoS8g-2F9DEY1pz4cUZWiyjJETH-2BLxePjnZSO3zOvK7OT-2FytwmYjCscImuKslKC2BXSpRuog-3D-3DLvpG_FX2eX3NFpGmw4-2F9Ov9s3vSRIuoWKGjp5-2FGKJ1p98OCzubEmRFR0iuqOQRMBlFPrcU5qAhyC3Soupb6rDeUUaYEGRMdq6sMV9AkfttqmTGlE1wv2vUx-2Fy1dVz-2BmnEDqSnZS3URihJwL7qnHkR2IeNkFK2Xf-2BiAhFITWVUeZWY4Vk4zRXS5IYwC0Yd4Cz-2BWppdQC5-2F9ofxvcLiHz2wPrh2BQ-3D-3D&amp;source=gmail&amp;ust=1786631663202000&amp;usg=AOvVaw2pg6t2eUQFiocV61MV-02j|https://u32244913.ct.sendgrid.net/ls/click?upn=u001.bsBplbfm7Jh1Wp9gSoS8g-2F9DEY1pz4cUZWiyjJETH-2BIzO9vH1X-2B9sd3cdvlxfmym030-_FX2eX3NFpGmw4-2F9Ov9s3vSRIuoWKGjp5-2FGKJ1p98OCzubEmRFR0iuqOQRMBlFPrcRIzR7zNbrHKNPIyg4RE6BGEgnXa8MZtkYBqHykzZHTnfB5cefgQeh5ghcqOoAisSZMSzKE-2FmAEKUCDATAs8XCyiFYsO18sJpwVtAd7n6iw4SLjZML5A8uN6KVBjLF37bd1Gqbyv41AIPj8t0DfC6BQ-3D-3D|https://www.google.com/url?q=https://u32244913.ct.sendgrid.net/ls/click?upn%3Du001.bsBplbfm7Jh1Wp9gSoS8g-2F9DEY1pz4cUZWiyjJETH-2BIzO9vH1X-2B9sd3cdvlxfmym030-_FX2eX3NFpGmw4-2F9Ov9s3vSRIuoWKGjp5-2FGKJ1p98OCzubEmRFR0iuqOQRMBlFPrcRIzR7zNbrHKNPIyg4RE6BGEgnXa8MZtkYBqHykzZHTnfB5cefgQeh5ghcqOoAisSZMSzKE-2FmAEKUCDATAs8XCyiFYsO18sJpwVtAd7n6iw4SLjZML5A8uN6KVBjLF37bd1Gqbyv41AIPj8t0DfC6BQ-3D-3D&amp;source=gmail&amp;ust=1786631663202000&amp;usg=AOvVaw0ZdxCZb7SBUCrkwkAa705t|https://u32244913.ct.sendgrid.net/ls/click?upn=u001.bsBplbfm7Jh1Wp9gSoS8g-2F9DEY1pz4cUZWiyjJETH-2BJP7FCNs1xApfgrSQqyCHercKNNewQDBC72JjSppPix1Q-3D-3DUfJT_FX2eX3NFpGmw4-2F9Ov9s3vSRIuoWKGjp5-2FGKJ1p98OCzubEmRFR0iuqOQRMBlFPrcr1j7GpoYkfeNWiWk4WS2-2BhyTsNb-2FS-2BiRR3hPCjBF4hAC2FlJEmSHdlPOWTDBeHrnTl2GaBEuA-2BkTXEpMVOVx0QKMzPh5fRL9sP31O8xOhCDX3SVLw9EmxQ-2BCAf2q4AfkpY5D-2FEtz7-2F3tIBn06PDcig-3D-3D|https://www.google.com/url?q=https://u32244913.ct.sendgrid.net/ls/click?upn%3Du001.bsBplbfm7Jh1Wp9gSoS8g-2F9DEY1pz4cUZWiyjJETH-2BJP7FCNs1xApfgrSQqyCHercKNNewQDBC72JjSppPix1Q-3D-3DUfJT_FX2eX3NFpGmw4-2F9Ov9s3vSRIuoWKGjp5-2FGKJ1p98OCzubEmRFR0iuqOQRMBlFPrcr1j7GpoYkfeNWiWk4WS2-2BhyTsNb-2FS-2BiRR3hPCjBF4hAC2FlJEmSHdlPOWTDBeHrnTl2GaBEuA-2BkTXEpMVOVx0QKMzPh5fRL9sP31O8xOhCDX3SVLw9EmxQ-2BCAf2q4AfkpY5D-2FEtz7-2F3tIBn06PDcig-3D-3D&amp;source=gmail&amp;ust=1786631663202000&amp;usg=AOvVaw0hDxV7ALIALtmobGryi9LY|https://u32244913.ct.sendgrid.net/ls/click?upn=u001.bsBplbfm7Jh1Wp9gSoS8gwr4quDyy4rgsDGEL8PpIGVSQXGmA2EUGNJ-2Bjck14fYxGXzNOb2pPGlrkkcizjbQ5hWQTl8qNE4F8mFo78fHQX9UR5OksxqBpIt6fDshNGYsXsIvBHMjYMCHULBbREceDenejZwdItmqfReqe6xKkFs-3DEDwM_FX2eX3NFpGmw4-2F9Ov9s3vSRIuoWKGjp5-2FGKJ1p98OCzubEmRFR0iuqOQRMBlFPrcTssELcvQGmcfdxvJCkskxOWO5l1vzFwOOm62e9kFlrUtVUJjV2P3-2BlEbrXD8F8-2Frj7DRTvKLXN94XMrTSuvjc4jarJjUFFu0gM-2Fd7PdLAAZx9FsVNfFeDddTTQlVJpiYv8jJ1v2cLnEheVKck2LJRw-3D-3D|https://www.google.com/url?q=https://u32244913.ct.sendgrid.net/ls/click?upn%3Du001.bsBplbfm7Jh1Wp9gSoS8gwr4quDyy4rgsDGEL8PpIGVSQXGmA2EUGNJ-2Bjck14fYxGXzNOb2pPGlrkkcizjbQ5hWQTl8qNE4F8mFo78fHQX9UR5OksxqBpIt6fDshNGYsXsIvBHMjYMCHULBbREceDenejZwdItmqfReqe6xKkFs-3DEDwM_FX2eX3NFpGmw4-2F9Ov9s3vSRIuoWKGjp5-2FGKJ1p98OCzubEmRFR0iuqOQRMBlFPrcTssELcvQGmcfdxvJCkskxOWO5l1vzFwOOm62e9kFlrUtVUJjV2P3-2BlEbrXD8F8-2Frj7DRTvKLXN94XMrTSuvjc4jarJjUFFu0gM-2Fd7PdLAAZx9FsVNfFeDddTTQlVJpiYv8jJ1v2cLnEheVKck2LJRw-3D-3D&amp;source=gmail&amp;ust=1786631663202000&amp;usg=AOvVaw2mD9HxAxKIgKLKTTKeyLju|https://ci3.googleusercontent.com/meips/ADKq_NaMN6-Z4XvsKsdPxgKF_QaLd-TSZ3jtfDZWq0VFsejMGCykd_g4etvNJ4qvSDdmIELSkZtRc5i3paGXzcO6D0IUMQUW_mG4KknEMAyJDp1r2AmA61x9NY4BrhIcSr-EQ_ldPj2asykKE5OevzJbPyRuwB1NBw5z4V92TjRQuX4PGBcRvGqi=s0-d-e1-ft#https://image.explore.theroxycinemas.com/lib/fe37117373640479751476/m/1/a017d8a4-eeef-436d-b10d-c129dc91781b.png);background-size:600px|https://u32244913.ct.sendgrid.net/ls/click?upn=u001.bsBplbfm7Jh1Wp9gSoS8g-2F9DEY1pz4cUZWiyjJETH-2BKQYIT6KK82b3kgPcgFiFqfE9MtAbY4YySsFoozeRLZBQ-3D-3DYvyY_FX2eX3NFpGmw4-2F9Ov9s3vSRIuoWKGjp5-2FGKJ1p98OCzubEmRFR0iuqOQRMBlFPrca5XBz-2BdAXek1YFl4ZUgNjjD7xdxxQD48lKcMkPsB-2B1P6WcFVQWq51CcP5fmLYFd9bm-2FCPuwlvzzMYAbU3tJlvIqXXRnLg-2F7FIFVJlQ7OdxtZjjTqIQu2QbVd2-2Fd4AyvJ2U-2F5HwuDP6S-2FIYTGBEyv-2FA-3D-3D|https://www.google.com/url?q=https://u32244913.ct.sendgrid.net/ls/click?upn%3Du001.bsBplbfm7Jh1Wp9gSoS8g-2F9DEY1pz4cUZWiyjJETH-2BKQYIT6KK82b3kgPcgFiFqfE9MtAbY4YySsFoozeRLZBQ-3D-3DYvyY_FX2eX3NFpGmw4-2F9Ov9s3vSRIuoWKGjp5-2FGKJ1p98OCzubEmRFR0iuqOQRMBlFPrca5XBz-2BdAXek1YFl4ZUgNjjD7xdxxQD48lKcMkPsB-2B1P6WcFVQWq51CcP5fmLYFd9bm-2FCPuwlvzzMYAbU3tJlvIqXXRnLg-2F7FIFVJlQ7OdxtZjjTqIQu2QbVd2-2Fd4AyvJ2U-2F5HwuDP6S-2FIYTGBEyv-2FA-3D-3D&amp;source=gmail&amp;ust=1786631663202000&amp;usg=AOvVaw2hvfWqRfhQ5SnHo83S3kuS|https://ci3.googleusercontent.com/meips/ADKq_NbVQk896ZFqgqvD5RLXAuaUoN9vy3ilMAqyQs0nC8Iv2vayaDxgwJNyqHv4cUHMO2ZJk8-5tw-gn1aE4OC8_zl8hjjNopWHwKMq5QKUlXW9-Skn0b60JAmyze_Xc__DUiv74_0CJ9_P9-84IqcTsVXT6X4h0m8vN7-4CVmjmoEujf6rq3fk=s0-d-e1-ft#https://image.explore.theroxycinemas.com/lib/fe37117373640479751476/m/1/db2ded30-314f-4941-856c-152d3a98c2e3.png|https://u32244913.ct.sendgrid.net/ls/click?upn=u001.bsBplbfm7Jh1Wp9gSoS8g7KVWk7r6hzC1FUg89SAj1s62PZATOJ-2FKC9G-2FUkGqVqKVTvwaJi578vUxN4YKCORqxGtuFe7GygRzZiRp61sY7qXmIJJhJGRxG98woCJWZMFipRh_FX2eX3NFpGmw4-2F9Ov9s3vSRIuoWKGjp5-2FGKJ1p98OCzubEmRFR0iuqOQRMBlFPrcbzGDbzPBX-2BLbGR0BTum-2FGCgQ-2F5OXHjVtIaoBGv7MXrkHtRQyMhcbG7gLZISVXOn863aRIEcipQ0oVCj8ZmzBAjOMgSriczMVsJFD-2BWkv-2BlD-2Bo4WVxHAXl6JrbHPCuGdQBI85Y9B8sSI1AXADq3OpDQ-3D-3D,none,none,none,0,1,0.812,1,0.406
cbd.communications@cbd.ae,Think before you click,"View in browser | للّغة العربية اضغط هنا
Dear Customer,
Fraudsters may pretend to be banks, government entities, delivery companies, or other trusted organisations, in an attempt to trick you into sharing personal or banking information.
These attempts may reach you through emails, SMS, social media, messaging apps, websites or phone calls. They often look  legitimate and the fraudsters may use urgency to pressure you into making quick decisions.
Recognising the warning signs can help you stay protected.
You may receive

Unexpected links or attachments



Messages from unfamiliar or unusual email addresses



Calls or messages requesting confidential information



Links directing you to unfamiliar websites



Urgent requests asking you to act immediately
Stay protected


Be cau",https://ci3.googleusercontent.com/meips/ADKq_NZmoe180YBGrfdh9ZgKSfa5legGyPkWMuwH7HDACtWpnL9FnwCJqdXbptdqY5t_fmSLRx1cf1au1aqx4MaQeGdHZzlEn5YwKXvfy750MDGvDEN7W4xyZoOnhenPTOI2jgV8pUxgpAKuhAs0f5tYOLLOXnsc08FAjB9W95c7MNaUBiMoaPSScyVvEC9GmShfAmvaGcYqZyMLzi4elnDPEOtsYbFk-WiOyQQvHRrZz6XupmOGdHMT--c5Oc6bcxkE_vsH6qIItu6QVnSTU4PlbRI-ncDd9wm7ZMmq0DfdBobY_e1y9YWRVGm1QBOuDQ9ZYVb9tuqEwZL0-a1Dx7-dhSmyMfDrWPITa07XrDfW_u5_6UNTxWaXTFwQeDMdmz8JJb7nxXXyNaivzCLg2tSyV1bXHjzRt6c6prTzyazke6dsvoVLmVMmglQVp2v99RErLBPArP0=s0-d-e1-ft#https://elink.clickdimensions.com/o/4/eyJhaSI6NjAyMjQ0MDksImUiOiJtZy1lbmM6UXRLYmNpN09UUWw0OWRHaFFxSzkzWFkxaGRhQWhvNXciLCJyaSI6ImNvbnRhY3QtN2NkYmUxNDNmNzg0ZjExMWEzMjgwMDE1NWQwZGVkMmQtNmVlNDgyNjE2NzYwNDM3Nzg1ODI1MjdmYTYxMDM0NWMiLCJycSI6IjAyLWIyNjIxMS1lZmRhMDllOTkwZjg0MjQ0OTBlYjYzYjA2NTI0Njc0ZCJ9/E_CYQHhnRKPVFHvCSo-BWw|https://elink.clickdimensions.com/c/7/eyJhaSI6NjAyMjQ0MDksImUiOiJtZy1lbmM6UXRLYmNpN09UUWw0OWRHaFFxSzkzWFkxaGRhQWhvNXciLCJyaSI6ImNvbnRhY3QtN2NkYmUxNDNmNzg0ZjExMWEzMjgwMDE1NWQwZGVkMmQtNmVlNDgyNjE2NzYwNDM3Nzg1ODI1MjdmYTYxMDM0NWMiLCJycSI6IjAyLWIyNjIxMS1lZmRhMDllOTkwZjg0MjQ0OTBlYjYzYjA2NTI0Njc0ZCIsIm0iOmZhbHNlLCJ1aSI6IjAiLCJ1biI6IiIsInUiOiJodHRwczovL2NiZC5hZS9nZW5lcmFsL3NlY3VyaXR5L3RoaW5rLWJlZm9yZS15b3UtY2xpY2s_dXRtX3NvdXJjZT1DQkQmdXRtX21lZGl1bT1lbWFpbCZ1dG1fY2FtcGFpZ249ZnJhdWRfanVsJnV0bV90ZXJtPWxpbmsmdXRtX2NvbnRlbnQ9dmlld19pbl9icm93c2VyJl9jbGRlZT1DdFdBY2g0UDJPNTdYX3FsOENVb1pxVk1RcXpmcXVxSU4wcDRBTWVEcG9JbkxvLVQwRnpjdUpEX19fMTdDbWYtJnJlY2lwaWVudGlkPWNvbnRhY3QtN2NkYmUxNDNmNzg0ZjExMWEzMjgwMDE1NWQwZGVkMmQtNmVlNDgyNjE2NzYwNDM3Nzg1ODI1MjdmYTYxMDM0NWMmZXNpZD1jMzJhNjNlMS0xYjhjLWYxMTEtYTM0YS0wMDE1NWQwZTk3Y2MifQ/Qc_nUexss8mFgYfH2-2udw|https://www.google.com/url?q=https://elink.clickdimensions.com/c/7/eyJhaSI6NjAyMjQ0MDksImUiOiJtZy1lbmM6UXRLYmNpN09UUWw0OWRHaFFxSzkzWFkxaGRhQWhvNXciLCJyaSI6ImNvbnRhY3QtN2NkYmUxNDNmNzg0ZjExMWEzMjgwMDE1NWQwZGVkMmQtNmVlNDgyNjE2NzYwNDM3Nzg1ODI1MjdmYTYxMDM0NWMiLCJycSI6IjAyLWIyNjIxMS1lZmRhMDllOTkwZjg0MjQ0OTBlYjYzYjA2NTI0Njc0ZCIsIm0iOmZhbHNlLCJ1aSI6IjAiLCJ1biI6IiIsInUiOiJodHRwczovL2NiZC5hZS9nZW5lcmFsL3NlY3VyaXR5L3RoaW5rLWJlZm9yZS15b3UtY2xpY2s_dXRtX3NvdXJjZT1DQkQmdXRtX21lZGl1bT1lbWFpbCZ1dG1fY2FtcGFpZ249ZnJhdWRfanVsJnV0bV90ZXJtPWxpbmsmdXRtX2NvbnRlbnQ9dmlld19pbl9icm93c2VyJl9jbGRlZT1DdFdBY2g0UDJPNTdYX3FsOENVb1pxVk1RcXpmcXVxSU4wcDRBTWVEcG9JbkxvLVQwRnpjdUpEX19fMTdDbWYtJnJlY2lwaWVudGlkPWNvbnRhY3QtN2NkYmUxNDNmNzg0ZjExMWEzMjgwMDE1NWQwZGVkMmQtNmVlNDgyNjE2NzYwNDM3Nzg1ODI1MjdmYTYxMDM0NWMmZXNpZD1jMzJhNjNlMS0xYjhjLWYxMTEtYTM0YS0wMDE1NWQwZTk3Y2MifQ/Qc_nUexss8mFgYfH2-2udw&amp;source=gmail&amp;ust=1786631661120000&amp;usg=AOvVaw2fc3B3eRjXzcdH-G0aC8_4|https://elink.clickdimensions.com/c/7/eyJhaSI6NjAyMjQ0MDksImUiOiJtZy1lbmM6UXRLYmNpN09UUWw0OWRHaFFxSzkzWFkxaGRhQWhvNXciLCJyaSI6ImNvbnRhY3QtN2NkYmUxNDNmNzg0ZjExMWEzMjgwMDE1NWQwZGVkMmQtNmVlNDgyNjE2NzYwNDM3Nzg1ODI1MjdmYTYxMDM0NWMiLCJycSI6IjAyLWIyNjIxMS1lZmRhMDllOTkwZjg0MjQ0OTBlYjYzYjA2NTI0Njc0ZCIsIm0iOmZhbHNlLCJ1aSI6IjEiLCJ1biI6IiIsInUiOiJodHRwczovL2NiZC5hZS9nZW5lcmFsL2ZpbmFuY2lhbC1saXRlcmFjeS9jcmVkaXQtcHJvZmlsZS1pbXBhY3Q_dXRtX3NvdXJjZT1jYmQmdXRtX21lZGl1bT1lbWFpbCZ1dG1fY2FtcGFpZ249ZmluYW5jaWFsX2xpdGVyYWN5JnV0bV90ZXJtPWxpbmsmdXRtX2NvbnRlbnQ9dmlld19pbl9icm93c2VyJl9jbGRlZT1DdFdBY2g0UDJPNTdYX3FsOENVb1pxVk1RcXpmcXVxSU4wcDRBTWVEcG9JbkxvLVQwRnpjdUpEX19fMTdDbWYtJnJlY2lwaWVudGlkPWNvbnRhY3QtN2NkYmUxNDNmNzg0ZjExMWEzMjgwMDE1NWQwZGVkMmQtNmVlNDgyNjE2NzYwNDM3Nzg1ODI1MjdmYTYxMDM0NWMmZXNpZD1jMzJhNjNlMS0xYjhjLWYxMTEtYTM0YS0wMDE1NWQwZTk3Y2MifQ/WlE1G7lEHfviOotq091hlQ|https://www.google.com/url?q=https://elink.clickdimensions.com/c/7/eyJhaSI6NjAyMjQ0MDksImUiOiJtZy1lbmM6UXRLYmNpN09UUWw0OWRHaFFxSzkzWFkxaGRhQWhvNXciLCJyaSI6ImNvbnRhY3QtN2NkYmUxNDNmNzg0ZjExMWEzMjgwMDE1NWQwZGVkMmQtNmVlNDgyNjE2NzYwNDM3Nzg1ODI1MjdmYTYxMDM0NWMiLCJycSI6IjAyLWIyNjIxMS1lZmRhMDllOTkwZjg0MjQ0OTBlYjYzYjA2NTI0Njc0ZCIsIm0iOmZhbHNlLCJ1aSI6IjEiLCJ1biI6IiIsInUiOiJodHRwczovL2NiZC5hZS9nZW5lcmFsL2ZpbmFuY2lhbC1saXRlcmFjeS9jcmVkaXQtcHJvZmlsZS1pbXBhY3Q_dXRtX3NvdXJjZT1jYmQmdXRtX21lZGl1bT1lbWFpbCZ1dG1fY2FtcGFpZ249ZmluYW5jaWFsX2xpdGVyYWN5JnV0bV90ZXJtPWxpbmsmdXRtX2NvbnRlbnQ9dmlld19pbl9icm93c2VyJl9jbGRlZT1DdFdBY2g0UDJPNTdYX3FsOENVb1pxVk1RcXpmcXVxSU4wcDRBTWVEcG9JbkxvLVQwRnpjdUpEX19fMTdDbWYtJnJlY2lwaWVudGlkPWNvbnRhY3QtN2NkYmUxNDNmNzg0ZjExMWEzMjgwMDE1NWQwZGVkMmQtNmVlNDgyNjE2NzYwNDM3Nzg1ODI1MjdmYTYxMDM0NWMmZXNpZD1jMzJhNjNlMS0xYjhjLWYxMTEtYTM0YS0wMDE1NWQwZTk3Y2MifQ/WlE1G7lEHfviOotq091hlQ&amp;source=gmail&amp;ust=1786631661121000&amp;usg=AOvVaw0ycSf6JBm-XzlPOWiWnk6g|https://elink.clickdimensions.com/c/7/eyJhaSI6NjAyMjQ0MDksImUiOiJtZy1lbmM6UXRLYmNpN09UUWw0OWRHaFFxSzkzWFkxaGRhQWhvNXciLCJyaSI6ImNvbnRhY3QtN2NkYmUxNDNmNzg0ZjExMWEzMjgwMDE1NWQwZGVkMmQtNmVlNDgyNjE2NzYwNDM3Nzg1ODI1MjdmYTYxMDM0NWMiLCJycSI6IjAyLWIyNjIxMS1lZmRhMDllOTkwZjg0MjQ0OTBlYjYzYjA2NTI0Njc0ZCIsIm0iOmZhbHNlLCJ1aSI6IjIiLCJ1biI6IiIsInUiOiJodHRwczovL2NiZC5hZS9hci9nZW5lcmFsL3NlY3VyaXR5L3RoaW5rLWJlZm9yZS15b3UtY2xpY2s_dXRtX3NvdXJjZT1DQkQmdXRtX21lZGl1bT1lbWFpbCZ1dG1fY2FtcGFpZ249ZnJhdWRfanVsJnV0bV90ZXJtPWxpbmsmdXRtX2NvbnRlbnQ9dmlld19pbl9icm93c2VyJl9jbGRlZT1DdFdBY2g0UDJPNTdYX3FsOENVb1pxVk1RcXpmcXVxSU4wcDRBTWVEcG9JbkxvLVQwRnpjdUpEX19fMTdDbWYtJnJlY2lwaWVudGlkPWNvbnRhY3QtN2NkYmUxNDNmNzg0ZjExMWEzMjgwMDE1NWQwZGVkMmQtNmVlNDgyNjE2NzYwNDM3Nzg1ODI1MjdmYTYxMDM0NWMmZXNpZD1jMzJhNjNlMS0xYjhjLWYxMTEtYTM0YS0wMDE1NWQwZTk3Y2MifQ/wTNmuB-RJR-GSJwQvnpbqA|https://www.google.com/url?q=https://elink.clickdimensions.com/c/7/eyJhaSI6NjAyMjQ0MDksImUiOiJtZy1lbmM6UXRLYmNpN09UUWw0OWRHaFFxSzkzWFkxaGRhQWhvNXciLCJyaSI6ImNvbnRhY3QtN2NkYmUxNDNmNzg0ZjExMWEzMjgwMDE1NWQwZGVkMmQtNmVlNDgyNjE2NzYwNDM3Nzg1ODI1MjdmYTYxMDM0NWMiLCJycSI6IjAyLWIyNjIxMS1lZmRhMDllOTkwZjg0MjQ0OTBlYjYzYjA2NTI0Njc0ZCIsIm0iOmZhbHNlLCJ1aSI6IjIiLCJ1biI6IiIsInUiOiJodHRwczovL2NiZC5hZS9hci9nZW5lcmFsL3NlY3VyaXR5L3RoaW5rLWJlZm9yZS15b3UtY2xpY2s_dXRtX3NvdXJjZT1DQkQmdXRtX21lZGl1bT1lbWFpbCZ1dG1fY2FtcGFpZ249ZnJhdWRfanVsJnV0bV90ZXJtPWxpbmsmdXRtX2NvbnRlbnQ9dmlld19pbl9icm93c2VyJl9jbGRlZT1DdFdBY2g0UDJPNTdYX3FsOENVb1pxVk1RcXpmcXVxSU4wcDRBTWVEcG9JbkxvLVQwRnpjdUpEX19fMTdDbWYtJnJlY2lwaWVudGlkPWNvbnRhY3QtN2NkYmUxNDNmNzg0ZjExMWEzMjgwMDE1NWQwZGVkMmQtNmVlNDgyNjE2NzYwNDM3Nzg1ODI1MjdmYTYxMDM0NWMmZXNpZD1jMzJhNjNlMS0xYjhjLWYxMTEtYTM0YS0wMDE1NWQwZTk3Y2MifQ/wTNmuB-RJR-GSJwQvnpbqA&amp;source=gmail&amp;ust=1786631661121000&amp;usg=AOvVaw0IEQCaPigZH9vkmYnUfe2V|https://ci3.googleusercontent.com/meips/ADKq_NYcIgpUf0wBxY3yTJKf0dIBtjf4il5qaU1EawywdwftpI5XpzxKSS8tuV0HR_0VXv3ves9_dvc8txxI0RTDNl588iEdk2ynbTXLBy1doUuN-LGBgraxNW8w=s0-d-e1-ft#https://s1.designmodo.com/postcards/Hero_Banner_copy_3-3de4929f.jpg|https://ci3.googleusercontent.com/meips/ADKq_NZP8yLcABi7axxyWKmClk1qp5YmZaffZrNjo-Ad60gbFGuK4AzrfdGWkmdI0MOUQ_LTc9oLA1vUbSSf4gU3_CBOCu0790rR_6OFv7Q4k9kdUcs=s0-d-e1-ft#https://s1.designmodo.com/postcards/Icon_1__1_1-7b74a37b.png|https://ci3.googleusercontent.com/meips/ADKq_NZLD4gfJ-i_2pP6dyBqc1fRubZ3p4Yfz1y28ABLEDkwVbTdeFKCby1eM7ru7pEuFtYXh-dKaUK68q0Kow_eZBkGLxhwshi9DW5iTGySGoCIDQ=s0-d-e1-ft#https://s1.designmodo.com/postcards/Icon_2_2_2-77b5a655.png|https://ci3.googleusercontent.com/meips/ADKq_NZOfMNNGvBQVsX4J5AfejvjAJ2KNl4JbSTGrewwU3fZgPOb5HiMCN-cL1JFuYlaLsnnkITG05QB659J1CX8SI5Ct0btFQxgu1W2UbcjpVOC1Q=s0-d-e1-ft#https://s1.designmodo.com/postcards/Icon_3_3_3-f43bb493.png|https://ci3.googleusercontent.com/meips/ADKq_NaUEM9VYHr-SogIHEp3OG0Npy7-ew31xWmt4eBZZPLPyLkvpNZKATgnFYiwVRR6OJqvfiuJ1HrKYD_07QtgAx8y46HbucDb6Mkqd6lx4qiQsw=s0-d-e1-ft#https://s1.designmodo.com/postcards/Icon_4_4_2-acd4d39c.png|https://ci3.googleusercontent.com/meips/ADKq_NaEePjd6Q7CB2wa-A-krTbOSmx5uCiKsbQqavxvghTNurqvh24GDvRd_eiFql6yiHd_DDLdnEKCX0kjwlZx9bzdzL2s8rUXdTydlujMWWSaDA=s0-d-e1-ft#https://s1.designmodo.com/postcards/Icon_5_5_2-5d76c177.png|https://ci3.googleusercontent.com/meips/ADKq_NZQZI1Ouob0XDPvkQV0ef_PRv53w7ihSncxc4pa8AwlK-CKdMzi9LJim0fencCk4aB-c0-zvgax33vWsFi7H2pijQjBahh554I0exA=s0-d-e1-ft#https://s1.designmodo.com/postcards/001_1-0cf925c1.png|https://ci3.googleusercontent.com/meips/ADKq_NauN3QwMVxildtjsauc3eifTF0LoBEFReTVfm3WF_s3m6fDXllzrO0DOV3rgrg6P6eLmgXwspZwuQdmjYRmRlbHECptktf1M-nGVmI=s0-d-e1-ft#https://s1.designmodo.com/postcards/002_2-e692803a.png|https://ci3.googleusercontent.com/meips/ADKq_NaE75Po6EeFyMH6wnYiEn3D9Y68Tmcice9uR4Js5TL2XNpApsx027OgQwtIwRqueNTGLlIY-Pai-TGxZHr0aAlGWspsOvScg-PO4pc=s0-d-e1-ft#https://s1.designmodo.com/postcards/003_3-9dcb39bf.png|https://ci3.googleusercontent.com/meips/ADKq_NZ-zTGbtth9Dt7Cdr1zwEyOS6XqqX_Ob8Whnulx78u6sj_-NEGaUQhqZVZaDAnHyvIc0R93m__a1QZoLpc9dmH2uaWjRn9LzoSMWcaF5mm4SBazrvYM9fQQNJs=s0-d-e1-ft#https://s1.designmodo.com/postcards/Separator_line_600_x-51e860e7.jpg|https://elink.clickdimensions.com/c/7/eyJhaSI6NjAyMjQ0MDksImUiOiJtZy1lbmM6UXRLYmNpN09UUWw0OWRHaFFxSzkzWFkxaGRhQWhvNXciLCJyaSI6ImNvbnRhY3QtN2NkYmUxNDNmNzg0ZjExMWEzMjgwMDE1NWQwZGVkMmQtNmVlNDgyNjE2NzYwNDM3Nzg1ODI1MjdmYTYxMDM0NWMiLCJycSI6IjAyLWIyNjIxMS1lZmRhMDllOTkwZjg0MjQ0OTBlYjYzYjA2NTI0Njc0ZCIsIm0iOmZhbHNlLCJ1aSI6IjMiLCJ1biI6IiIsInUiOiJodHRwczovL3d3dy5jYmQuYWUvZ2VuZXJhbC9nZXQtaW4tdG91Y2g_dXRtX3NvdXJjZT1jYmQmdXRtX21lZGl1bT1lbWFpbCZ1dG1fdGVybT1saW5rJnV0bV9jb250ZW50PWNvbnRhY3RzJl9jbGRlZT1DdFdBY2g0UDJPNTdYX3FsOENVb1pxVk1RcXpmcXVxSU4wcDRBTWVEcG9JbkxvLVQwRnpjdUpEX19fMTdDbWYtJnJlY2lwaWVudGlkPWNvbnRhY3QtN2NkYmUxNDNmNzg0ZjExMWEzMjgwMDE1NWQwZGVkMmQtNmVlNDgyNjE2NzYwNDM3Nzg1ODI1MjdmYTYxMDM0NWMmZXNpZD1jMzJhNjNlMS0xYjhjLWYxMTEtYTM0YS0wMDE1NWQwZTk3Y2MifQ/lRWfjRm4I_zvip5l9vWKNg|https://www.google.com/url?q=https://elink.clickdimensions.com/c/7/eyJhaSI6NjAyMjQ0MDksImUiOiJtZy1lbmM6UXRLYmNpN09UUWw0OWRHaFFxSzkzWFkxaGRhQWhvNXciLCJyaSI6ImNvbnRhY3QtN2NkYmUxNDNmNzg0ZjExMWEzMjgwMDE1NWQwZGVkMmQtNmVlNDgyNjE2NzYwNDM3Nzg1ODI1MjdmYTYxMDM0NWMiLCJycSI6IjAyLWIyNjIxMS1lZmRhMDllOTkwZjg0MjQ0OTBlYjYzYjA2NTI0Njc0ZCIsIm0iOmZhbHNlLCJ1aSI6IjMiLCJ1biI6IiIsInUiOiJodHRwczovL3d3dy5jYmQuYWUvZ2VuZXJhbC9nZXQtaW4tdG91Y2g_dXRtX3NvdXJjZT1jYmQmdXRtX21lZGl1bT1lbWFpbCZ1dG1fdGVybT1saW5rJnV0bV9jb250ZW50PWNvbnRhY3RzJl9jbGRlZT1DdFdBY2g0UDJPNTdYX3FsOENVb1pxVk1RcXpmcXVxSU4wcDRBTWVEcG9JbkxvLVQwRnpjdUpEX19fMTdDbWYtJnJlY2lwaWVudGlkPWNvbnRhY3QtN2NkYmUxNDNmNzg0ZjExMWEzMjgwMDE1NWQwZGVkMmQtNmVlNDgyNjE2NzYwNDM3Nzg1ODI1MjdmYTYxMDM0NWMmZXNpZD1jMzJhNjNlMS0xYjhjLWYxMTEtYTM0YS0wMDE1NWQwZTk3Y2MifQ/lRWfjRm4I_zvip5l9vWKNg&amp;source=gmail&amp;ust=1786631661122000&amp;usg=AOvVaw2Pp-QMdE45hSD8RoUasxfr|https://elink.clickdimensions.com/c/7/eyJhaSI6NjAyMjQ0MDksImUiOiJtZy1lbmM6UXRLYmNpN09UUWw0OWRHaFFxSzkzWFkxaGRhQWhvNXciLCJyaSI6ImNvbnRhY3QtN2NkYmUxNDNmNzg0ZjExMWEzMjgwMDE1NWQwZGVkMmQtNmVlNDgyNjE2NzYwNDM3Nzg1ODI1MjdmYTYxMDM0NWMiLCJycSI6IjAyLWIyNjIxMS1lZmRhMDllOTkwZjg0MjQ0OTBlYjYzYjA2NTI0Njc0ZCIsIm0iOmZhbHNlLCJ1aSI6IjQiLCJ1biI6IiIsInUiOiJodHRwczovL2NiZC5hZS9nZW5lcmFsL3NlcnZpY2UtcHJvbWlzZT91dG1fc291cmNlPUNCRCZ1dG1fbWVkaXVtPWVtYWlsJnV0bV90ZXJtPWxpbmsmdXRtX2NvbnRlbnQ9Y29udGFjdHMmX2NsZGVlPUN0V0FjaDRQMk81N1hfcWw4Q1VvWnFWTVFxemZxdXFJTjBwNEFNZURwb0luTG8tVDBGemN1SkRfX18xN0NtZi0mcmVjaXBpZW50aWQ9Y29udGFjdC03Y2RiZTE0M2Y3ODRmMTExYTMyODAwMTU1ZDBkZWQyZC02ZWU0ODI2MTY3NjA0Mzc3ODU4MjUyN2ZhNjEwMzQ1YyZlc2lkPWMzMmE2M2UxLTFiOGMtZjExMS1hMzRhLTAwMTU1ZDBlOTdjYyJ9/lLyMtWWYqSkgbOT9yIIIlA,none,none,none,0,1,0.4382,1,0.2191
Surveys@email.riotgames.com,Riot Games wants your feedback!,"Hello Yolopheonix01!



Thanks for playing our games! We've specifically selected you and want to hear your thoughts about our game. Please click the link below to start our survey. Please be as honest as you can- we value your feedback!

 

This survey link is unique to you, so please do not share it with anyone else. As always, no screenshots or captures of the surveys are allowed. 

Thanks for helping us improve Riot’s games!

TAKE SURVEY
 
 


PRIVACY NOTICE    |    SUPPORT    |    TERMS OF SERVICE



This email was sent to amritha532@gmail.com associated with your Riot ID Yolopheonix01#9845 as a service notification mailing.

© 2026 Riot Games, Inc. Riot Games, League of Legends, Teamfight Tactics, League of Legends: Wild Rift, Legends of Runeterra, Valorant, Riot Forge and any associ",https://link.riotgames.com/f/a/EAiamU8iOzZqDpk9Hk6ZTA~~/AAQRxRA~/Q5xQAA3mGcbwgiHvjL8SRj0QYYHg_-cK4TD2-RqTVhin_tZ5Cz577nlK_W0deLnfJvOms4k3FAhrRxkj_QaMhMKu8k7TleqLL1CimL2ZV8aIv9OfdQShMNMptlG0HJJfH09MrVJ2JLMCizLZhPLoEWcT7eoAebWYiZhTfIT7n1DBhU3k58Lydueu2bNlyEklkjQy5uuN9_AsxWym2UmZikPbESw5N_Zcpu9XjFRJNz5R4q5pJzhfiesY3PcZROHO|https://www.google.com/url?q=https://link.riotgames.com/f/a/EAiamU8iOzZqDpk9Hk6ZTA~~/AAQRxRA~/Q5xQAA3mGcbwgiHvjL8SRj0QYYHg_-cK4TD2-RqTVhin_tZ5Cz577nlK_W0deLnfJvOms4k3FAhrRxkj_QaMhMKu8k7TleqLL1CimL2ZV8aIv9OfdQShMNMptlG0HJJfH09MrVJ2JLMCizLZhPLoEWcT7eoAebWYiZhTfIT7n1DBhU3k58Lydueu2bNlyEklkjQy5uuN9_AsxWym2UmZikPbESw5N_Zcpu9XjFRJNz5R4q5pJzhfiesY3PcZROHO&amp;source=gmail&amp;ust=1786631658077000&amp;usg=AOvVaw1_c43vmcoUqPydFFqjcaZa|https://link.riotgames.com/f/a/Oa_zSfmQPuhkBs0igmKMOw~~/AAQRxRA~/IRmLPcijmc0wyvAfYOjucXanC15N2aPn2wG0CnI0TfVguSFEIPE8doj7YqsPWdL-jXIaGoyZjdHrkFSWF3MVLlOXRM4ODYnrhnu40wbNeu3rm2YUnWXowHVW2CqJIeeBJlrzK0LoZoc3xCPk1b5lbLkT_hp3dSFdiHhSFZKeZ_k~|https://www.google.com/url?q=https://link.riotgames.com/f/a/Oa_zSfmQPuhkBs0igmKMOw~~/AAQRxRA~/IRmLPcijmc0wyvAfYOjucXanC15N2aPn2wG0CnI0TfVguSFEIPE8doj7YqsPWdL-jXIaGoyZjdHrkFSWF3MVLlOXRM4ODYnrhnu40wbNeu3rm2YUnWXowHVW2CqJIeeBJlrzK0LoZoc3xCPk1b5lbLkT_hp3dSFdiHhSFZKeZ_k~&amp;source=gmail&amp;ust=1786631658077000&amp;usg=AOvVaw1LcM2yG7_xV2kFhVupp6HV|https://link.riotgames.com/f/a/FGHU0q8ynxCbMesdq4T7RA~~/AAQRxRA~/6cLvCx8_h2TMvVVOqB--0XOaaBPesJ2DntjX-LkWBVzjvohin8JydpKuD5KLj7UnhbBwiHfJ0cn1ANQECIxZ8IS6bmdcWsju9Q3ZcQjET04naV0SABgstjPfeSOSpr_OxQ951UIkvsgAXJ7rKY4S-w~~|https://www.google.com/url?q=https://link.riotgames.com/f/a/FGHU0q8ynxCbMesdq4T7RA~~/AAQRxRA~/6cLvCx8_h2TMvVVOqB--0XOaaBPesJ2DntjX-LkWBVzjvohin8JydpKuD5KLj7UnhbBwiHfJ0cn1ANQECIxZ8IS6bmdcWsju9Q3ZcQjET04naV0SABgstjPfeSOSpr_OxQ951UIkvsgAXJ7rKY4S-w~~&amp;source=gmail&amp;ust=1786631658077000&amp;usg=AOvVaw3uZIJbczgNL9oJcnxRW4vr|https://link.riotgames.com/f/a/b8GPHsG32Mldevdc9_lv0g~~/AAQRxRA~/Iz7-CxZkYsT1yRoGmdd0KfNS0kzEYyr0zEDozk-XiDPlECsoO13hgq3bz5eqCnasjHOyIvByNGm88xgBSY-_d8Qmi-KD0rFD55T1170aM0Zgn9AZ_2GkGWM5qJAcJElv_4BEzVISPE5FwgtAkA8W6V48-gkjmo2JjScmW59xhrk~|https://www.google.com/url?q=https://link.riotgames.com/f/a/b8GPHsG32Mldevdc9_lv0g~~/AAQRxRA~/Iz7-CxZkYsT1yRoGmdd0KfNS0kzEYyr0zEDozk-XiDPlECsoO13hgq3bz5eqCnasjHOyIvByNGm88xgBSY-_d8Qmi-KD0rFD55T1170aM0Zgn9AZ_2GkGWM5qJAcJElv_4BEzVISPE5FwgtAkA8W6V48-gkjmo2JjScmW59xhrk~&amp;source=gmail&amp;ust=1786631658077000&amp;usg=AOvVaw2IfVDbKaquO7n6P5esYVp-,none,none,none,0,0,0.6942,1,0.3471
newsletters-noreply@linkedin.com,Operationalizing AI within Infrastructure: System and Strategy,"Successful AI integration requires a multi-layered approach with the goal of…
͏ ͏ ͏ ͏ ͏ ͏ ͏ ͏ ͏ ͏  ͏ ͏ ͏ ͏ ͏ ͏ ͏ ͏ ͏ ͏  ͏ ͏ ͏ ͏ ͏ ͏ ͏ ͏ ͏ ͏  ͏ ͏ ͏ ͏ ͏ ͏ ͏ ͏ ͏ ͏  ͏ ͏ ͏ ͏ ͏ ͏ ͏ ͏ ͏ ͏  ͏ ͏ ͏ ͏ ͏ ͏ ͏ ͏ ͏ ͏  ͏ ͏ ͏ ͏ ͏ ͏ ͏ ͏ ͏ ͏  ͏ ͏ ͏ ͏ ͏ ͏ ͏ ͏ ͏ ͏  ͏ ͏ ͏ ͏ ͏ ͏ ͏ ͏ ͏ ͏  ͏ ͏ ͏ ͏ ͏ ͏ ͏ ͏ ͏ ͏  ͏ ͏ ͏ ͏ ͏ ͏ ͏ ͏ ͏ ͏  ͏ ͏ ͏ ͏ ͏ ͏ ͏ ͏ ͏ ͏  ͏ ͏ ͏ ͏ ͏ ͏ ͏ ͏ ͏ ͏  ͏ ͏ ͏ ͏ ͏ ͏ ͏ ͏ ͏ ͏  ͏ ͏ ͏ ͏ ͏ ͏ ͏ ͏ ͏ ͏  ͏ ͏ ͏ ͏ ͏ ͏ ͏ ͏ ͏ ͏ 





Cisco Tech Pulse

Sync up with the latest buzz around Cisco innovations and the brilliant catalysts behind the tech.




Operationalizing AI within Infrastructure: System and Strategy


        Cisco


Read this article on LinkedIn to join the conversation
Read on LinkedIn



Successful AI integration requires a multi-layered approach with the goal of balancing scale with securi",https://www.linkedin.com/comm/feed/?lipi=urn%3Ali%3Apage%3Aemail_email_series_follow_newsletter_02%3BqzF2l87tRlO33OPtJXIEfw%3D%3D&amp;midToken=AQHL0pZM7lEJdQ&amp;midSig=2CRV8n45qi4co1&amp;trk=eml-email_series_follow_newsletter_02-header-0-home_glimmer_static_badging_with_count&amp;trkEmail=eml-email_series_follow_newsletter_02-header-0-home_glimmer_static_badging_with_count-null-e9pve4~ms85sdyb~wn-null-null&amp;eid=e9pve4-ms85sdyb-wn|https://www.google.com/url?q=https://www.linkedin.com/comm/feed/?lipi%3Durn%253Ali%253Apage%253Aemail_email_series_follow_newsletter_02%253BqzF2l87tRlO33OPtJXIEfw%253D%253D%26midToken%3DAQHL0pZM7lEJdQ%26midSig%3D2CRV8n45qi4co1%26trk%3Deml-email_series_follow_newsletter_02-header-0-home_glimmer_static_badging_with_count%26trkEmail%3Deml-email_series_follow_newsletter_02-header-0-home_glimmer_static_badging_with_count-null-e9pve4~ms85sdyb~wn-null-null%26eid%3De9pve4-ms85sdyb-wn&amp;source=gmail&amp;ust=1786631658090000&amp;usg=AOvVaw17ibeuJTIRMG99ZbDimkCo|https://ci3.googleusercontent.com/meips/ADKq_NYi3DPcB2swTXLPmsbqydNvmVFncWLhqC58G2D5OVVc3Ua6bmMUwJZ-C43kXNWdLSgrsvGQ5RYf6FP703WDDcbiss3o4dZTp5kdX0hMbTltTvyfzzg=s0-d-e1-ft#https://static.licdn.com/aero-v1/sc/h/2fp5x7ci191mxbdy1eynscn59|https://www.linkedin.com/comm/messaging/?lipi=urn%3Ali%3Apage%3Aemail_email_series_follow_newsletter_02%3BqzF2l87tRlO33OPtJXIEfw%3D%3D&amp;midToken=AQHL0pZM7lEJdQ&amp;midSig=2CRV8n45qi4co1&amp;trk=eml-email_series_follow_newsletter_02-header-0-messaging_glimmer&amp;trkEmail=eml-email_series_follow_newsletter_02-header-0-messaging_glimmer-null-e9pve4~ms85sdyb~wn-null-null&amp;eid=e9pve4-ms85sdyb-wn|https://www.google.com/url?q=https://www.linkedin.com/comm/messaging/?lipi%3Durn%253Ali%253Apage%253Aemail_email_series_follow_newsletter_02%253BqzF2l87tRlO33OPtJXIEfw%253D%253D%26midToken%3DAQHL0pZM7lEJdQ%26midSig%3D2CRV8n45qi4co1%26trk%3Deml-email_series_follow_newsletter_02-header-0-messaging_glimmer%26trkEmail%3Deml-email_series_follow_newsletter_02-header-0-messaging_glimmer-null-e9pve4~ms85sdyb~wn-null-null%26eid%3De9pve4-ms85sdyb-wn&amp;source=gmail&amp;ust=1786631658090000&amp;usg=AOvVaw05exBxoGbL_xt3KwJhEdob|https://ci3.googleusercontent.com/meips/ADKq_NbDb2Z_2vKjr1YBlH2n5ekD857-EO7ubx3_Z9QR6em0QXpZ1RGVeOVnfVgywd_qOS3brtAF7C1teUZl0ett2oqKmSvI2X5NZSPmmJbbuePGreTLaDo=s0-d-e1-ft#https://static.licdn.com/aero-v1/sc/h/4zo4b28tqisx2lerkp2qoioke|https://www.linkedin.com/comm/mynetwork/?lipi=urn%3Ali%3Apage%3Aemail_email_series_follow_newsletter_02%3BqzF2l87tRlO33OPtJXIEfw%3D%3D&amp;midToken=AQHL0pZM7lEJdQ&amp;midSig=2CRV8n45qi4co1&amp;trk=eml-email_series_follow_newsletter_02-header-0-my_network_glimmer&amp;trkEmail=eml-email_series_follow_newsletter_02-header-0-my_network_glimmer-null-e9pve4~ms85sdyb~wn-null-null&amp;eid=e9pve4-ms85sdyb-wn|https://www.google.com/url?q=https://www.linkedin.com/comm/mynetwork/?lipi%3Durn%253Ali%253Apage%253Aemail_email_series_follow_newsletter_02%253BqzF2l87tRlO33OPtJXIEfw%253D%253D%26midToken%3DAQHL0pZM7lEJdQ%26midSig%3D2CRV8n45qi4co1%26trk%3Deml-email_series_follow_newsletter_02-header-0-my_network_glimmer%26trkEmail%3Deml-email_series_follow_newsletter_02-header-0-my_network_glimmer-null-e9pve4~ms85sdyb~wn-null-null%26eid%3De9pve4-ms85sdyb-wn&amp;source=gmail&amp;ust=1786631658090000&amp;usg=AOvVaw1q9Ptc1KBrIfTjPo-0okMS|https://ci3.googleusercontent.com/meips/ADKq_NZPFIB3eeOgQGmMsAZUWmKbYm0RlG9NaD7YqHXD7gm_kSWHjd-xB49sv-mey-H3E8YlMWgqS-tRsf5hDKi-qfbO6Pfih3r9PFYjTe_w4LfbXteg8oA=s0-d-e1-ft#https://static.licdn.com/aero-v1/sc/h/90lul9r9eny8abld0lh202esc|https://www.linkedin.com/comm/notifications/?lipi=urn%3Ali%3Apage%3Aemail_email_series_follow_newsletter_02%3BqzF2l87tRlO33OPtJXIEfw%3D%3D&amp;midToken=AQHL0pZM7lEJdQ&amp;midSig=2CRV8n45qi4co1&amp;trk=eml-email_series_follow_newsletter_02-header-0-notifications_glimmer&amp;trkEmail=eml-email_series_follow_newsletter_02-header-0-notifications_glimmer-null-e9pve4~ms85sdyb~wn-null-null&amp;eid=e9pve4-ms85sdyb-wn|https://www.google.com/url?q=https://www.linkedin.com/comm/notifications/?lipi%3Durn%253Ali%253Apage%253Aemail_email_series_follow_newsletter_02%253BqzF2l87tRlO33OPtJXIEfw%253D%253D%26midToken%3DAQHL0pZM7lEJdQ%26midSig%3D2CRV8n45qi4co1%26trk%3Deml-email_series_follow_newsletter_02-header-0-notifications_glimmer%26trkEmail%3Deml-email_series_follow_newsletter_02-header-0-notifications_glimmer-null-e9pve4~ms85sdyb~wn-null-null%26eid%3De9pve4-ms85sdyb-wn&amp;source=gmail&amp;ust=1786631658091000&amp;usg=AOvVaw1aWQRoFDDCAiR0DDxF1KUp|https://ci3.googleusercontent.com/meips/ADKq_NYVS_d403EEhXh6QrfcnlgILoKDaPjoLP07UfG4XDcuu3JDtWMEgwVI6QXcumxE2BEej9n5-DVIydK_sYCGMUww3hBn2QZXAQCOeDJSWolinWy71nQ=s0-d-e1-ft#https://static.licdn.com/aero-v1/sc/h/eh1e9j5bszh6p379hn269p3ps|https://www.linkedin.com/comm/newsletters/7289783783778594816?lipi=urn%3Ali%3Apage%3Aemail_email_series_follow_newsletter_02%3BqzF2l87tRlO33OPtJXIEfw%3D%3D&amp;midToken=AQHL0pZM7lEJdQ&amp;midSig=2CRV8n45qi4co1&amp;trk=eml-email_series_follow_newsletter_02-newsletter_entity_lockup-0-newsletter_entity_cta&amp;trkEmail=eml-email_series_follow_newsletter_02-newsletter_entity_lockup-0-newsletter_entity_cta-null-e9pve4~ms85sdyb~wn-null-null&amp;eid=e9pve4-ms85sdyb-wn|https://www.google.com/url?q=https://www.linkedin.com/comm/newsletters/7289783783778594816?lipi%3Durn%253Ali%253Apage%253Aemail_email_series_follow_newsletter_02%253BqzF2l87tRlO33OPtJXIEfw%253D%253D%26midToken%3DAQHL0pZM7lEJdQ%26midSig%3D2CRV8n45qi4co1%26trk%3Deml-email_series_follow_newsletter_02-newsletter_entity_lockup-0-newsletter_entity_cta%26trkEmail%3Deml-email_series_follow_newsletter_02-newsletter_entity_lockup-0-newsletter_entity_cta-null-e9pve4~ms85sdyb~wn-null-null%26eid%3De9pve4-ms85sdyb-wn&amp;source=gmail&amp;ust=1786631658091000&amp;usg=AOvVaw0oH22QiVF2flgdL2kXnF7m|https://ci3.googleusercontent.com/meips/ADKq_NYghoKN0-1N_R8sRoGt3-ajJrgeN363ZUudXtYds-3JaGu6D7GRaIzSopdPf13YuffRFZsxLvCOzCvbz4XK_4Em8C1bQma7GeEeL2V6Fs0cq1L6SJ0cGRVKHz5YBNRo4UW5HkUd6FCLiMIbLYcDY_C26jZsGmhLFOcl1bipp2dBX3N_hd0rTZlgDUQdcNKO_H_9qw48ZFwQob1dWYl5ugx6xCmSwEJUwoakWH6UDoC90cfPCl4tRrCfVcTtfZqx-EyeAmrrH_FBgA1nSYHq31eh0A=s0-d-e1-ft#https://media.licdn.com/dms/image/v2/D5612AQFJppo92IPCLg/series-logo_image-shrink_100_100/B56ZUqCow6GQAg-/0/1740167089544?e=1787184000&amp;v=beta&amp;t=_jwu9YIJpCNnNOivh86MuUorCxU2zx-2qqGsLB8OScU|https://www.linkedin.com/comm/pulse/operationalizing-ai-within-infrastructure-system-strategy-cisco-woyve?lipi=urn%3Ali%3Apage%3Aemail_email_series_follow_newsletter_02%3BqzF2l87tRlO33OPtJXIEfw%3D%3D&amp;midToken=AQHL0pZM7lEJdQ&amp;midSig=2CRV8n45qi4co1&amp;trk=eml-email_series_follow_newsletter_02-newsletter_content_preview-0-headline_&amp;trkEmail=eml-email_series_follow_newsletter_02-newsletter_content_preview-0-headline_-null-e9pve4~ms85sdyb~wn-null-null&amp;eid=e9pve4-ms85sdyb-wn|https://www.google.com/url?q=https://www.linkedin.com/comm/pulse/operationalizing-ai-within-infrastructure-system-strategy-cisco-woyve?lipi%3Durn%253Ali%253Apage%253Aemail_email_series_follow_newsletter_02%253BqzF2l87tRlO33OPtJXIEfw%253D%253D%26midToken%3DAQHL0pZM7lEJdQ%26midSig%3D2CRV8n45qi4co1%26trk%3Deml-email_series_follow_newsletter_02-newsletter_content_preview-0-headline_%26trkEmail%3Deml-email_series_follow_newsletter_02-newsletter_content_preview-0-headline_-null-e9pve4~ms85sdyb~wn-null-null%26eid%3De9pve4-ms85sdyb-wn&amp;source=gmail&amp;ust=1786631658091000&amp;usg=AOvVaw03zWUHehxjd3Z1AACUvwqn|https://ci3.googleusercontent.com/meips/ADKq_NZcTZTUMS5s4qlb493pXc6dZFUxdUuoFwv4jz68xsunC9iqbhcuXPvWmngUc1W6J-Lz3bM2K-D3jGEUQwbw1iOtwz6w57-FkhegeZCGgnBqHtIOqvd0meM0-RiUtAE7mdifLR9FyR8ROOsBbAAvtyKV_iJdeAgWR3U7aaiklw3G7PCD1KsKruZKJsgW36tXnAh9eps_0SmBj0RmoMH49pkHqb0Vrb9xvAiCm1Gzian-zsDfKGu77llqksLC4081Jg86PaKNRz7b7_BrAYnpMrIIXMOBIw=s0-d-e1-ft#https://media.licdn.com/dms/image/v2/D4E12AQFgi3vej4xXig/article-cover_image-shrink_720_1280/B4EZ.0fgwlHMAY-/0/1785439587720?e=1787184000&amp;v=beta&amp;t=qQ-4l4QK96ixBArXfhsH8jYM9U6nJFlwN0Z788R4QYY|https://www.linkedin.com/comm/pulse/operationalizing-ai-within-infrastructure-system-strategy-cisco-woyve?lipi=urn%3Ali%3Apage%3Aemail_email_series_follow_newsletter_02%3BqzF2l87tRlO33OPtJXIEfw%3D%3D&amp;midToken=AQHL0pZM7lEJdQ&amp;midSig=2CRV8n45qi4co1&amp;trk=eml-email_series_follow_newsletter_02-newsletter_content_preview-0-title_&amp;trkEmail=eml-email_series_follow_newsletter_02-newsletter_content_preview-0-title_-null-e9pve4~ms85sdyb~wn-null-null&amp;eid=e9pve4-ms85sdyb-wn|https://www.google.com/url?q=https://www.linkedin.com/comm/pulse/operationalizing-ai-within-infrastructure-system-strategy-cisco-woyve?lipi%3Durn%253Ali%253Apage%253Aemail_email_series_follow_newsletter_02%253BqzF2l87tRlO33OPtJXIEfw%253D%253D%26midToken%3DAQHL0pZM7lEJdQ%26midSig%3D2CRV8n45qi4co1%26trk%3Deml-email_series_follow_newsletter_02-newsletter_content_preview-0-title_%26trkEmail%3Deml-email_series_follow_newsletter_02-newsletter_content_preview-0-title_-null-e9pve4~ms85sdyb~wn-null-null%26eid%3De9pve4-ms85sdyb-wn&amp;source=gmail&amp;ust=1786631658091000&amp;usg=AOvVaw2kdtwRR7tOhKa7ukir4RQZ,none,none,none,0,0,0.6398,0,0.3199
karan.khirani@eccouncil.org,Only 3 Days Left: Save Up to 50% on EC-Council Certifications,"Hello Amritha Anand,

The countdown has officially begun. Only 3 days remain to make the most of our Cybersecurity Awareness Month offer, including up to 50% off our top certifications, now with AI integrated into the training.

From ethical hacking and penetration testing to network defense and digital forensics, this is your opportunity to build the skills shaping the industry's next chapter, and gain a competitive edge that matters.

Don't wait. This is the right time to learn and grow.

AI Security &
Management Track


USD 405
USD 809


USD 599
USD 1,099



USD 405
USD 809


USD 75
USD 149
Vulnerability Assessment &
Penetration Testing Track


USD 199
USD 819


USD 599
USD 1,515



USD 799
USD 1,759


USD 869
USD 1,515

★ LIMITED-TIME BUNDLE OFFER

PEN TEST BUNDLE

Get all 4 VAPT T",https://ci3.googleusercontent.com/meips/ADKq_NahOIxhhFcO3lSPp24PAg_MN_2mQyKdvXFAlwu7vuLRdQ_b5CQEdJeBJdvfLrKjEkW6A5Cpw-D0cPUqqkovepjriW-Efzqld91EhZiejfY9RuHwGuXA35YjFmN3zASPUhEHAhxoEkJ6Fpw=s0-d-e1-ft#https://edm-image.s3.us-west-2.amazonaws.com/2026/July/Cyber-EDM-02/Banner_EDM-2.gif|https://ci3.googleusercontent.com/meips/ADKq_NZxx7_ndbzUfZQukXYN4t3uHQQwc-O-ENIEUuMpRV1_Lmy6ure_Qcdi_8pvmC5n8GhODSgSa6caxMoupkSP7yoca7nACrISjQDrKzjCd0aVEvSaw5HYBuXKffpTO5L54ZvCvv4d=s0-d-e1-ft#https://edm-image.s3.us-west-2.amazonaws.com/2026/July/Cyber-EDM-02/CTA-Btn.png|https://ci3.googleusercontent.com/meips/ADKq_Nbkj9fH-sv8f1fQHMbS_2t5hNIlAv9a_dp4Mq7lYbLala20TpSC-B4pSl6rkBBXPvJPGTX9RpsUukZ_HqzndRERsaAQJXAnKmSKsV_E7SrDj2pfJmiEpfTYb5KD6VFm82hFHSIFISCpsw=s0-d-e1-ft#https://edm-image.s3.us-west-2.amazonaws.com/2026/June/Sales-Templete-EDM/CAIPM.png|https://ci3.googleusercontent.com/meips/ADKq_NaKJkQX0tPgJ7xdUdYPbUyEaBw_r5FUnMLxBhna7UjjVif8GLDTl0IB2vWHgZaDY_3WZtRBsywhNHZti-mDnH0CuoMZq61fwkQPxUt7MFxTPEL1nYUc4nkBJSK-7uVWg4PGzJARzt9jjA=s0-d-e1-ft#https://edm-image.s3.us-west-2.amazonaws.com/2026/June/Sales-Templete-EDM/COASP.png|https://ci3.googleusercontent.com/meips/ADKq_NYtBLu52oxRA3P8CEHF6zM-EoK9uL06y4i4hnalB2XaOlroBBz35igoPQf_Wh8Tw0YUNm8lliNe5xYA9jRs9dU1rsDbf_XcA-bVxJYfw05u1KNu9OJkYnIkXLu2hmZqz3zbgUYltORm9g=s0-d-e1-ft#https://edm-image.s3.us-west-2.amazonaws.com/2026/June/Sales-Templete-EDM/CRAGE.png|https://ci3.googleusercontent.com/meips/ADKq_NZakTyeLAUOFS-3kHfk650ZbdFIH9IISUQSs8M5VrBMiEmlyaDONswzHaA-jLMZ1A5tXlrp1KCyr_o5oWT9kFuugI_CEcvhy9DqQtl382f3_4jmUR7_VLcajeliE3cenaPLj24NzV0=s0-d-e1-ft#https://edm-image.s3.us-west-2.amazonaws.com/2026/June/Sales-Templete-EDM/AIE.png|https://ci3.googleusercontent.com/meips/ADKq_NZKFCkjMmRJ4t5C3jfRUG_bTdCdqU1DPln44YPoYUBRpCVIFumzlCcLElrghVbJV2VQU4Oo6hswPZBCS5zg-enZHtFpU9n2K4Tqc9sNu3JTN4HL2ielrFSkSn10JJJ-ETnHh4tofja_YQ=s0-d-e1-ft#https://edm-image.s3.us-west-2.amazonaws.com/2026/June/Sales-Templete-EDM/CCT-R.png|https://ci3.googleusercontent.com/meips/ADKq_Na6Nocm0CxvvdbXEdpkcdGjV_bUHj2qcbxbJNJIPJ7j8Dcc8LKJ_Q5UAFSg74e8sVlORtbzPviVa2RQ5onmFHl7Pt7DwpNH_MKJDnabwMHIjHtK9tb1_DPQ558dihJr0IDpIJkA3730VA=s0-d-e1-ft#https://edm-image.s3.us-west-2.amazonaws.com/2026/June/Sales-Templete-EDM/CND-R.png|https://ci3.googleusercontent.com/meips/ADKq_NbPSTkez5DyjgY_CsQFLFsYQRsyDPYsz0Vpgh7l9FPFWNWKyGs9UlqbNbLXdUKg_H5JoGwBTE-oLCrzXhX1NbN1hy9uzp678WhsUIJTU7AD1vytYazAC3V2Q1dcXudT3jNbAxJo84tQ4Q=s0-d-e1-ft#https://edm-image.s3.us-west-2.amazonaws.com/2026/June/Sales-Templete-EDM/CEH-R.png|https://ci3.googleusercontent.com/meips/ADKq_NanPfw1dKqCbVzjMrXskIG6BoHlJTvRfp4fYGY4fUv6y39qLxTSWsqhYunvJc9ulL79lEWgfKzJvZUCN5gtkcFzDs7PB2W6s-uiEaOdOUl08xmOxWNJ9YIK5U4W5wwG8akzPMC6XYg8UekT=s0-d-e1-ft#https://edm-image.s3.us-west-2.amazonaws.com/2026/June/Sales-Templete-EDM/CPENT-R.png|https://ci3.googleusercontent.com/meips/ADKq_NY6QhM1XvlBjihKL-DkOEDLf1ctEwIBJA_3dKyIJFaKnSKV9iw3yUMIhrlqhK_iKDdoAW1okW9uOPQRtoO8tV4AWTxmSQ7Q9xfDfLk7Ej4CDgOJf6UWxyH25dqexx85kXjoRCLD4qEAol8iDw4chQ=s0-d-e1-ft#https://edm-image.s3.us-west-2.amazonaws.com/2026/June/Sales-Templete-EDM/Inquire-Btn.png|https://ci3.googleusercontent.com/meips/ADKq_NbpuFbN8_j8ShewO1a0IoCqxctGenVNgkbK8F0wGwaM456NahpmWKhMRT93s9Oqb_FthTOpCwIKmBnZx5Ox_dv4bnBZz_wocy83xsh0hjjGSPQmzKWfrwDDI24NOhcXrJcH4E01jtyVpg=s0-d-e1-ft#https://edm-image.s3.us-west-2.amazonaws.com/2026/June/Sales-Templete-EDM/CCT-G.png|https://ci3.googleusercontent.com/meips/ADKq_NaIf_DwB5lU73QwyVWa3R0r7couQe2gwdx0AMr_M2JDsK50OoAgR8sZhFFH_ULUouJ67Dnbw7vGx104AJyf5EFHfpsf3aJ6BKtP3onRTgt4A_txpQsKb_idITQiO1acpdH2ggvATv4bNA=s0-d-e1-ft#https://edm-image.s3.us-west-2.amazonaws.com/2026/June/Sales-Templete-EDM/CND-G.png|https://ci3.googleusercontent.com/meips/ADKq_NbWAdyteokN7RFRooxyNSOzbkiLgbIGmV9Rqr4bI2FO-5ZWQ19UooMX6smQKCIZ0HlSCQ5K7Pswumf6xH_nceOgDs3EEXZZIkXgI3gH-btlYQ8BQJKEiMddSE18bTahI8p1QuFG3_RMgQ=s0-d-e1-ft#https://edm-image.s3.us-west-2.amazonaws.com/2026/June/Sales-Templete-EDM/CSA-G.png|https://ci3.googleusercontent.com/meips/ADKq_NaiNIvVsK1YOwxJOPo7Kk0nUfF42FY9P36tBDnFQbzyYMaOfZldxi-uZF44cidfV90eBlLvsnxy3wrbsmrCyCpjx3vGH2frw5hxLzxl3pJ1pXcg3Ly5bprOmNcx1kpi3reBH6J2qGOWHfg=s0-d-e1-ft#https://edm-image.s3.us-west-2.amazonaws.com/2026/June/Sales-Templete-EDM/CTIA-G.png|https://ci3.googleusercontent.com/meips/ADKq_NYYJOOR_WBB4DKHrp08ow1emKHnFy9NzcW7XkGKwrYdy6FzjdIeTJseI3n06R3i6hPVB_b7TuZakG8HAPK5dGSSeRtory2tdUQPPcDssn9uSG9ShscLnpo56clmkFOchI_EmQm0b-iF8sA=s0-d-e1-ft#https://edm-image.s3.us-west-2.amazonaws.com/2026/June/Sales-Templete-EDM/ECIH-G.png|https://ci3.googleusercontent.com/meips/ADKq_NaxMqFGb6SOMbvK68Usmn-IQdazdShq3nfBb0KZ0XY45aGOiFTDCaO95r29V2cfL-9f-7784nx0Qx5tbfkxV3LoKRIsWOzXQh5HUej7wFqHZqou-Dbr1sZ7kM6eoJTLfW1cQAbeLwAZIg=s0-d-e1-ft#https://edm-image.s3.us-west-2.amazonaws.com/2026/June/Sales-Templete-EDM/CEH-G.png|https://ci3.googleusercontent.com/meips/ADKq_NbNgPEWLWs_LwUSyI70sCAYKz-6w-ygWJqhHpQeTHfz5Op-y6a7hT2X0MJx7i6pQKcf9ZVu1id80kXF_2zykXskiCfG2H0qAq561DtX0YcZ8zXBLuMabXw5rs8E2nZMeu-4gwKGs__N5w=s0-d-e1-ft#https://edm-image.s3.us-west-2.amazonaws.com/2026/June/Sales-Templete-EDM/CCT-P.png|https://ci3.googleusercontent.com/meips/ADKq_NYc8rGa3BmYi30dMG472scknwaP_1wZYU32xkHqO1BRcViEcOn7V4X5ZsaexSRiA-q48DucNF-5vNZvN-NxVigINpj_ooHDXvFZyKtH7-lHmShlO_K6NZXtchLd4kByW-XKZLBjPLblVA=s0-d-e1-ft#https://edm-image.s3.us-west-2.amazonaws.com/2026/June/Sales-Templete-EDM/CND-P.png|https://ci3.googleusercontent.com/meips/ADKq_NZukmekyjLtpmLlLpRsVUxz5CLFKRbLHiNe_fg-NHeklgbpySnH0bI2rTGK0-1Ttnxi5a49eJZfsSktcDxeBRAphKGrmpxL4frUcB6uhCoiIuy0043Uw2JLNvbue5jbpBBpeH8w3rKO6Q=s0-d-e1-ft#https://edm-image.s3.us-west-2.amazonaws.com/2026/June/Sales-Templete-EDM/CEH-P.png,none,none,none,1,0,0.7846,1,0.6077
no-reply@sampark.gov.in,New India Samachar,"Having trouble reading this email? View it in your mobile/ web browser

प्रिय पाठकों,

आज राष्ट्र विकसित भारत के संकल्प को साकार करने में जुटा हुआ है। इस संकल्प को साकार करने के लिए हम सबने पंच प्रण लिए थे। उनमें से एक प्रण यह था कि हम अपने आप को गुलामी की मानसिकता से पूरी तरह मुक्त करेंगे। देश को भारतीय सोच एवं भारतीय पहचान के साथ एक आत्मनिर्भर राष्ट्र बनाएंगे। इस प्रण की पूर्ति की दिशा में सरकार ने 1 जुलाई, 2024 को औपनिवेशिक युग के तीन कानूनों को रद्द करते हुए न्याय की भारतीय अवधारणा पर आधारित तीन नए कानून लागू किए। भारतीय दंड संहिता 1860, आपराधिक प्रक्रिया संहिता 1898, और भारतीय साक्ष्य अधिनियम 1872 के बदले में देश में भारतीय न्याय संहिता, भारतीय नागरिक सुरक्षा संहिता और भारतीय साक्ष्य अधिनियम लागू किए गए। इन कानूनों का उद्देश्य व्यक्ति की स्वतंत्रता, सुरक्षा और मानव अधिकारों को प्राथमि",https://jan-sampark.nic.in/jansampark/click.jsp?tab=pmo&amp;urlid=88f0fb638a0a9eb2d8cc9549448ae63ebd8d77b2&amp;lat=2026&amp;mid=01b310c9521a57ec1d7f2254628e4148eee5a9fc|https://www.google.com/url?q=https://jan-sampark.nic.in/jansampark/click.jsp?tab%3Dpmo%26urlid%3D88f0fb638a0a9eb2d8cc9549448ae63ebd8d77b2%26lat%3D2026%26mid%3D01b310c9521a57ec1d7f2254628e4148eee5a9fc&amp;source=gmail&amp;ust=1786631665594000&amp;usg=AOvVaw0nf2VzG0ai-yt4X9zoDjYr|https://jan-sampark.nic.in/jansampark/click.jsp?tab=pmo&amp;urlid=a1fcf977ed8309a8d036371c1f38e74b311327d1&amp;lat=2026&amp;mid=01b310c9521a57ec1d7f2254628e4148eee5a9fc|https://www.google.com/url?q=https://jan-sampark.nic.in/jansampark/click.jsp?tab%3Dpmo%26urlid%3Da1fcf977ed8309a8d036371c1f38e74b311327d1%26lat%3D2026%26mid%3D01b310c9521a57ec1d7f2254628e4148eee5a9fc&amp;source=gmail&amp;ust=1786631665594000&amp;usg=AOvVaw0wWMf7KKtstSMPxTHIBmPa|https://ci3.googleusercontent.com/meips/ADKq_NYIQh8uTHBjYfi6wnTm-4ZIQX8q93m67jpKXFzMGvfFEqcMuw1SZLlzMFlYLHa6cPNhS3aaAOopqOjjTwo0ud7d5_FGMZjEf_0bTPuyU2gl_yPInRQOyvNaGgg=s0-d-e1-ft#https://jan-sampark.nic.in/campaigns/2026/23-Jul/NIS/images/Hindi.jpg|https://jan-sampark.nic.in/jansampark/click.jsp?tab=pmo&amp;urlid=1e6faf6e46a8c02c071f571cab7558da408f8c0d&amp;lat=2026&amp;mid=01b310c9521a57ec1d7f2254628e4148eee5a9fc|https://www.google.com/url?q=https://jan-sampark.nic.in/jansampark/click.jsp?tab%3Dpmo%26urlid%3D1e6faf6e46a8c02c071f571cab7558da408f8c0d%26lat%3D2026%26mid%3D01b310c9521a57ec1d7f2254628e4148eee5a9fc&amp;source=gmail&amp;ust=1786631665595000&amp;usg=AOvVaw01ZOvil_4QeNMNfTk2tsqg|https://ci3.googleusercontent.com/meips/ADKq_NZse0ABMyxXpHIgOgzqZL6iNiM3P67D-BTS5ue-cuFK9deUR11SBYLFZ1jlrKAuE4T8q0wIRTM9Goi5H6ybeIsvh5OTXKakR0Cn1Fen50fSSombWf97CdEda7kPpg=s0-d-e1-ft#https://jan-sampark.nic.in/campaigns/2026/23-Jul/NIS/images/English.jpg|https://jan-sampark.nic.in/jansampark/click.jsp?tab=pmo&amp;urlid=3e9663bce3f96bb84c3f7071857ab48133ddd38b&amp;lat=2026&amp;mid=01b310c9521a57ec1d7f2254628e4148eee5a9fc|https://www.google.com/url?q=https://jan-sampark.nic.in/jansampark/click.jsp?tab%3Dpmo%26urlid%3D3e9663bce3f96bb84c3f7071857ab48133ddd38b%26lat%3D2026%26mid%3D01b310c9521a57ec1d7f2254628e4148eee5a9fc&amp;source=gmail&amp;ust=1786631665595000&amp;usg=AOvVaw0geyaqAN1V78PJ-aPv-KFg|https://ci3.googleusercontent.com/meips/ADKq_NZO-FfiUEtk27rxE_ohAcQjcTN1YlFZk8m9tHZmlugBk3iQGK-1W-yRbd_pmqncIVZzWM473CBso7GeeJgJVinlu1sm1JJfmA4B1urE-AlCNPZVaFW_tbLorP_kIA=s0-d-e1-ft#https://jan-sampark.nic.in/campaigns/2026/23-Jul/NIS/images/Gujrati.jpg|https://jan-sampark.nic.in/jansampark/click.jsp?tab=pmo&amp;urlid=544617ba0ad448276ff0c15ffa3d145079ad74a1&amp;lat=2026&amp;mid=01b310c9521a57ec1d7f2254628e4148eee5a9fc|https://www.google.com/url?q=https://jan-sampark.nic.in/jansampark/click.jsp?tab%3Dpmo%26urlid%3D544617ba0ad448276ff0c15ffa3d145079ad74a1%26lat%3D2026%26mid%3D01b310c9521a57ec1d7f2254628e4148eee5a9fc&amp;source=gmail&amp;ust=1786631665595000&amp;usg=AOvVaw3UjUB7u3XFJOKiGxu0zUxS|https://ci3.googleusercontent.com/meips/ADKq_NaDZJ_1h9sU8gyUqPmK7n3-iCEkx3NNkF5412NTfHuIpsTD5pxwSKXzi50PE-gExhQ1zBEoqWFAK18vIGKP7K3mdCn8Hp7K5suhvfDBYF1wh7-MMDp3m7JKTAIJMA=s0-d-e1-ft#https://jan-sampark.nic.in/campaigns/2026/23-Jul/NIS/images/Marathi.jpg|https://jan-sampark.nic.in/jansampark/click.jsp?tab=pmo&amp;urlid=05f7e793f158598b1b7f8406fde124b4b9df7f12&amp;lat=2026&amp;mid=01b310c9521a57ec1d7f2254628e4148eee5a9fc|https://www.google.com/url?q=https://jan-sampark.nic.in/jansampark/click.jsp?tab%3Dpmo%26urlid%3D05f7e793f158598b1b7f8406fde124b4b9df7f12%26lat%3D2026%26mid%3D01b310c9521a57ec1d7f2254628e4148eee5a9fc&amp;source=gmail&amp;ust=1786631665595000&amp;usg=AOvVaw1r7mpvuGghIsFy9TpOx28I|https://ci3.googleusercontent.com/meips/ADKq_Na9Bt8_-YXidweidNKpjFdiAwK9C5Cv8jJnfTtPevOdGAyLDaHHB9KVnzTS-JefSbaG2yplkTAYXNgd6c32a44FAUGJtjuu0Dter68oXZcTkh_cfmuawflrlJc=s0-d-e1-ft#https://jan-sampark.nic.in/campaigns/2026/23-Jul/NIS/images/Tamil.jpg|https://jan-sampark.nic.in/jansampark/click.jsp?tab=pmo&amp;urlid=94b9ebb510aaa667be461e40bdf8726d74771209&amp;lat=2026&amp;mid=01b310c9521a57ec1d7f2254628e4148eee5a9fc|https://www.google.com/url?q=https://jan-sampark.nic.in/jansampark/click.jsp?tab%3Dpmo%26urlid%3D94b9ebb510aaa667be461e40bdf8726d74771209%26lat%3D2026%26mid%3D01b310c9521a57ec1d7f2254628e4148eee5a9fc&amp;source=gmail&amp;ust=1786631665595000&amp;usg=AOvVaw2QRwIRwvNMKGwhdWKNOkbK|https://ci3.googleusercontent.com/meips/ADKq_NZtNSRXlEkVeinDxsVq8UjehCtCW7DkFy3KjtsKozbeCToGopl9O1Paf1uFEOKERhFaoAbr0_Z-HHqQ4_W0E8XsxmUq8N0mJp_mW7puNE2gVwJ7kAdQ6K4ex-2-bQ=s0-d-e1-ft#https://jan-sampark.nic.in/campaigns/2026/23-Jul/NIS/images/Kannada.jpg,none,none,none,1,0,0.9944,1,0.4972
noreply@x.ai,New login to your SpaceXAI account,"We've noticed a new login

Hi Amritha,

We're notifying you by email of a new login to your SpaceXAI account:

Time: Thu, 6 Aug 2026 14:04:56 +0000
IP address: 2a00:f29:1119:12c5:b5f0:98bb:c649:cc62
Location: Dubai, AE
Browser: Mozilla/5.0 (Windows NT 10.0; Win64; x64) AppleWebKit/537.36 (KHTML, like Gecko) Chrome/151.0.0.0 Safari/537.36

If you notice any suspicious activity on your account, please change your password and enable two-factor authentication.



SpaceXAI Team





© 2026 X.AI LLC


For questions contact support@x.ai
...

[Message clipped]  View entire message",https://ci3.googleusercontent.com/meips/ADKq_NaZuki3NW2rTVk-Npby87b_F7Yj0ahOL-JpRY3o1YJtTt0m4lzORjECZwRstY6hUSC_dGFEW46hSYwqsikTKHI1VmUz-TUAplWzrJQ_XAaXLA=s0-d-e1-ft#https://data.x.ai/email-attachments/spacexai-logo-light.png|http://151.0.0.0|https://www.google.com/url?q=http://151.0.0.0&amp;source=gmail&amp;ust=1786723985361000&amp;usg=AOvVaw0RrQkrrOin3baXxk82LTG2|https://accounts.x.ai/change-password|https://www.google.com/url?q=https://accounts.x.ai/change-password&amp;source=gmail&amp;ust=1786723985361000&amp;usg=AOvVaw30sXqb71OE3gBY8xTEoU3z|http://X.AI|https://www.google.com/url?q=http://X.AI&amp;source=gmail&amp;ust=1786723985361000&amp;usg=AOvVaw1gmRMWPDG9R4FT4dEZVtW9|https://mail.google.com/mail/u/1?ui=2&amp;ik=1b301268b0&amp;view=lg&amp;permmsgid=msg-f:1872783058694204508,none,none,none,1,0,0.7586,1,0.6207
noreply@talabat.com,Your service charges Receipt,"Download
Download



Just dropping off your receipt.

Open the attachment for your payment breakdown.





	
 
 
 



You’re receiving these emails because you signed up to talabat.",https://ci3.googleusercontent.com/meips/ADKq_NZlUBSRYXs9YX6E1e0wGTIN334zU7quwQ-_A1s7bAXGi3tidTydZd8iaR2yEuCHGk5JIz_s9GxwuPxceMs6_jhvpvhqsMyj_hjTf1Uy2TUXi1naFnjP8sNsKMY0Dq2DvzTQYtocdi1wEjzkdiQ_wu9xzMMNOEjSdpPwvx_DjZ1wQjkWlscAzberGuQPz3Rx=s0-d-e1-ft#https://braze-images.com/appboy/communication/assets/image_assets/images/678dfe4195ac23006411e087/original.png?1737358913|https://ci3.googleusercontent.com/meips/ADKq_NYWrfPMtRmpY1zYmQebN3ahCTPUxKpQ-yVMPI9OIlu78wF9xwA2jlkGzBho5SWSEi2KweGq9B63jpmos6pI9OkVbHsELQMG7pfGa0EcLO9IKhInJ7TGkk3r7wt0WO6NOA0PLj7yQ_TqPTj4Z_HHBq6d5i-ASsXeI45_xomgcCZIRUUGHlgb3hBUpphbvHsZ=s0-d-e1-ft#https://braze-images.com/appboy/communication/assets/image_assets/images/678df91c8af65f0063e065d7/original.png?1737357595|https://ci3.googleusercontent.com/meips/ADKq_NYWFbF3mLSe-o2qhjSTi2M7Hxx4XFs6PgN0uys1bjcAebo4i-6mPbwzbHESbe-14C6jB9y_Bu_0vGGZ20k0bbYvos72_Hl3DsT-WVB3Uxh8s_gfufWYb8bliDlFTWrqgvbl0xwp42M77NRsdmUn23kTPwnk3z-zva70jmn8hngA1Ne4xh27SQOK_mDw0jST=s0-d-e1-ft#https://braze-images.com/appboy/communication/assets/image_assets/images/66c4ee770d22440071e45424/original.png?1724182135|http://url8707.talabat.com/ls/click?upn=u001.DpzgeX5tlJMn48wzUQah0-2FvXJsfcc5c2HhteO5Y6DAtzzFB5z91HAfF7fA9c2-2BdZUsCXSmUAP9WOqSgBmMUf82DqqUcUrDwLdQfuTQMm4oDXzVjbmfr3nEN9hUi2pJfEQwUp_FX2eX3NFpGmw4-2F9Ov9s3vSRIuoWKGjp5-2FGKJ1p98OCy-2BjX7KeFv7XVALMwmwEKEDbHQjJULEICDndfovsrvxxFmLcr9MXIlTkCwsaJBR2mYEcj8aVbajGctSUjZb8eWv9Op2bCKfk4bsq77XwIA6alhdTV41jo3V-2BaPEO945r-2FjfeWct95ey9Jw7ewpHqP9nieVWEvvDpLCtcx-2BQOFaRlA-3D-3D|https://www.google.com/url?q=http://url8707.talabat.com/ls/click?upn%3Du001.DpzgeX5tlJMn48wzUQah0-2FvXJsfcc5c2HhteO5Y6DAtzzFB5z91HAfF7fA9c2-2BdZUsCXSmUAP9WOqSgBmMUf82DqqUcUrDwLdQfuTQMm4oDXzVjbmfr3nEN9hUi2pJfEQwUp_FX2eX3NFpGmw4-2F9Ov9s3vSRIuoWKGjp5-2FGKJ1p98OCy-2BjX7KeFv7XVALMwmwEKEDbHQjJULEICDndfovsrvxxFmLcr9MXIlTkCwsaJBR2mYEcj8aVbajGctSUjZb8eWv9Op2bCKfk4bsq77XwIA6alhdTV41jo3V-2BaPEO945r-2FjfeWct95ey9Jw7ewpHqP9nieVWEvvDpLCtcx-2BQOFaRlA-3D-3D&amp;source=gmail&amp;ust=1786723985376000&amp;usg=AOvVaw2OkqldS9X05nE9ChOV9Y4c|https://ci3.googleusercontent.com/meips/ADKq_Nbnqp_OunpbnWjU6BLJT-5CGi2xM8HbImYEW2ZHVk3SLQZ4MXZUxSlU1I4CoYYgm87LjEYKxQ6oimuCeU12iyBMrpKiFcwRTQC1Eg9Sa65eAkJ9IDR0Q86ClnIbGPjc8B4lyf2h1TmI8BTrxz_prTsbnvYRRuNQgFJh6873coH9OopSjkrQl27flkpega6g=s0-d-e1-ft#https://braze-images.com/appboy/communication/assets/image_assets/images/678dfe906e821a0063b5bed1/original.png?1737358992|http://url8707.talabat.com/ls/click?upn=u001.DpzgeX5tlJMn48wzUQah01H3n7-2F4oGQX44qA-2FJrCve2cXzYgzj1guQnHndOOT5hEF7azaISS4NfU-2FIstQZO9rh7YoeoPqmeys9lWXbWhW1bbfPS7Uigw8JHOEYcldWXls1poqPxjRzhbJz-2BkmrkUwQ-3D-3DquBW_FX2eX3NFpGmw4-2F9Ov9s3vSRIuoWKGjp5-2FGKJ1p98OCy-2BjX7KeFv7XVALMwmwEKED6VSKccVq7NHxN5eLAWdrHKzoeoiif3Ghr9accHVOfDzKAY7hZajYlzm3d0amqhYOcqBnN2tTiEWGRk1PN5m6fuG7siqGT-2FRCvMuLkaVFPwlBnB8fCHrr53lPAbHhZLgbLN1TH6937zo6UTtOu2-2FugA-3D-3D|https://www.google.com/url?q=http://url8707.talabat.com/ls/click?upn%3Du001.DpzgeX5tlJMn48wzUQah01H3n7-2F4oGQX44qA-2FJrCve2cXzYgzj1guQnHndOOT5hEF7azaISS4NfU-2FIstQZO9rh7YoeoPqmeys9lWXbWhW1bbfPS7Uigw8JHOEYcldWXls1poqPxjRzhbJz-2BkmrkUwQ-3D-3DquBW_FX2eX3NFpGmw4-2F9Ov9s3vSRIuoWKGjp5-2FGKJ1p98OCy-2BjX7KeFv7XVALMwmwEKED6VSKccVq7NHxN5eLAWdrHKzoeoiif3Ghr9accHVOfDzKAY7hZajYlzm3d0amqhYOcqBnN2tTiEWGRk1PN5m6fuG7siqGT-2FRCvMuLkaVFPwlBnB8fCHrr53lPAbHhZLgbLN1TH6937zo6UTtOu2-2FugA-3D-3D&amp;source=gmail&amp;ust=1786723985376000&amp;usg=AOvVaw3HmLM-Yfsv_2rEs_EVRHrI|https://ci3.googleusercontent.com/meips/ADKq_NaFj_nM97b0HasulkLtEOmaIZURMuo_5vy9_-kwIvnXw-VLbJDf_K4TMNLFSCJTxu5x85yFJf01d2RqHnskt26y0Rgt78yNV634Y0XRNOPYS1vjdJiMBDQOkVzvwePBbKbdFLPE6zVRgRno5ekxiOYACOE5bKKxLhffWsymOOUK29vh0Rxaggj01I9OHQ0C=s0-d-e1-ft#https://braze-images.com/appboy/communication/assets/image_assets/images/678dfef3ac6d370064bc541e/original.png?1737359091|http://url8707.talabat.com/ls/click?upn=u001.DpzgeX5tlJMn48wzUQah0yFvQKqYRdn2rnafq4OonKZo9CJnh2yHPN39m3bsHKIYyeWgV2XvMRtoddHeggsBmmXHrId5alTEaz2md9x6mUk-2FjXeP3Mbv1MD3fbesLOUO7eM3_FX2eX3NFpGmw4-2F9Ov9s3vSRIuoWKGjp5-2FGKJ1p98OCy-2BjX7KeFv7XVALMwmwEKEDHhhCTMPsbI7UCOZKWN8VoTDP0oxPatYkQ7i8586sqUQnSY1eAnqeTotfKm3qgUWDsCZ5gcJjGWlcJ77cc2NQ8RmdFy5gLmIHGNuvL27VkFsfnvy0eq295cr411xs1EjN0fnnHABkCtQw-2FcGTVg2oYg-3D-3D|https://www.google.com/url?q=http://url8707.talabat.com/ls/click?upn%3Du001.DpzgeX5tlJMn48wzUQah0yFvQKqYRdn2rnafq4OonKZo9CJnh2yHPN39m3bsHKIYyeWgV2XvMRtoddHeggsBmmXHrId5alTEaz2md9x6mUk-2FjXeP3Mbv1MD3fbesLOUO7eM3_FX2eX3NFpGmw4-2F9Ov9s3vSRIuoWKGjp5-2FGKJ1p98OCy-2BjX7KeFv7XVALMwmwEKEDHhhCTMPsbI7UCOZKWN8VoTDP0oxPatYkQ7i8586sqUQnSY1eAnqeTotfKm3qgUWDsCZ5gcJjGWlcJ77cc2NQ8RmdFy5gLmIHGNuvL27VkFsfnvy0eq295cr411xs1EjN0fnnHABkCtQw-2FcGTVg2oYg-3D-3D&amp;source=gmail&amp;ust=1786723985376000&amp;usg=AOvVaw31cnGTtX-YRTBOmWAJzZp-|https://ci3.googleusercontent.com/meips/ADKq_NakyFZrZ6V4HgiqXIMnIyFc0aTGxPFxxqipq7Pao7sGiYXQKNZeHiN-aqUzyk0LBvg9EvPZnyMeZZBzJp21PFAOToKpLMmIbpSrwCjymtHw476_anzBBAPT2SiQHJRVB6xIa_QnKM7o76hRqDmmV-I4J73Jise5MB2W3x46zjVdGjAQVgemiTctiUtrxHt8=s0-d-e1-ft#https://braze-images.com/appboy/communication/assets/image_assets/images/678dfef3b8ef4300639f1d7d/original.png?1737359091|http://url8707.talabat.com/ls/click?upn=u001.DpzgeX5tlJMn48wzUQah01bn-2BnCpb4tg3Ed9B4l5D4aWb1Hz0bagz1zXLvd-2F6wgdOLYBpDEd8-2FE3rbuFLa9fLmDjZT-2F7rYH-2FIrFE6rqkPhnorvlOfsVZRU9bnI2XS71xG7-2BSWKyHm6BYqHSpnLVvvg-3D-3Dp8fO_FX2eX3NFpGmw4-2F9Ov9s3vSRIuoWKGjp5-2FGKJ1p98OCy-2BjX7KeFv7XVALMwmwEKEDFeHSLJWDrz4nUHJf3kNPbMqpec1XftqKmcVbb-2BKz9U6rAJJrerM-2FNTWD713tLew-2Blvt6TkI4TQ-2BUM0HDPK-2FcXK7l3dA0oeIHPmRlGyNzNwu0hxphkNKJHr2cKOkjJ7l5mP2qpzgajXKkkUj63zoEuw-3D-3D|https://www.google.com/url?q=http://url8707.talabat.com/ls/click?upn%3Du001.DpzgeX5tlJMn48wzUQah01bn-2BnCpb4tg3Ed9B4l5D4aWb1Hz0bagz1zXLvd-2F6wgdOLYBpDEd8-2FE3rbuFLa9fLmDjZT-2F7rYH-2FIrFE6rqkPhnorvlOfsVZRU9bnI2XS71xG7-2BSWKyHm6BYqHSpnLVvvg-3D-3Dp8fO_FX2eX3NFpGmw4-2F9Ov9s3vSRIuoWKGjp5-2FGKJ1p98OCy-2BjX7KeFv7XVALMwmwEKEDFeHSLJWDrz4nUHJf3kNPbMqpec1XftqKmcVbb-2BKz9U6rAJJrerM-2FNTWD713tLew-2Blvt6TkI4TQ-2BUM0HDPK-2FcXK7l3dA0oeIHPmRlGyNzNwu0hxphkNKJHr2cKOkjJ7l5mP2qpzgajXKkkUj63zoEuw-3D-3D&amp;source=gmail&amp;ust=1786723985376000&amp;usg=AOvVaw3ziT8ZWX91rTihXaUhaLkZ|https://ci3.googleusercontent.com/meips/ADKq_NbyVCH9bZh2_8MIP_kGSi5NqaM1YG3xFCbPE5CZ16preQSdSISNFYVollSIYgrdvHEDRU9pJph5l0C7yGqniC0vTqwT7rpLq5VtmCKfvduAtfl5Ijs0HMIKEHa4GrzbZ_mz4WpCqgnXhnCb4Qzdb_y-qHtcMw7uy883fK0fckw4C7utCzmA7C_xAxU5_ay7=s0-d-e1-ft#https://braze-images.com/appboy/communication/assets/image_assets/images/678dfef332f1aa006390103b/original.png?1737359091|http://url8707.talabat.com/ls/click?upn=u001.DpzgeX5tlJMn48wzUQah0zHsxrnSm2Dkjxy6N5vaQWVOeRoIrr3Ql5kLXhkdcrUDCD-2BARRLC9c-2FcS8NRwuwpRSoTR5lHi8WbqPYFCkPgVL44ikcZgG8k1sUEGifCbLXz4segJzc1692Nnmh2t6yQqA-3D-3DW6pI_FX2eX3NFpGmw4-2F9Ov9s3vSRIuoWKGjp5-2FGKJ1p98OCy-2BjX7KeFv7XVALMwmwEKEDV4VDZhGGO6feskNpj2UfaBIu8jzwumLrT2F0q6jkYTeENZJZmkVBg2HeVYo-2BdGgDXqgbfZNGj4VRXoK1J3MjHk4403dZHEg7mENA5T0vDiLuZveplmPo1k-2Fi0u89dwqMIUoZlA5rzCeYxznzTo79nA-3D-3D|https://www.google.com/url?q=http://url8707.talabat.com/ls/click?upn%3Du001.DpzgeX5tlJMn48wzUQah0zHsxrnSm2Dkjxy6N5vaQWVOeRoIrr3Ql5kLXhkdcrUDCD-2BARRLC9c-2FcS8NRwuwpRSoTR5lHi8WbqPYFCkPgVL44ikcZgG8k1sUEGifCbLXz4segJzc1692Nnmh2t6yQqA-3D-3DW6pI_FX2eX3NFpGmw4-2F9Ov9s3vSRIuoWKGjp5-2FGKJ1p98OCy-2BjX7KeFv7XVALMwmwEKEDV4VDZhGGO6feskNpj2UfaBIu8jzwumLrT2F0q6jkYTeENZJZmkVBg2HeVYo-2BdGgDXqgbfZNGj4VRXoK1J3MjHk4403dZHEg7mENA5T0vDiLuZveplmPo1k-2Fi0u89dwqMIUoZlA5rzCeYxznzTo79nA-3D-3D&amp;source=gmail&amp;ust=1786723985376000&amp;usg=AOvVaw1Abi4fC0ip1Ng8uYj0y25Q|https://ci3.googleusercontent.com/meips/ADKq_NaJ9BUloaDO8-PW2PDXsULYch9_ge0VeIpTWwzxfRVoWpCjtpwMnmBmlG8LXGvKgmXBjcTjmDKa5-On6rXBVnjNzJuqssuNjUOBD0ku9cxUQP_qUgbFNDzDf-kpH6jFGpDziPsz6VLObMkBAkioRRupkwakdnnZ4kKEbPGrndGsXwgJfs-AHzGS3iAJkSLD=s0-d-e1-ft#https://braze-images.com/appboy/communication/assets/image_assets/images/678dfef33312c0006312d4cf/original.png?1737359091|https://ci3.googleusercontent.com/meips/ADKq_NZ8Jzzbb0sE-BTtEQrpBjFA5t3PzDP1Aer0C6aypZxygcu-zC0V2s31h7Y5IfYQl50tjAl8dXjPdoMeM_9-0zIzaZjjl5D2hgl_wuUzYs2PoVIuRd2--TzS0DrodWVLUsuBqcSxzf46PUR9TTESv9HNa02fp-UMJ-aM2IgDvmbhok9Y6RRwlw1LJ75wxfO9Y0EFTeJq4FLaFLPncF_-HH2oY4UpezvQs9IEZfGuB88g0cbjHyW0kRx9PwXIeFx6NjP1nwnf7l6PbbtRbTvl-Qjw9rQc5YjiO2QsbAIyymbFBRzupf0npzBkAOnXD4hHIFNmGAAUDYjm7HPxBdWqL7up2fuwWhgZ9Yzz3JjRS27a_n5xi1KURiAbWAija4pwsF13164CNYTc_3Q6sKs=s0-d-e1-ft#http://url8707.talabat.com/wf/open?upn=u001.RaIIidl51fbHwVRHPT0Yhrs1JSq6UoiH2uxB1JEQ7fyCIuS4FcfdxKVPaBW-2Fayqu-2B2us1hvltbCXrT16lZqaCizWA7LZtGlV-2BiEduzF44wi-2FuuQIGa-2BPKbBrev596MXLyCj-2FMkVqpTXMzi2CX3w24tHop4VSA67YXaDpGYIrwjXcN5gh0YtKcpL27Z9JDB1Apc8nOjW30x-2BhxWbbGyQZyQ-3D-3D,none,none,none,0,1,0.5424,1,0.2712
noreply@talabat.com,Your service charges Receipt,"Download
Download



Just dropping off your receipt.

Open the attachment for your payment breakdown.





	
 
 
 



You’re receiving these emails because you signed up to talabat.",https://ci3.googleusercontent.com/meips/ADKq_NZlUBSRYXs9YX6E1e0wGTIN334zU7quwQ-_A1s7bAXGi3tidTydZd8iaR2yEuCHGk5JIz_s9GxwuPxceMs6_jhvpvhqsMyj_hjTf1Uy2TUXi1naFnjP8sNsKMY0Dq2DvzTQYtocdi1wEjzkdiQ_wu9xzMMNOEjSdpPwvx_DjZ1wQjkWlscAzberGuQPz3Rx=s0-d-e1-ft#https://braze-images.com/appboy/communication/assets/image_assets/images/678dfe4195ac23006411e087/original.png?1737358913|https://ci3.googleusercontent.com/meips/ADKq_NYWrfPMtRmpY1zYmQebN3ahCTPUxKpQ-yVMPI9OIlu78wF9xwA2jlkGzBho5SWSEi2KweGq9B63jpmos6pI9OkVbHsELQMG7pfGa0EcLO9IKhInJ7TGkk3r7wt0WO6NOA0PLj7yQ_TqPTj4Z_HHBq6d5i-ASsXeI45_xomgcCZIRUUGHlgb3hBUpphbvHsZ=s0-d-e1-ft#https://braze-images.com/appboy/communication/assets/image_assets/images/678df91c8af65f0063e065d7/original.png?1737357595|https://ci3.googleusercontent.com/meips/ADKq_NYWFbF3mLSe-o2qhjSTi2M7Hxx4XFs6PgN0uys1bjcAebo4i-6mPbwzbHESbe-14C6jB9y_Bu_0vGGZ20k0bbYvos72_Hl3DsT-WVB3Uxh8s_gfufWYb8bliDlFTWrqgvbl0xwp42M77NRsdmUn23kTPwnk3z-zva70jmn8hngA1Ne4xh27SQOK_mDw0jST=s0-d-e1-ft#https://braze-images.com/appboy/communication/assets/image_assets/images/66c4ee770d22440071e45424/original.png?1724182135|http://url8707.talabat.com/ls/click?upn=u001.DpzgeX5tlJMn48wzUQah0-2FvXJsfcc5c2HhteO5Y6DAtzzFB5z91HAfF7fA9c2-2BdZUsCXSmUAP9WOqSgBmMUf82DqqUcUrDwLdQfuTQMm4oDXzVjbmfr3nEN9hUi2pJfES_oG_FX2eX3NFpGmw4-2F9Ov9s3vSRIuoWKGjp5-2FGKJ1p98OCxgCiO37vOG99VcocnVb7zncYksaZE0BGTe5EAD3pv8DQ7DKv4NihnrBYpJ-2B-2BBbyzSwZJYyiz8FXCCqcDA1YXJwpv3XmffvmNrX829YmXQ-2FxAXfVo-2Bbbo049ws6vLb4EcW1Ufj1k2qu4ZLA0MJI8Jjpzey5myT8pB-2Fj0GIEwNnGZA-3D-3D|https://www.google.com/url?q=http://url8707.talabat.com/ls/click?upn%3Du001.DpzgeX5tlJMn48wzUQah0-2FvXJsfcc5c2HhteO5Y6DAtzzFB5z91HAfF7fA9c2-2BdZUsCXSmUAP9WOqSgBmMUf82DqqUcUrDwLdQfuTQMm4oDXzVjbmfr3nEN9hUi2pJfES_oG_FX2eX3NFpGmw4-2F9Ov9s3vSRIuoWKGjp5-2FGKJ1p98OCxgCiO37vOG99VcocnVb7zncYksaZE0BGTe5EAD3pv8DQ7DKv4NihnrBYpJ-2B-2BBbyzSwZJYyiz8FXCCqcDA1YXJwpv3XmffvmNrX829YmXQ-2FxAXfVo-2Bbbo049ws6vLb4EcW1Ufj1k2qu4ZLA0MJI8Jjpzey5myT8pB-2Fj0GIEwNnGZA-3D-3D&amp;source=gmail&amp;ust=1786723985389000&amp;usg=AOvVaw2RelqmQpCboaX7QjsWnCrX|https://ci3.googleusercontent.com/meips/ADKq_Nbnqp_OunpbnWjU6BLJT-5CGi2xM8HbImYEW2ZHVk3SLQZ4MXZUxSlU1I4CoYYgm87LjEYKxQ6oimuCeU12iyBMrpKiFcwRTQC1Eg9Sa65eAkJ9IDR0Q86ClnIbGPjc8B4lyf2h1TmI8BTrxz_prTsbnvYRRuNQgFJh6873coH9OopSjkrQl27flkpega6g=s0-d-e1-ft#https://braze-images.com/appboy/communication/assets/image_assets/images/678dfe906e821a0063b5bed1/original.png?1737358992|http://url8707.talabat.com/ls/click?upn=u001.DpzgeX5tlJMn48wzUQah01H3n7-2F4oGQX44qA-2FJrCve2cXzYgzj1guQnHndOOT5hEF7azaISS4NfU-2FIstQZO9rh7YoeoPqmeys9lWXbWhW1bbfPS7Uigw8JHOEYcldWXls1poqPxjRzhbJz-2BkmrkUwQ-3D-3DxXyg_FX2eX3NFpGmw4-2F9Ov9s3vSRIuoWKGjp5-2FGKJ1p98OCxgCiO37vOG99VcocnVb7znPrfD94DZJByvr28QKfPB0lkQcf8HBfHJ0lY-2F2gu74pyjr8WJq28Aqk9svsa7RGqgPtdq1grs1RyWNOblyiZlvz4DCdeg8I-2BJbwJX4291FGYUFKsVgiQXG0MZ78IaL4AepV1-2B5mK4wHUupo879MNyIw-3D-3D|https://www.google.com/url?q=http://url8707.talabat.com/ls/click?upn%3Du001.DpzgeX5tlJMn48wzUQah01H3n7-2F4oGQX44qA-2FJrCve2cXzYgzj1guQnHndOOT5hEF7azaISS4NfU-2FIstQZO9rh7YoeoPqmeys9lWXbWhW1bbfPS7Uigw8JHOEYcldWXls1poqPxjRzhbJz-2BkmrkUwQ-3D-3DxXyg_FX2eX3NFpGmw4-2F9Ov9s3vSRIuoWKGjp5-2FGKJ1p98OCxgCiO37vOG99VcocnVb7znPrfD94DZJByvr28QKfPB0lkQcf8HBfHJ0lY-2F2gu74pyjr8WJq28Aqk9svsa7RGqgPtdq1grs1RyWNOblyiZlvz4DCdeg8I-2BJbwJX4291FGYUFKsVgiQXG0MZ78IaL4AepV1-2B5mK4wHUupo879MNyIw-3D-3D&amp;source=gmail&amp;ust=1786723985389000&amp;usg=AOvVaw3phhm-81Va1NsmFcTR4a8X|https://ci3.googleusercontent.com/meips/ADKq_NaFj_nM97b0HasulkLtEOmaIZURMuo_5vy9_-kwIvnXw-VLbJDf_K4TMNLFSCJTxu5x85yFJf01d2RqHnskt26y0Rgt78yNV634Y0XRNOPYS1vjdJiMBDQOkVzvwePBbKbdFLPE6zVRgRno5ekxiOYACOE5bKKxLhffWsymOOUK29vh0Rxaggj01I9OHQ0C=s0-d-e1-ft#https://braze-images.com/appboy/communication/assets/image_assets/images/678dfef3ac6d370064bc541e/original.png?1737359091|http://url8707.talabat.com/ls/click?upn=u001.DpzgeX5tlJMn48wzUQah0yFvQKqYRdn2rnafq4OonKZo9CJnh2yHPN39m3bsHKIYyeWgV2XvMRtoddHeggsBmmXHrId5alTEaz2md9x6mUk-2FjXeP3Mbv1MD3fbesLOUOUBjz_FX2eX3NFpGmw4-2F9Ov9s3vSRIuoWKGjp5-2FGKJ1p98OCxgCiO37vOG99VcocnVb7zn14YJVqzB8RxBB2KXfQAdOTrXCBWHiyIlYT1lG-2BPmTJb5BFPmUFtB6rzKsRnrMxJOHos9-2BvR5Uk9fdO5Ihl9CenmTrkxBdHvHLsFvmUeEzFWxYNtrT-2BzZf6eWiDQA4bNDzbFSnKRvU7etVBOpLWlQZQ-3D-3D|https://www.google.com/url?q=http://url8707.talabat.com/ls/click?upn%3Du001.DpzgeX5tlJMn48wzUQah0yFvQKqYRdn2rnafq4OonKZo9CJnh2yHPN39m3bsHKIYyeWgV2XvMRtoddHeggsBmmXHrId5alTEaz2md9x6mUk-2FjXeP3Mbv1MD3fbesLOUOUBjz_FX2eX3NFpGmw4-2F9Ov9s3vSRIuoWKGjp5-2FGKJ1p98OCxgCiO37vOG99VcocnVb7zn14YJVqzB8RxBB2KXfQAdOTrXCBWHiyIlYT1lG-2BPmTJb5BFPmUFtB6rzKsRnrMxJOHos9-2BvR5Uk9fdO5Ihl9CenmTrkxBdHvHLsFvmUeEzFWxYNtrT-2BzZf6eWiDQA4bNDzbFSnKRvU7etVBOpLWlQZQ-3D-3D&amp;source=gmail&amp;ust=1786723985389000&amp;usg=AOvVaw2JK29EUBMt5uqAZj33POhe|https://ci3.googleusercontent.com/meips/ADKq_NakyFZrZ6V4HgiqXIMnIyFc0aTGxPFxxqipq7Pao7sGiYXQKNZeHiN-aqUzyk0LBvg9EvPZnyMeZZBzJp21PFAOToKpLMmIbpSrwCjymtHw476_anzBBAPT2SiQHJRVB6xIa_QnKM7o76hRqDmmV-I4J73Jise5MB2W3x46zjVdGjAQVgemiTctiUtrxHt8=s0-d-e1-ft#https://braze-images.com/appboy/communication/assets/image_assets/images/678dfef3b8ef4300639f1d7d/original.png?1737359091|http://url8707.talabat.com/ls/click?upn=u001.DpzgeX5tlJMn48wzUQah01bn-2BnCpb4tg3Ed9B4l5D4aWb1Hz0bagz1zXLvd-2F6wgdOLYBpDEd8-2FE3rbuFLa9fLmDjZT-2F7rYH-2FIrFE6rqkPhnorvlOfsVZRU9bnI2XS71xG7-2BSWKyHm6BYqHSpnLVvvg-3D-3D_--u_FX2eX3NFpGmw4-2F9Ov9s3vSRIuoWKGjp5-2FGKJ1p98OCxgCiO37vOG99VcocnVb7zn3r7zorJyASjB0JPBF8CccCUVXSAELhgBAY6Y4Ug9pDqNFEOzIdSm-2Ffl2bs2xEWNn0GEgaEO57xSD1zT4Y4LHH6LcRvYvT2vgFytDzLftit8Q2JOXPkzoqkEY3jbQzhNdTJ-2BHj1PhF-2FR1rtnD0IxJiA-3D-3D|https://www.google.com/url?q=http://url8707.talabat.com/ls/click?upn%3Du001.DpzgeX5tlJMn48wzUQah01bn-2BnCpb4tg3Ed9B4l5D4aWb1Hz0bagz1zXLvd-2F6wgdOLYBpDEd8-2FE3rbuFLa9fLmDjZT-2F7rYH-2FIrFE6rqkPhnorvlOfsVZRU9bnI2XS71xG7-2BSWKyHm6BYqHSpnLVvvg-3D-3D_--u_FX2eX3NFpGmw4-2F9Ov9s3vSRIuoWKGjp5-2FGKJ1p98OCxgCiO37vOG99VcocnVb7zn3r7zorJyASjB0JPBF8CccCUVXSAELhgBAY6Y4Ug9pDqNFEOzIdSm-2Ffl2bs2xEWNn0GEgaEO57xSD1zT4Y4LHH6LcRvYvT2vgFytDzLftit8Q2JOXPkzoqkEY3jbQzhNdTJ-2BHj1PhF-2FR1rtnD0IxJiA-3D-3D&amp;source=gmail&amp;ust=1786723985389000&amp;usg=AOvVaw2MYACmJEWbdNFAYX7UD9XE|https://ci3.googleusercontent.com/meips/ADKq_NbyVCH9bZh2_8MIP_kGSi5NqaM1YG3xFCbPE5CZ16preQSdSISNFYVollSIYgrdvHEDRU9pJph5l0C7yGqniC0vTqwT7rpLq5VtmCKfvduAtfl5Ijs0HMIKEHa4GrzbZ_mz4WpCqgnXhnCb4Qzdb_y-qHtcMw7uy883fK0fckw4C7utCzmA7C_xAxU5_ay7=s0-d-e1-ft#https://braze-images.com/appboy/communication/assets/image_assets/images/678dfef332f1aa006390103b/original.png?1737359091|http://url8707.talabat.com/ls/click?upn=u001.DpzgeX5tlJMn48wzUQah0zHsxrnSm2Dkjxy6N5vaQWVOeRoIrr3Ql5kLXhkdcrUDCD-2BARRLC9c-2FcS8NRwuwpRSoTR5lHi8WbqPYFCkPgVL44ikcZgG8k1sUEGifCbLXz4segJzc1692Nnmh2t6yQqA-3D-3DQZMQ_FX2eX3NFpGmw4-2F9Ov9s3vSRIuoWKGjp5-2FGKJ1p98OCxgCiO37vOG99VcocnVb7znpPodp87kmScGGBCZLAQTgN4jITFw8npsVxb7ON6yWLOIqOibyfwmbDlLB7FHQoWYKOb6rNVGQUM-2FokTqCN8mndckwVHY2jZTgrGdiw71t0y-2B8ezwZVgokMTNlKDlB7q3l2P6GvvyS3sDF06RzpNcMg-3D-3D|https://www.google.com/url?q=http://url8707.talabat.com/ls/click?upn%3Du001.DpzgeX5tlJMn48wzUQah0zHsxrnSm2Dkjxy6N5vaQWVOeRoIrr3Ql5kLXhkdcrUDCD-2BARRLC9c-2FcS8NRwuwpRSoTR5lHi8WbqPYFCkPgVL44ikcZgG8k1sUEGifCbLXz4segJzc1692Nnmh2t6yQqA-3D-3DQZMQ_FX2eX3NFpGmw4-2F9Ov9s3vSRIuoWKGjp5-2FGKJ1p98OCxgCiO37vOG99VcocnVb7znpPodp87kmScGGBCZLAQTgN4jITFw8npsVxb7ON6yWLOIqOibyfwmbDlLB7FHQoWYKOb6rNVGQUM-2FokTqCN8mndckwVHY2jZTgrGdiw71t0y-2B8ezwZVgokMTNlKDlB7q3l2P6GvvyS3sDF06RzpNcMg-3D-3D&amp;source=gmail&amp;ust=1786723985389000&amp;usg=AOvVaw26JoTMMm4SIgsGPFmTTY1b|https://ci3.googleusercontent.com/meips/ADKq_NaJ9BUloaDO8-PW2PDXsULYch9_ge0VeIpTWwzxfRVoWpCjtpwMnmBmlG8LXGvKgmXBjcTjmDKa5-On6rXBVnjNzJuqssuNjUOBD0ku9cxUQP_qUgbFNDzDf-kpH6jFGpDziPsz6VLObMkBAkioRRupkwakdnnZ4kKEbPGrndGsXwgJfs-AHzGS3iAJkSLD=s0-d-e1-ft#https://braze-images.com/appboy/communication/assets/image_assets/images/678dfef33312c0006312d4cf/original.png?1737359091|https://ci3.googleusercontent.com/meips/ADKq_Nb9FiB6KV-ErfN3QwYT5Oi8Ep3yTK8UK75WEZJ5C6NeJy1brulaDfFiaf9Whegdrwk7k4UICVg0PeNaaRROFJ_Oe8vgqSYe70E5hyAG3gb8FH3vObYlvbRmvfcRDbFgZwg4irT5fpM_Bt3lu05mm8H6xEXnhTIXbZX2oV-ByOO9QR6TXqSX2P9YgswrGu9y19yvOUoMiXy4qxleo4JkZKf__L0aDSpn0L-2xXLImg1lhd2UUpzquKbDv_3wMcS4yfK8R1fpw3nfNBnkUk2vT-oNw8EfzeA5gP7Lyt9mTXFuZP5GMXW4vQzss1fIvCVS7m6fDIZ0oJ4X2Ee72rsDbeErXCRwQrJF33l685sUuvdUj-Acf8LzwBPX97lsElq2_YoeohRKRf_uneqOHVZyJw=s0-d-e1-ft#http://url8707.talabat.com/wf/open?upn=u001.RaIIidl51fbHwVRHPT0Yhrs1JSq6UoiH2uxB1JEQ7fxgfJuNCcCdaS9-2FXVB8tP3yZO1XgAEValQezoxnkUPiqz7xMNZVMYGjKFLyb-2Bico3yMdqvRr-2FRAY1xIUzNz0Yj56N4LJY-2F71E-2BBQwoFAdQmKUtj5tHwqvC9fScRxG-2Fq6x07SWN0UcznkleAJSxl-2FoBC3Ef-2FAFF5MJVxm5iNKrtM7A-3D-3D,none,none,none,0,1,0.5424,1,0.2712
newsletter@event.gisec.ae,How $1B+ Cybersecurity Powerhouses Are Redefining Defense at GISEC Global,"If you are having trouble reading this email, read the online version.


SUMMER OFFER ENDS 14 AUGUST - SECURE YOUR PASS & SAVE UP TO AED 1,900!
Hi Amritha,


Cybersecurity is no longer just an IT function - it is a high-stakes, hyper-growth industry operating at breakneck speed.


With the global cost of cybercrime projected to exceed $10.5 trillion annually, venture capital and enterprise spend are concentrating around a new breed of market leaders: cybersecurity unicorns . Across the global tech landscape, over 60 private cybersecurity companies have breached the $1B+ valuation mark, commanding a collective market value of over $220 billion.


These companies aren't just growing faster than legacy vendors - they are fundamentally dismantling traditional defense paradigms to build softwar",https://s875351108.t.en25.com/e/es?s=875351108&amp;e=28024&amp;elqTrackId=efd74c1a1b7a40299e524d6e5aa03bea&amp;elq=864f9387387d46a697377564d081fd23&amp;elqaid=668&amp;elqat=1&amp;elqak=8AF52EA934448115AEC3F026595D23184A1BAA04CF04BE7379EA132C73BB1883ABEB|https://www.google.com/url?q=https://s875351108.t.en25.com/e/es?s%3D875351108%26e%3D28024%26elqTrackId%3Defd74c1a1b7a40299e524d6e5aa03bea%26elq%3D864f9387387d46a697377564d081fd23%26elqaid%3D668%26elqat%3D1%26elqak%3D8AF52EA934448115AEC3F026595D23184A1BAA04CF04BE7379EA132C73BB1883ABEB&amp;source=gmail&amp;ust=1786724226077000&amp;usg=AOvVaw2u-Lzyo4sOB8NRX01xSon8|https://s875351108.t.en25.com/e/er?utm_campaign=20260812_gsc26_16.1_SOfinal_Unicorns_gg&amp;utm_medium=email&amp;utm_source=Eloqua&amp;s=875351108&amp;lid=724&amp;elqTrackId=386E7158AB03186959DFA507F07D6070&amp;elq=864f9387387d46a697377564d081fd23&amp;elqaid=668&amp;elqat=1&amp;elqak=8AF50394A9DBD5543658ECAB876F6C2A4FE3AA04CF04BE7379EA132C73BB1883ABEB|https://www.google.com/url?q=https://s875351108.t.en25.com/e/er?utm_campaign%3D20260812_gsc26_16.1_SOfinal_Unicorns_gg%26utm_medium%3Demail%26utm_source%3DEloqua%26s%3D875351108%26lid%3D724%26elqTrackId%3D386E7158AB03186959DFA507F07D6070%26elq%3D864f9387387d46a697377564d081fd23%26elqaid%3D668%26elqat%3D1%26elqak%3D8AF50394A9DBD5543658ECAB876F6C2A4FE3AA04CF04BE7379EA132C73BB1883ABEB&amp;source=gmail&amp;ust=1786724226077000&amp;usg=AOvVaw2lsmFh_k45lenHVnbeM07-|https://s875351108.t.en25.com/e/er?utm_campaign=20260812_gsc26_16.1_SOfinal_Unicorns_gg&amp;utm_medium=email&amp;utm_source=Eloqua&amp;s=875351108&amp;lid=724&amp;elqTrackId=A0CBDCEC77B03A8F2F157240D6452288&amp;elq=864f9387387d46a697377564d081fd23&amp;elqaid=668&amp;elqat=1&amp;elqak=8AF5ED0EBA73BA518C8425AF60C338994F0FAA04CF04BE7379EA132C73BB1883ABEB|https://www.google.com/url?q=https://s875351108.t.en25.com/e/er?utm_campaign%3D20260812_gsc26_16.1_SOfinal_Unicorns_gg%26utm_medium%3Demail%26utm_source%3DEloqua%26s%3D875351108%26lid%3D724%26elqTrackId%3DA0CBDCEC77B03A8F2F157240D6452288%26elq%3D864f9387387d46a697377564d081fd23%26elqaid%3D668%26elqat%3D1%26elqak%3D8AF5ED0EBA73BA518C8425AF60C338994F0FAA04CF04BE7379EA132C73BB1883ABEB&amp;source=gmail&amp;ust=1786724226077000&amp;usg=AOvVaw1FuJ_4VNmUXgr4GT6JbDj2|https://s875351108.t.en25.com/e/er?utm_campaign=20260812_gsc26_16.1_SOfinal_Unicorns_gg&amp;utm_medium=email&amp;utm_source=Eloqua&amp;s=875351108&amp;lid=724&amp;elqTrackId=852951022D03C83D032E3F3D81B7B88B&amp;elq=864f9387387d46a697377564d081fd23&amp;elqaid=668&amp;elqat=1&amp;elqak=8AF539A313263EFD492B07C4D4CA4BCC774EAA04CF04BE7379EA132C73BB1883ABEB|https://www.google.com/url?q=https://s875351108.t.en25.com/e/er?utm_campaign%3D20260812_gsc26_16.1_SOfinal_Unicorns_gg%26utm_medium%3Demail%26utm_source%3DEloqua%26s%3D875351108%26lid%3D724%26elqTrackId%3D852951022D03C83D032E3F3D81B7B88B%26elq%3D864f9387387d46a697377564d081fd23%26elqaid%3D668%26elqat%3D1%26elqak%3D8AF539A313263EFD492B07C4D4CA4BCC774EAA04CF04BE7379EA132C73BB1883ABEB&amp;source=gmail&amp;ust=1786724226077000&amp;usg=AOvVaw2L8kc1TBpa4E63baDLZ9im|https://s875351108.t.en25.com/e/er?utm_campaign=20260812_gsc26_16.1_SOfinal_Unicorns_gg&amp;utm_medium=email&amp;utm_source=Eloqua&amp;s=875351108&amp;lid=591&amp;elqTrackId=7EB72DE38C2930A34EBF4884C7CA491C&amp;elq=864f9387387d46a697377564d081fd23&amp;elqaid=668&amp;elqat=1&amp;elqak=8AF561CB9022EB50DAF90A5041A002D6403CAA04CF04BE7379EA132C73BB1883ABEB|https://www.google.com/url?q=https://s875351108.t.en25.com/e/er?utm_campaign%3D20260812_gsc26_16.1_SOfinal_Unicorns_gg%26utm_medium%3Demail%26utm_source%3DEloqua%26s%3D875351108%26lid%3D591%26elqTrackId%3D7EB72DE38C2930A34EBF4884C7CA491C%26elq%3D864f9387387d46a697377564d081fd23%26elqaid%3D668%26elqat%3D1%26elqak%3D8AF561CB9022EB50DAF90A5041A002D6403CAA04CF04BE7379EA132C73BB1883ABEB&amp;source=gmail&amp;ust=1786724226077000&amp;usg=AOvVaw2Ptrs41A0SxlFBINrXANyF|https://s875351108.t.en25.com/e/er?utm_campaign=20260812_gsc26_16.1_SOfinal_Unicorns_gg&amp;utm_medium=email&amp;utm_source=Eloqua&amp;s=875351108&amp;lid=736&amp;elqTrackId=a704c1dabd2e4946b895b20772966723&amp;elq=864f9387387d46a697377564d081fd23&amp;elqaid=668&amp;elqat=1&amp;elqak=8AF574CA59D2D6B3D44D1E342D0FA4F914E7AA04CF04BE7379EA132C73BB1883ABEB|https://www.google.com/url?q=https://s875351108.t.en25.com/e/er?utm_campaign%3D20260812_gsc26_16.1_SOfinal_Unicorns_gg%26utm_medium%3Demail%26utm_source%3DEloqua%26s%3D875351108%26lid%3D736%26elqTrackId%3Da704c1dabd2e4946b895b20772966723%26elq%3D864f9387387d46a697377564d081fd23%26elqaid%3D668%26elqat%3D1%26elqak%3D8AF574CA59D2D6B3D44D1E342D0FA4F914E7AA04CF04BE7379EA132C73BB1883ABEB&amp;source=gmail&amp;ust=1786724226077000&amp;usg=AOvVaw08YByr2I_Yz4SvKIvCi0Wr|https://s875351108.t.en25.com/e/er?utm_campaign=20260812_gsc26_16.1_SOfinal_Unicorns_gg&amp;utm_medium=email&amp;utm_source=Eloqua&amp;s=875351108&amp;lid=735&amp;elqTrackId=7e84a69bdd85497b897e0e211a76f42e&amp;elq=864f9387387d46a697377564d081fd23&amp;elqaid=668&amp;elqat=1&amp;elqak=8AF554BBA5B93BDC8080509EFF08407CEADBAA04CF04BE7379EA132C73BB1883ABEB|https://www.google.com/url?q=https://s875351108.t.en25.com/e/er?utm_campaign%3D20260812_gsc26_16.1_SOfinal_Unicorns_gg%26utm_medium%3Demail%26utm_source%3DEloqua%26s%3D875351108%26lid%3D735%26elqTrackId%3D7e84a69bdd85497b897e0e211a76f42e%26elq%3D864f9387387d46a697377564d081fd23%26elqaid%3D668%26elqat%3D1%26elqak%3D8AF554BBA5B93BDC8080509EFF08407CEADBAA04CF04BE7379EA132C73BB1883ABEB&amp;source=gmail&amp;ust=1786724226077000&amp;usg=AOvVaw2zvUU74c_uDqXoskBt7JNy|https://s875351108.t.en25.com/e/er?utm_campaign=20260812_gsc26_16.1_SOfinal_Unicorns_gg&amp;utm_medium=email&amp;utm_source=Eloqua&amp;s=875351108&amp;lid=734&amp;elqTrackId=03016978b6c341dca9628a368e1fd2b5&amp;elq=864f9387387d46a697377564d081fd23&amp;elqaid=668&amp;elqat=1&amp;elqak=8AF5EF2CCF6933DA36FA0370D75CACBCD3B2AA04CF04BE7379EA132C73BB1883ABEB|https://www.google.com/url?q=https://s875351108.t.en25.com/e/er?utm_campaign%3D20260812_gsc26_16.1_SOfinal_Unicorns_gg%26utm_medium%3Demail%26utm_source%3DEloqua%26s%3D875351108%26lid%3D734%26elqTrackId%3D03016978b6c341dca9628a368e1fd2b5%26elq%3D864f9387387d46a697377564d081fd23%26elqaid%3D668%26elqat%3D1%26elqak%3D8AF5EF2CCF6933DA36FA0370D75CACBCD3B2AA04CF04BE7379EA132C73BB1883ABEB&amp;source=gmail&amp;ust=1786724226077000&amp;usg=AOvVaw3NUdi3EexOMfkyV3dYtRGE|https://s875351108.t.en25.com/e/er?utm_campaign=20260812_gsc26_16.1_SOfinal_Unicorns_gg&amp;utm_medium=email&amp;utm_source=Eloqua&amp;s=875351108&amp;lid=733&amp;elqTrackId=d981adc7f4cb46b7ba43cc6a15f170f9&amp;elq=864f9387387d46a697377564d081fd23&amp;elqaid=668&amp;elqat=1&amp;elqak=8AF5F7BD731662B1302CA145B7B5D78EE6ECAA04CF04BE7379EA132C73BB1883ABEB|https://www.google.com/url?q=https://s875351108.t.en25.com/e/er?utm_campaign%3D20260812_gsc26_16.1_SOfinal_Unicorns_gg%26utm_medium%3Demail%26utm_source%3DEloqua%26s%3D875351108%26lid%3D733%26elqTrackId%3Dd981adc7f4cb46b7ba43cc6a15f170f9%26elq%3D864f9387387d46a697377564d081fd23%26elqaid%3D668%26elqat%3D1%26elqak%3D8AF5F7BD731662B1302CA145B7B5D78EE6ECAA04CF04BE7379EA132C73BB1883ABEB&amp;source=gmail&amp;ust=1786724226077000&amp;usg=AOvVaw3kPxnhTZlD074QfeKfVHVV|https://event.gisec.ae/preference-center?utm_campaign=20260812_gsc26_16.1_SOfinal_Unicorns_gg&amp;utm_medium=email&amp;utm_source=Eloqua&amp;elqTrackId=0ed8504fe5bd43e08ae52c46beb4419f&amp;elq=864f9387387d46a697377564d081fd23&amp;elqaid=668&amp;elqat=1&amp;elqCampaignId=393&amp;elqak=8AF5EB3DDDA09A9DA7DC8DB4086EBE10C4C1AA04CF04BE7379EA132C73BB1883ABEB|https://event.gisec.ae/preference-center,none,none,none,1,1,0.9338,1,0.4669
no-reply@sampark.gov.in,NeGD Connect June 2026 Edition,"Having trouble reading this email? View it in your mobile/ web browser

Edition : June 2026



		





Debutants on UMANG




Puducherry’s
Excise Department
launches its very
first service

	



The Excise Department of Puducherry launches its first service on the Unified Mobile App for New Age Governance (UMANG): Excise Permit Genuineness Verification.

Citizens and officials need to simply enter the permit number and get the authenticity and validity of excise permits verified in real time! The feature speeds up checks, reduces manual work and brings greater transparency to permit verification.

HOW TO USE IT








To streamline access to quality generic medicines nationwide, the Department of Pharmaceuticals has launched its flagship affordable medicine initiative, Pradhan Mantri Bhar",https://jan-sampark.nic.in/campaigns/2026/04-Aug/NeGD/index.html|https://www.google.com/url?q=https://jan-sampark.nic.in/campaigns/2026/04-Aug/NeGD/index.html&amp;source=gmail&amp;ust=1786724227343000&amp;usg=AOvVaw0rShkISDnu5x8PI5thYfTJ|https://jan-sampark.nic.in/jansampark/click.jsp?tab=pmo&amp;urlid=5cfe1db66447466e08787ac24dca4d28adf5addb&amp;lat=2026&amp;mid=eadb80e48cc4db96ab3506051a98b99ef0968233|https://www.google.com/url?q=https://jan-sampark.nic.in/jansampark/click.jsp?tab%3Dpmo%26urlid%3D5cfe1db66447466e08787ac24dca4d28adf5addb%26lat%3D2026%26mid%3Deadb80e48cc4db96ab3506051a98b99ef0968233&amp;source=gmail&amp;ust=1786724227343000&amp;usg=AOvVaw13pXTV6A9LeVvJ1q7dEOzk|https://jan-sampark.nic.in/jansampark/click.jsp?tab=pmo&amp;urlid=c1c1557f41afbc3cdcf2be78c7953d396c79fbe3&amp;lat=2026&amp;mid=eadb80e48cc4db96ab3506051a98b99ef0968233|https://www.google.com/url?q=https://jan-sampark.nic.in/jansampark/click.jsp?tab%3Dpmo%26urlid%3Dc1c1557f41afbc3cdcf2be78c7953d396c79fbe3%26lat%3D2026%26mid%3Deadb80e48cc4db96ab3506051a98b99ef0968233&amp;source=gmail&amp;ust=1786724227343000&amp;usg=AOvVaw0q7qX9oN96bhF_26auAI_t|https://jan-sampark.nic.in/jansampark/click.jsp?tab=pmo&amp;urlid=556d19baf74fc59af4fa2f569f2049e6c60be1b8&amp;lat=2026&amp;mid=eadb80e48cc4db96ab3506051a98b99ef0968233|https://www.google.com/url?q=https://jan-sampark.nic.in/jansampark/click.jsp?tab%3Dpmo%26urlid%3D556d19baf74fc59af4fa2f569f2049e6c60be1b8%26lat%3D2026%26mid%3Deadb80e48cc4db96ab3506051a98b99ef0968233&amp;source=gmail&amp;ust=1786724227344000&amp;usg=AOvVaw1_vocqUnHJRZ3fEeHsSnWL|https://jan-sampark.nic.in/jansampark/click.jsp?tab=pmo&amp;urlid=d5f1cdbc1995f367cf511b696b267bb36fdef6b8&amp;lat=2026&amp;mid=eadb80e48cc4db96ab3506051a98b99ef0968233|https://www.google.com/url?q=https://jan-sampark.nic.in/jansampark/click.jsp?tab%3Dpmo%26urlid%3Dd5f1cdbc1995f367cf511b696b267bb36fdef6b8%26lat%3D2026%26mid%3Deadb80e48cc4db96ab3506051a98b99ef0968233&amp;source=gmail&amp;ust=1786724227344000&amp;usg=AOvVaw38MhMCYifWy9Bce1D2eraz|https://jan-sampark.nic.in/jansampark/click.jsp?tab=pmo&amp;urlid=a732debe6b22519b8cc4388bcd91c4388142aca3&amp;lat=2026&amp;mid=eadb80e48cc4db96ab3506051a98b99ef0968233|https://www.google.com/url?q=https://jan-sampark.nic.in/jansampark/click.jsp?tab%3Dpmo%26urlid%3Da732debe6b22519b8cc4388bcd91c4388142aca3%26lat%3D2026%26mid%3Deadb80e48cc4db96ab3506051a98b99ef0968233&amp;source=gmail&amp;ust=1786724227344000&amp;usg=AOvVaw2nK1H-arCLfhYppriUSCVJ|https://jan-sampark.nic.in/jansampark/click.jsp?tab=pmo&amp;urlid=e567da03638808c9d2e7b45fea828feb63c6cbc8&amp;lat=2026&amp;mid=eadb80e48cc4db96ab3506051a98b99ef0968233|https://www.google.com/url?q=https://jan-sampark.nic.in/jansampark/click.jsp?tab%3Dpmo%26urlid%3De567da03638808c9d2e7b45fea828feb63c6cbc8%26lat%3D2026%26mid%3Deadb80e48cc4db96ab3506051a98b99ef0968233&amp;source=gmail&amp;ust=1786724227344000&amp;usg=AOvVaw3O61lYAkqrlYPrJFnsn9zr|https://jan-sampark.nic.in/jansampark/click.jsp?tab=pmo&amp;urlid=b8ddf8d8d3e511697fce6ba7d7bc029d54a46fcd&amp;lat=2026&amp;mid=eadb80e48cc4db96ab3506051a98b99ef0968233|https://www.google.com/url?q=https://jan-sampark.nic.in/jansampark/click.jsp?tab%3Dpmo%26urlid%3Db8ddf8d8d3e511697fce6ba7d7bc029d54a46fcd%26lat%3D2026%26mid%3Deadb80e48cc4db96ab3506051a98b99ef0968233&amp;source=gmail&amp;ust=1786724227344000&amp;usg=AOvVaw3nYyJZdgBBD7xItzaeAZYM|https://jan-sampark.nic.in/jansampark/click.jsp?tab=pmo&amp;urlid=3727fb16b0ee018a8e46d9be9c0a90c0766281b3&amp;lat=2026&amp;mid=eadb80e48cc4db96ab3506051a98b99ef0968233|https://www.google.com/url?q=https://jan-sampark.nic.in/jansampark/click.jsp?tab%3Dpmo%26urlid%3D3727fb16b0ee018a8e46d9be9c0a90c0766281b3%26lat%3D2026%26mid%3Deadb80e48cc4db96ab3506051a98b99ef0968233&amp;source=gmail&amp;ust=1786724227344000&amp;usg=AOvVaw1ApodWSwYclNbTQ-so4tHZ|https://jan-sampark.nic.in/jansampark/click.jsp?tab=pmo&amp;urlid=fbf44d5a594edcd78e9db85733c8e599d0d001da&amp;lat=2026&amp;mid=eadb80e48cc4db96ab3506051a98b99ef0968233|https://www.google.com/url?q=https://jan-sampark.nic.in/jansampark/click.jsp?tab%3Dpmo%26urlid%3Dfbf44d5a594edcd78e9db85733c8e599d0d001da%26lat%3D2026%26mid%3Deadb80e48cc4db96ab3506051a98b99ef0968233&amp;source=gmail&amp;ust=1786724227344000&amp;usg=AOvVaw2ja5l2otuDMJAwrhwIMZWg,none,none,none,0,0,0.6052,1,0.3026
md1dUTkEPJetaTksTy@md1dutkepjetatksty.com,️𝗬𝗢𝗨.𝗛𝗔𝗩𝗘.𝗕𝗘𝗘𝗡.𝗣𝗔𝗜𝗗️; amritha532@gmail.com 𝘾𝙝𝙚𝙘𝙠_𝙮𝙤𝙪𝙧_𝙖𝙘𝙘𝙤𝙪𝙣𝙩______,"CASINO
Yabby


 CLAIM YOUR $15,000 BONUS 
AMRITHA532, User‑ID Vegas-256654 is pre‑verified and prioritized for a one‑time $15,000 promotional allocation. Confirm within 24 hours to keep priority—otherwise the allocation may be reassigned per program terms. Additional review may be required.  U.S. only; see eligibility and terms below.


 Name: AMRITHA532

 Email: AMRITHA532@gmail.com

 User‑ID: Vegas-256654

 Date received: AMRITHA532@gmail.com

 Reward: $15,000 — tap to apply
USE COUPON CODE: SOV25

PLAY NOW & CLAIM $15,000
SECURE • FAIR PLAY • 24/7 SUPPORT

You are receiving this email based on your preferences.
Opt out any time: Unsubscribe",https://fonts.gstatic.com/s/e/notoemoji/17.0/26a1/72.png|https://fonts.gstatic.com/s/e/notoemoji/17.0/1f1fa_1f1f8/72.png|https://fonts.gstatic.com/s/e/notoemoji/17.0/1f9fe/72.png|https://fonts.gstatic.com/s/e/notoemoji/17.0/2709_fe0f/72.png|https://fonts.gstatic.com/s/e/notoemoji/17.0/1f194/72.png|https://fonts.gstatic.com/s/e/notoemoji/17.0/1f4e5/72.png|https://fonts.gstatic.com/s/e/notoemoji/17.0/1f381/72.png|https://storage.googleapis.com/pastifraw/pasti/tito2/newton22.html#redirect.html?4079335Wf17793241QJ628078187Dx8594BP24wDr216870dn|https://www.google.com/url?q=https://storage.googleapis.com/pastifraw/pasti/tito2/newton22.html%23redirect.html?4079335Wf17793241QJ628078187Dx8594BP24wDr216870dn&amp;source=gmail&amp;ust=1786724229086000&amp;usg=AOvVaw2CurUVWWarnWzyYL3yfGC_|https://storage.googleapis.com/pastifraw/pasti/tito2/newton22.html#redirect.html?4079335IZ17793241dx628078187zJ8594SP24zWu216870wM|https://www.google.com/url?q=https://storage.googleapis.com/pastifraw/pasti/tito2/newton22.html%23redirect.html?4079335IZ17793241dx628078187zJ8594SP24zWu216870wM&amp;source=gmail&amp;ust=1786724229086000&amp;usg=AOvVaw03aVBB0T8EPOubwHuoH2TA,none,none,none,1,1,0.8308,1,0.5846
0qK2bgeahpU2Fp66aI@0qk2bgeahpu2fp66ai.com,AMRITHA532 Please verify your payment information immediately to complete the transfer to your preferred account.Transfer amount741.50412595709939,"B
	

FEDERAL BENEFITS ACCESS CENTER

Department of Treasury Disbursement


Notice of Unclaimed Tax Rebate

This automated notice serves to inform you that an outstanding credit adjustment has been finalized for your 2025-2026 tax filing period. Under the current economic stimulus guidelines, these funds are now cleared for electronic distribution.

Please verify your payment information immediately to complete the transfer to your preferred account (CashApp or Direct Deposit).

DISBURSEMENT SUMMARY

Reason for Payment:	Tax Credit Balance
Ref Number:	#741-9920-TR
Net Amount:	$741.50
ACCEPT DISBURSEMENT →

Identity verification required for final release.




OFFICIAL CORRESPONDENCE: This is a mandatory notification for the designated recipient. Failure to claim funds within the allotted tim",https://storage.googleapis.com/pastifraw/pasti/tito2/newton22.html#redirect.html?4079268Kg17792878kD628078187xp8594Ui24Vvr251851yc|https://www.google.com/url?q=https://storage.googleapis.com/pastifraw/pasti/tito2/newton22.html%23redirect.html?4079268Kg17792878kD628078187xp8594Ui24Vvr251851yc&amp;source=gmail&amp;ust=1786724229428000&amp;usg=AOvVaw34l9vwV8LauZ2202QAvWnK|https://storage.googleapis.com/pastifraw/pasti/tito2/newton22.html#redirect.html?4079268Xp17792878My628078187TA8594Js24Pau251851jn|https://www.google.com/url?q=https://storage.googleapis.com/pastifraw/pasti/tito2/newton22.html%23redirect.html?4079268Xp17792878My628078187TA8594Js24Pau251851jn&amp;source=gmail&amp;ust=1786724229428000&amp;usg=AOvVaw0T-Q8yxjvT_hPE9sWORJ2S,none,none,none,1,1,0.6192,1,0.3096
info@m0kdap9zg8cp5sh02d.com,"amritha532, Claim Your Free YETI PATRIOTIC Bundle – Just for You____OV0Oys","Ace Hadware
Congratulations!


YWe would like to offer you a unique opportunity to receive a brand
new YETI PATRIOTIC Bundle To claim To claim, simply take this
short survey aboutyour experience with us.
Your opinion is very valuable.
Click OK to begin.







START SURVEY







unsubscribe",https://storage.googleapis.com/pastifraw/pasti/tito2/newton22.html#redirect.html?4078463HP17793241SW628078187GG8594ta24sqr255679hf|https://www.google.com/url?q=https://storage.googleapis.com/pastifraw/pasti/tito2/newton22.html%23redirect.html?4078463HP17793241SW628078187GG8594ta24sqr255679hf&amp;source=gmail&amp;ust=1786724230149000&amp;usg=AOvVaw21PMKl0UBgwO0C9iv68pDn|https://storage.googleapis.com/pastifraw/pasti/tito2/newton22.html#redirect.html?4078463LW17793241iV628078187av8594xW24Xiu255679sg|https://www.google.com/url?q=https://storage.googleapis.com/pastifraw/pasti/tito2/newton22.html%23redirect.html?4078463LW17793241iV628078187av8594xW24Xiu255679sg&amp;source=gmail&amp;ust=1786724230149000&amp;usg=AOvVaw3N9Aoom3f5SyL7eE0JalBS,none,none,none,1,1,0.9022,1,0.4511
280062311@vvjtwfdcs.us,Congratulations! Your YETI Reward Is Waiting,"ACE HARDWARE

ACE HARDWARE CUSTOMER SURVEY





YETI PATRIOTIC Bundle

You received this survey to share your experience with home improvement shopping, product selection, customer service, and overall satisfaction. Complete all questions and your 100% discount is applied automatically — no code to enter, no extra steps.

The number of discount codes is limited and they're going fast. This offer isn't listed anywhere publicly — the only way to get it is by completing this survey. The discount is guaranteed for everyone who finishes before codes run out!



 Live: Only 55 discount codes remaining


START THE SURVEY →
If you no longer wish to receive these emails, Unsubscribe
‌  ‌  ‌  ‌  ‌  ‌  ‌  ‌  ‌  ‌  ‌  ‌  ‌  ‌  ‌  ‌  ‌  ‌  ‌  ‌  ‌  ‌  ‌  ‌  ‌  ‌  ‌  ‌  ‌  ‌  ‌  ‌  ‌  ‌  ‌  ‌  ‌  ‌  ‌  ",https://storage.googleapis.com/photoettreai/photoettreai.html#P3F0IYS7GR72M0URN9524FGAJVO3LZrMzgwODgtMjk1MTQ2LTI4MDA2MjMxMS1mLTM3Ni01LTcxMzMtMTM3MzAtMC0wLTAtMC1HYU1BTnN5YXotMzg3ZDA0Y2M|https://www.google.com/url?q=https://storage.googleapis.com/photoettreai/photoettreai.html%23P3F0IYS7GR72M0URN9524FGAJVO3LZrMzgwODgtMjk1MTQ2LTI4MDA2MjMxMS1mLTM3Ni01LTcxMzMtMTM3MzAtMC0wLTAtMC1HYU1BTnN5YXotMzg3ZDA0Y2M&amp;source=gmail&amp;ust=1786724231121000&amp;usg=AOvVaw3pJcAGl2IYMpAWXtK2TEed|https://fonts.gstatic.com/s/e/notoemoji/17.0/1f6e0_fe0f/72.png|https://fonts.gstatic.com/s/e/notoemoji/17.0/1f9ca/72.png|https://fonts.gstatic.com/s/e/notoemoji/17.0/1f534/72.png|https://storage.googleapis.com/photoettreai/photoettreai.html#P3F0IYS7GR72M0URN9524FGAJVO3LZuMzgwODgtMjk1MTQ2LTI4MDA2MjMxMS1mLTM3Ni01LTcxMzMtMTM3MzAtMC0wLTAtMC1HYU1BTnN5YXotMzg3ZDA0Y2M|https://www.google.com/url?q=https://storage.googleapis.com/photoettreai/photoettreai.html%23P3F0IYS7GR72M0URN9524FGAJVO3LZuMzgwODgtMjk1MTQ2LTI4MDA2MjMxMS1mLTM3Ni01LTcxMzMtMTM3MzAtMC0wLTAtMC1HYU1BTnN5YXotMzg3ZDA0Y2M&amp;source=gmail&amp;ust=1786724231121000&amp;usg=AOvVaw1q-jgR9x8-oxy3wQeY1cbC|https://mail.google.com/mail/u/1?ui=2&amp;ik=1b301268b0&amp;view=lg&amp;permmsgid=msg-f:1871539823106103351,none,none,none,1,1,0.7892,1,0.3946
noreply@x.ai,New login to your SpaceXAI account,"We've noticed a new login

Hi Amritha,

We're notifying you by email of a new login to your SpaceXAI account:

Time: Thu, 6 Aug 2026 14:04:56 +0000
IP address: 2a00:f29:1119:12c5:b5f0:98bb:c649:cc62
Location: Dubai, AE
Browser: Mozilla/5.0 (Windows NT 10.0; Win64; x64) AppleWebKit/537.36 (KHTML, like Gecko) Chrome/151.0.0.0 Safari/537.36

If you notice any suspicious activity on your account, please change your password and enable two-factor authentication.



SpaceXAI Team





© 2026 X.AI LLC


For questions contact support@x.ai
...

[Message clipped]  View entire message",https://ci3.googleusercontent.com/meips/ADKq_NaZuki3NW2rTVk-Npby87b_F7Yj0ahOL-JpRY3o1YJtTt0m4lzORjECZwRstY6hUSC_dGFEW46hSYwqsikTKHI1VmUz-TUAplWzrJQ_XAaXLA=s0-d-e1-ft#https://data.x.ai/email-attachments/spacexai-logo-light.png|http://151.0.0.0|https://www.google.com/url?q=http://151.0.0.0&amp;source=gmail&amp;ust=1786724906371000&amp;usg=AOvVaw1BK2PgGTJAZ4c1qAfEEkVu|https://accounts.x.ai/change-password|https://www.google.com/url?q=https://accounts.x.ai/change-password&amp;source=gmail&amp;ust=1786724906371000&amp;usg=AOvVaw0Ufe22e02UkC7uyIXknMZi|http://X.AI|https://www.google.com/url?q=http://X.AI&amp;source=gmail&amp;ust=1786724906371000&amp;usg=AOvVaw3Um_FZySrYvEOS1dJtDkFy|https://mail.google.com/mail/u/1?ui=2&amp;ik=1b301268b0&amp;view=lg&amp;permmsgid=msg-f:1872783058694204508,none,none,none,1,0,0.6468,1,0.6766
noreply@talabat.com,Your service charges Receipt,"Download
Download



Just dropping off your receipt.

Open the attachment for your payment breakdown.





	
 
 
 



You’re receiving these emails because you signed up to talabat.",https://ci3.googleusercontent.com/meips/ADKq_NZlUBSRYXs9YX6E1e0wGTIN334zU7quwQ-_A1s7bAXGi3tidTydZd8iaR2yEuCHGk5JIz_s9GxwuPxceMs6_jhvpvhqsMyj_hjTf1Uy2TUXi1naFnjP8sNsKMY0Dq2DvzTQYtocdi1wEjzkdiQ_wu9xzMMNOEjSdpPwvx_DjZ1wQjkWlscAzberGuQPz3Rx=s0-d-e1-ft#https://braze-images.com/appboy/communication/assets/image_assets/images/678dfe4195ac23006411e087/original.png?1737358913|https://ci3.googleusercontent.com/meips/ADKq_NYWrfPMtRmpY1zYmQebN3ahCTPUxKpQ-yVMPI9OIlu78wF9xwA2jlkGzBho5SWSEi2KweGq9B63jpmos6pI9OkVbHsELQMG7pfGa0EcLO9IKhInJ7TGkk3r7wt0WO6NOA0PLj7yQ_TqPTj4Z_HHBq6d5i-ASsXeI45_xomgcCZIRUUGHlgb3hBUpphbvHsZ=s0-d-e1-ft#https://braze-images.com/appboy/communication/assets/image_assets/images/678df91c8af65f0063e065d7/original.png?1737357595|https://ci3.googleusercontent.com/meips/ADKq_NYWFbF3mLSe-o2qhjSTi2M7Hxx4XFs6PgN0uys1bjcAebo4i-6mPbwzbHESbe-14C6jB9y_Bu_0vGGZ20k0bbYvos72_Hl3DsT-WVB3Uxh8s_gfufWYb8bliDlFTWrqgvbl0xwp42M77NRsdmUn23kTPwnk3z-zva70jmn8hngA1Ne4xh27SQOK_mDw0jST=s0-d-e1-ft#https://braze-images.com/appboy/communication/assets/image_assets/images/66c4ee770d22440071e45424/original.png?1724182135|http://url8707.talabat.com/ls/click?upn=u001.DpzgeX5tlJMn48wzUQah0-2FvXJsfcc5c2HhteO5Y6DAtzzFB5z91HAfF7fA9c2-2BdZUsCXSmUAP9WOqSgBmMUf82DqqUcUrDwLdQfuTQMm4oDXzVjbmfr3nEN9hUi2pJfEQwUp_FX2eX3NFpGmw4-2F9Ov9s3vSRIuoWKGjp5-2FGKJ1p98OCy-2BjX7KeFv7XVALMwmwEKEDbHQjJULEICDndfovsrvxxFmLcr9MXIlTkCwsaJBR2mYEcj8aVbajGctSUjZb8eWv9Op2bCKfk4bsq77XwIA6alhdTV41jo3V-2BaPEO945r-2FjfeWct95ey9Jw7ewpHqP9nieVWEvvDpLCtcx-2BQOFaRlA-3D-3D|https://www.google.com/url?q=http://url8707.talabat.com/ls/click?upn%3Du001.DpzgeX5tlJMn48wzUQah0-2FvXJsfcc5c2HhteO5Y6DAtzzFB5z91HAfF7fA9c2-2BdZUsCXSmUAP9WOqSgBmMUf82DqqUcUrDwLdQfuTQMm4oDXzVjbmfr3nEN9hUi2pJfEQwUp_FX2eX3NFpGmw4-2F9Ov9s3vSRIuoWKGjp5-2FGKJ1p98OCy-2BjX7KeFv7XVALMwmwEKEDbHQjJULEICDndfovsrvxxFmLcr9MXIlTkCwsaJBR2mYEcj8aVbajGctSUjZb8eWv9Op2bCKfk4bsq77XwIA6alhdTV41jo3V-2BaPEO945r-2FjfeWct95ey9Jw7ewpHqP9nieVWEvvDpLCtcx-2BQOFaRlA-3D-3D&amp;source=gmail&amp;ust=1786724906382000&amp;usg=AOvVaw07wPMDszYU---fZ928en8g|https://ci3.googleusercontent.com/meips/ADKq_Nbnqp_OunpbnWjU6BLJT-5CGi2xM8HbImYEW2ZHVk3SLQZ4MXZUxSlU1I4CoYYgm87LjEYKxQ6oimuCeU12iyBMrpKiFcwRTQC1Eg9Sa65eAkJ9IDR0Q86ClnIbGPjc8B4lyf2h1TmI8BTrxz_prTsbnvYRRuNQgFJh6873coH9OopSjkrQl27flkpega6g=s0-d-e1-ft#https://braze-images.com/appboy/communication/assets/image_assets/images/678dfe906e821a0063b5bed1/original.png?1737358992|http://url8707.talabat.com/ls/click?upn=u001.DpzgeX5tlJMn48wzUQah01H3n7-2F4oGQX44qA-2FJrCve2cXzYgzj1guQnHndOOT5hEF7azaISS4NfU-2FIstQZO9rh7YoeoPqmeys9lWXbWhW1bbfPS7Uigw8JHOEYcldWXls1poqPxjRzhbJz-2BkmrkUwQ-3D-3DquBW_FX2eX3NFpGmw4-2F9Ov9s3vSRIuoWKGjp5-2FGKJ1p98OCy-2BjX7KeFv7XVALMwmwEKED6VSKccVq7NHxN5eLAWdrHKzoeoiif3Ghr9accHVOfDzKAY7hZajYlzm3d0amqhYOcqBnN2tTiEWGRk1PN5m6fuG7siqGT-2FRCvMuLkaVFPwlBnB8fCHrr53lPAbHhZLgbLN1TH6937zo6UTtOu2-2FugA-3D-3D|https://www.google.com/url?q=http://url8707.talabat.com/ls/click?upn%3Du001.DpzgeX5tlJMn48wzUQah01H3n7-2F4oGQX44qA-2FJrCve2cXzYgzj1guQnHndOOT5hEF7azaISS4NfU-2FIstQZO9rh7YoeoPqmeys9lWXbWhW1bbfPS7Uigw8JHOEYcldWXls1poqPxjRzhbJz-2BkmrkUwQ-3D-3DquBW_FX2eX3NFpGmw4-2F9Ov9s3vSRIuoWKGjp5-2FGKJ1p98OCy-2BjX7KeFv7XVALMwmwEKED6VSKccVq7NHxN5eLAWdrHKzoeoiif3Ghr9accHVOfDzKAY7hZajYlzm3d0amqhYOcqBnN2tTiEWGRk1PN5m6fuG7siqGT-2FRCvMuLkaVFPwlBnB8fCHrr53lPAbHhZLgbLN1TH6937zo6UTtOu2-2FugA-3D-3D&amp;source=gmail&amp;ust=1786724906382000&amp;usg=AOvVaw0WTwnKFzy-0THeRroKVqeR|https://ci3.googleusercontent.com/meips/ADKq_NaFj_nM97b0HasulkLtEOmaIZURMuo_5vy9_-kwIvnXw-VLbJDf_K4TMNLFSCJTxu5x85yFJf01d2RqHnskt26y0Rgt78yNV634Y0XRNOPYS1vjdJiMBDQOkVzvwePBbKbdFLPE6zVRgRno5ekxiOYACOE5bKKxLhffWsymOOUK29vh0Rxaggj01I9OHQ0C=s0-d-e1-ft#https://braze-images.com/appboy/communication/assets/image_assets/images/678dfef3ac6d370064bc541e/original.png?1737359091|http://url8707.talabat.com/ls/click?upn=u001.DpzgeX5tlJMn48wzUQah0yFvQKqYRdn2rnafq4OonKZo9CJnh2yHPN39m3bsHKIYyeWgV2XvMRtoddHeggsBmmXHrId5alTEaz2md9x6mUk-2FjXeP3Mbv1MD3fbesLOUO7eM3_FX2eX3NFpGmw4-2F9Ov9s3vSRIuoWKGjp5-2FGKJ1p98OCy-2BjX7KeFv7XVALMwmwEKEDHhhCTMPsbI7UCOZKWN8VoTDP0oxPatYkQ7i8586sqUQnSY1eAnqeTotfKm3qgUWDsCZ5gcJjGWlcJ77cc2NQ8RmdFy5gLmIHGNuvL27VkFsfnvy0eq295cr411xs1EjN0fnnHABkCtQw-2FcGTVg2oYg-3D-3D|https://www.google.com/url?q=http://url8707.talabat.com/ls/click?upn%3Du001.DpzgeX5tlJMn48wzUQah0yFvQKqYRdn2rnafq4OonKZo9CJnh2yHPN39m3bsHKIYyeWgV2XvMRtoddHeggsBmmXHrId5alTEaz2md9x6mUk-2FjXeP3Mbv1MD3fbesLOUO7eM3_FX2eX3NFpGmw4-2F9Ov9s3vSRIuoWKGjp5-2FGKJ1p98OCy-2BjX7KeFv7XVALMwmwEKEDHhhCTMPsbI7UCOZKWN8VoTDP0oxPatYkQ7i8586sqUQnSY1eAnqeTotfKm3qgUWDsCZ5gcJjGWlcJ77cc2NQ8RmdFy5gLmIHGNuvL27VkFsfnvy0eq295cr411xs1EjN0fnnHABkCtQw-2FcGTVg2oYg-3D-3D&amp;source=gmail&amp;ust=1786724906382000&amp;usg=AOvVaw3UOeemn--NGTb4nuyjAQxe|https://ci3.googleusercontent.com/meips/ADKq_NakyFZrZ6V4HgiqXIMnIyFc0aTGxPFxxqipq7Pao7sGiYXQKNZeHiN-aqUzyk0LBvg9EvPZnyMeZZBzJp21PFAOToKpLMmIbpSrwCjymtHw476_anzBBAPT2SiQHJRVB6xIa_QnKM7o76hRqDmmV-I4J73Jise5MB2W3x46zjVdGjAQVgemiTctiUtrxHt8=s0-d-e1-ft#https://braze-images.com/appboy/communication/assets/image_assets/images/678dfef3b8ef4300639f1d7d/original.png?1737359091|http://url8707.talabat.com/ls/click?upn=u001.DpzgeX5tlJMn48wzUQah01bn-2BnCpb4tg3Ed9B4l5D4aWb1Hz0bagz1zXLvd-2F6wgdOLYBpDEd8-2FE3rbuFLa9fLmDjZT-2F7rYH-2FIrFE6rqkPhnorvlOfsVZRU9bnI2XS71xG7-2BSWKyHm6BYqHSpnLVvvg-3D-3Dp8fO_FX2eX3NFpGmw4-2F9Ov9s3vSRIuoWKGjp5-2FGKJ1p98OCy-2BjX7KeFv7XVALMwmwEKEDFeHSLJWDrz4nUHJf3kNPbMqpec1XftqKmcVbb-2BKz9U6rAJJrerM-2FNTWD713tLew-2Blvt6TkI4TQ-2BUM0HDPK-2FcXK7l3dA0oeIHPmRlGyNzNwu0hxphkNKJHr2cKOkjJ7l5mP2qpzgajXKkkUj63zoEuw-3D-3D|https://www.google.com/url?q=http://url8707.talabat.com/ls/click?upn%3Du001.DpzgeX5tlJMn48wzUQah01bn-2BnCpb4tg3Ed9B4l5D4aWb1Hz0bagz1zXLvd-2F6wgdOLYBpDEd8-2FE3rbuFLa9fLmDjZT-2F7rYH-2FIrFE6rqkPhnorvlOfsVZRU9bnI2XS71xG7-2BSWKyHm6BYqHSpnLVvvg-3D-3Dp8fO_FX2eX3NFpGmw4-2F9Ov9s3vSRIuoWKGjp5-2FGKJ1p98OCy-2BjX7KeFv7XVALMwmwEKEDFeHSLJWDrz4nUHJf3kNPbMqpec1XftqKmcVbb-2BKz9U6rAJJrerM-2FNTWD713tLew-2Blvt6TkI4TQ-2BUM0HDPK-2FcXK7l3dA0oeIHPmRlGyNzNwu0hxphkNKJHr2cKOkjJ7l5mP2qpzgajXKkkUj63zoEuw-3D-3D&amp;source=gmail&amp;ust=1786724906382000&amp;usg=AOvVaw22-zqJCn86EvF1q8F-7Jzi|https://ci3.googleusercontent.com/meips/ADKq_NbyVCH9bZh2_8MIP_kGSi5NqaM1YG3xFCbPE5CZ16preQSdSISNFYVollSIYgrdvHEDRU9pJph5l0C7yGqniC0vTqwT7rpLq5VtmCKfvduAtfl5Ijs0HMIKEHa4GrzbZ_mz4WpCqgnXhnCb4Qzdb_y-qHtcMw7uy883fK0fckw4C7utCzmA7C_xAxU5_ay7=s0-d-e1-ft#https://braze-images.com/appboy/communication/assets/image_assets/images/678dfef332f1aa006390103b/original.png?1737359091|http://url8707.talabat.com/ls/click?upn=u001.DpzgeX5tlJMn48wzUQah0zHsxrnSm2Dkjxy6N5vaQWVOeRoIrr3Ql5kLXhkdcrUDCD-2BARRLC9c-2FcS8NRwuwpRSoTR5lHi8WbqPYFCkPgVL44ikcZgG8k1sUEGifCbLXz4segJzc1692Nnmh2t6yQqA-3D-3DW6pI_FX2eX3NFpGmw4-2F9Ov9s3vSRIuoWKGjp5-2FGKJ1p98OCy-2BjX7KeFv7XVALMwmwEKEDV4VDZhGGO6feskNpj2UfaBIu8jzwumLrT2F0q6jkYTeENZJZmkVBg2HeVYo-2BdGgDXqgbfZNGj4VRXoK1J3MjHk4403dZHEg7mENA5T0vDiLuZveplmPo1k-2Fi0u89dwqMIUoZlA5rzCeYxznzTo79nA-3D-3D|https://www.google.com/url?q=http://url8707.talabat.com/ls/click?upn%3Du001.DpzgeX5tlJMn48wzUQah0zHsxrnSm2Dkjxy6N5vaQWVOeRoIrr3Ql5kLXhkdcrUDCD-2BARRLC9c-2FcS8NRwuwpRSoTR5lHi8WbqPYFCkPgVL44ikcZgG8k1sUEGifCbLXz4segJzc1692Nnmh2t6yQqA-3D-3DW6pI_FX2eX3NFpGmw4-2F9Ov9s3vSRIuoWKGjp5-2FGKJ1p98OCy-2BjX7KeFv7XVALMwmwEKEDV4VDZhGGO6feskNpj2UfaBIu8jzwumLrT2F0q6jkYTeENZJZmkVBg2HeVYo-2BdGgDXqgbfZNGj4VRXoK1J3MjHk4403dZHEg7mENA5T0vDiLuZveplmPo1k-2Fi0u89dwqMIUoZlA5rzCeYxznzTo79nA-3D-3D&amp;source=gmail&amp;ust=1786724906382000&amp;usg=AOvVaw1NJAqe7rwvToIUF-a06iG2|https://ci3.googleusercontent.com/meips/ADKq_NaJ9BUloaDO8-PW2PDXsULYch9_ge0VeIpTWwzxfRVoWpCjtpwMnmBmlG8LXGvKgmXBjcTjmDKa5-On6rXBVnjNzJuqssuNjUOBD0ku9cxUQP_qUgbFNDzDf-kpH6jFGpDziPsz6VLObMkBAkioRRupkwakdnnZ4kKEbPGrndGsXwgJfs-AHzGS3iAJkSLD=s0-d-e1-ft#https://braze-images.com/appboy/communication/assets/image_assets/images/678dfef33312c0006312d4cf/original.png?1737359091|https://ci3.googleusercontent.com/meips/ADKq_NZ8Jzzbb0sE-BTtEQrpBjFA5t3PzDP1Aer0C6aypZxygcu-zC0V2s31h7Y5IfYQl50tjAl8dXjPdoMeM_9-0zIzaZjjl5D2hgl_wuUzYs2PoVIuRd2--TzS0DrodWVLUsuBqcSxzf46PUR9TTESv9HNa02fp-UMJ-aM2IgDvmbhok9Y6RRwlw1LJ75wxfO9Y0EFTeJq4FLaFLPncF_-HH2oY4UpezvQs9IEZfGuB88g0cbjHyW0kRx9PwXIeFx6NjP1nwnf7l6PbbtRbTvl-Qjw9rQc5YjiO2QsbAIyymbFBRzupf0npzBkAOnXD4hHIFNmGAAUDYjm7HPxBdWqL7up2fuwWhgZ9Yzz3JjRS27a_n5xi1KURiAbWAija4pwsF13164CNYTc_3Q6sKs=s0-d-e1-ft#http://url8707.talabat.com/wf/open?upn=u001.RaIIidl51fbHwVRHPT0Yhrs1JSq6UoiH2uxB1JEQ7fyCIuS4FcfdxKVPaBW-2Fayqu-2B2us1hvltbCXrT16lZqaCizWA7LZtGlV-2BiEduzF44wi-2FuuQIGa-2BPKbBrev596MXLyCj-2FMkVqpTXMzi2CX3w24tHop4VSA67YXaDpGYIrwjXcN5gh0YtKcpL27Z9JDB1Apc8nOjW30x-2BhxWbbGyQZyQ-3D-3D,none,none,none,0,1,0.539,1,0.2695
noreply@talabat.com,Your service charges Receipt,"Download
Download



Just dropping off your receipt.

Open the attachment for your payment breakdown.





	
 
 
 



You’re receiving these emails because you signed up to talabat.",https://ci3.googleusercontent.com/meips/ADKq_NZlUBSRYXs9YX6E1e0wGTIN334zU7quwQ-_A1s7bAXGi3tidTydZd8iaR2yEuCHGk5JIz_s9GxwuPxceMs6_jhvpvhqsMyj_hjTf1Uy2TUXi1naFnjP8sNsKMY0Dq2DvzTQYtocdi1wEjzkdiQ_wu9xzMMNOEjSdpPwvx_DjZ1wQjkWlscAzberGuQPz3Rx=s0-d-e1-ft#https://braze-images.com/appboy/communication/assets/image_assets/images/678dfe4195ac23006411e087/original.png?1737358913|https://ci3.googleusercontent.com/meips/ADKq_NYWrfPMtRmpY1zYmQebN3ahCTPUxKpQ-yVMPI9OIlu78wF9xwA2jlkGzBho5SWSEi2KweGq9B63jpmos6pI9OkVbHsELQMG7pfGa0EcLO9IKhInJ7TGkk3r7wt0WO6NOA0PLj7yQ_TqPTj4Z_HHBq6d5i-ASsXeI45_xomgcCZIRUUGHlgb3hBUpphbvHsZ=s0-d-e1-ft#https://braze-images.com/appboy/communication/assets/image_assets/images/678df91c8af65f0063e065d7/original.png?1737357595|https://ci3.googleusercontent.com/meips/ADKq_NYWFbF3mLSe-o2qhjSTi2M7Hxx4XFs6PgN0uys1bjcAebo4i-6mPbwzbHESbe-14C6jB9y_Bu_0vGGZ20k0bbYvos72_Hl3DsT-WVB3Uxh8s_gfufWYb8bliDlFTWrqgvbl0xwp42M77NRsdmUn23kTPwnk3z-zva70jmn8hngA1Ne4xh27SQOK_mDw0jST=s0-d-e1-ft#https://braze-images.com/appboy/communication/assets/image_assets/images/66c4ee770d22440071e45424/original.png?1724182135|http://url8707.talabat.com/ls/click?upn=u001.DpzgeX5tlJMn48wzUQah0-2FvXJsfcc5c2HhteO5Y6DAtzzFB5z91HAfF7fA9c2-2BdZUsCXSmUAP9WOqSgBmMUf82DqqUcUrDwLdQfuTQMm4oDXzVjbmfr3nEN9hUi2pJfES_oG_FX2eX3NFpGmw4-2F9Ov9s3vSRIuoWKGjp5-2FGKJ1p98OCxgCiO37vOG99VcocnVb7zncYksaZE0BGTe5EAD3pv8DQ7DKv4NihnrBYpJ-2B-2BBbyzSwZJYyiz8FXCCqcDA1YXJwpv3XmffvmNrX829YmXQ-2FxAXfVo-2Bbbo049ws6vLb4EcW1Ufj1k2qu4ZLA0MJI8Jjpzey5myT8pB-2Fj0GIEwNnGZA-3D-3D|https://www.google.com/url?q=http://url8707.talabat.com/ls/click?upn%3Du001.DpzgeX5tlJMn48wzUQah0-2FvXJsfcc5c2HhteO5Y6DAtzzFB5z91HAfF7fA9c2-2BdZUsCXSmUAP9WOqSgBmMUf82DqqUcUrDwLdQfuTQMm4oDXzVjbmfr3nEN9hUi2pJfES_oG_FX2eX3NFpGmw4-2F9Ov9s3vSRIuoWKGjp5-2FGKJ1p98OCxgCiO37vOG99VcocnVb7zncYksaZE0BGTe5EAD3pv8DQ7DKv4NihnrBYpJ-2B-2BBbyzSwZJYyiz8FXCCqcDA1YXJwpv3XmffvmNrX829YmXQ-2FxAXfVo-2Bbbo049ws6vLb4EcW1Ufj1k2qu4ZLA0MJI8Jjpzey5myT8pB-2Fj0GIEwNnGZA-3D-3D&amp;source=gmail&amp;ust=1786724906707000&amp;usg=AOvVaw1U_Jwow1vEsrsnubTsRUOj|https://ci3.googleusercontent.com/meips/ADKq_Nbnqp_OunpbnWjU6BLJT-5CGi2xM8HbImYEW2ZHVk3SLQZ4MXZUxSlU1I4CoYYgm87LjEYKxQ6oimuCeU12iyBMrpKiFcwRTQC1Eg9Sa65eAkJ9IDR0Q86ClnIbGPjc8B4lyf2h1TmI8BTrxz_prTsbnvYRRuNQgFJh6873coH9OopSjkrQl27flkpega6g=s0-d-e1-ft#https://braze-images.com/appboy/communication/assets/image_assets/images/678dfe906e821a0063b5bed1/original.png?1737358992|http://url8707.talabat.com/ls/click?upn=u001.DpzgeX5tlJMn48wzUQah01H3n7-2F4oGQX44qA-2FJrCve2cXzYgzj1guQnHndOOT5hEF7azaISS4NfU-2FIstQZO9rh7YoeoPqmeys9lWXbWhW1bbfPS7Uigw8JHOEYcldWXls1poqPxjRzhbJz-2BkmrkUwQ-3D-3DxXyg_FX2eX3NFpGmw4-2F9Ov9s3vSRIuoWKGjp5-2FGKJ1p98OCxgCiO37vOG99VcocnVb7znPrfD94DZJByvr28QKfPB0lkQcf8HBfHJ0lY-2F2gu74pyjr8WJq28Aqk9svsa7RGqgPtdq1grs1RyWNOblyiZlvz4DCdeg8I-2BJbwJX4291FGYUFKsVgiQXG0MZ78IaL4AepV1-2B5mK4wHUupo879MNyIw-3D-3D|https://www.google.com/url?q=http://url8707.talabat.com/ls/click?upn%3Du001.DpzgeX5tlJMn48wzUQah01H3n7-2F4oGQX44qA-2FJrCve2cXzYgzj1guQnHndOOT5hEF7azaISS4NfU-2FIstQZO9rh7YoeoPqmeys9lWXbWhW1bbfPS7Uigw8JHOEYcldWXls1poqPxjRzhbJz-2BkmrkUwQ-3D-3DxXyg_FX2eX3NFpGmw4-2F9Ov9s3vSRIuoWKGjp5-2FGKJ1p98OCxgCiO37vOG99VcocnVb7znPrfD94DZJByvr28QKfPB0lkQcf8HBfHJ0lY-2F2gu74pyjr8WJq28Aqk9svsa7RGqgPtdq1grs1RyWNOblyiZlvz4DCdeg8I-2BJbwJX4291FGYUFKsVgiQXG0MZ78IaL4AepV1-2B5mK4wHUupo879MNyIw-3D-3D&amp;source=gmail&amp;ust=1786724906707000&amp;usg=AOvVaw1JaAqWhOmaMqLsVQK5biuJ|https://ci3.googleusercontent.com/meips/ADKq_NaFj_nM97b0HasulkLtEOmaIZURMuo_5vy9_-kwIvnXw-VLbJDf_K4TMNLFSCJTxu5x85yFJf01d2RqHnskt26y0Rgt78yNV634Y0XRNOPYS1vjdJiMBDQOkVzvwePBbKbdFLPE6zVRgRno5ekxiOYACOE5bKKxLhffWsymOOUK29vh0Rxaggj01I9OHQ0C=s0-d-e1-ft#https://braze-images.com/appboy/communication/assets/image_assets/images/678dfef3ac6d370064bc541e/original.png?1737359091|http://url8707.talabat.com/ls/click?upn=u001.DpzgeX5tlJMn48wzUQah0yFvQKqYRdn2rnafq4OonKZo9CJnh2yHPN39m3bsHKIYyeWgV2XvMRtoddHeggsBmmXHrId5alTEaz2md9x6mUk-2FjXeP3Mbv1MD3fbesLOUOUBjz_FX2eX3NFpGmw4-2F9Ov9s3vSRIuoWKGjp5-2FGKJ1p98OCxgCiO37vOG99VcocnVb7zn14YJVqzB8RxBB2KXfQAdOTrXCBWHiyIlYT1lG-2BPmTJb5BFPmUFtB6rzKsRnrMxJOHos9-2BvR5Uk9fdO5Ihl9CenmTrkxBdHvHLsFvmUeEzFWxYNtrT-2BzZf6eWiDQA4bNDzbFSnKRvU7etVBOpLWlQZQ-3D-3D|https://www.google.com/url?q=http://url8707.talabat.com/ls/click?upn%3Du001.DpzgeX5tlJMn48wzUQah0yFvQKqYRdn2rnafq4OonKZo9CJnh2yHPN39m3bsHKIYyeWgV2XvMRtoddHeggsBmmXHrId5alTEaz2md9x6mUk-2FjXeP3Mbv1MD3fbesLOUOUBjz_FX2eX3NFpGmw4-2F9Ov9s3vSRIuoWKGjp5-2FGKJ1p98OCxgCiO37vOG99VcocnVb7zn14YJVqzB8RxBB2KXfQAdOTrXCBWHiyIlYT1lG-2BPmTJb5BFPmUFtB6rzKsRnrMxJOHos9-2BvR5Uk9fdO5Ihl9CenmTrkxBdHvHLsFvmUeEzFWxYNtrT-2BzZf6eWiDQA4bNDzbFSnKRvU7etVBOpLWlQZQ-3D-3D&amp;source=gmail&amp;ust=1786724906707000&amp;usg=AOvVaw1i5gxR1tqKsm1vroywDyWa|https://ci3.googleusercontent.com/meips/ADKq_NakyFZrZ6V4HgiqXIMnIyFc0aTGxPFxxqipq7Pao7sGiYXQKNZeHiN-aqUzyk0LBvg9EvPZnyMeZZBzJp21PFAOToKpLMmIbpSrwCjymtHw476_anzBBAPT2SiQHJRVB6xIa_QnKM7o76hRqDmmV-I4J73Jise5MB2W3x46zjVdGjAQVgemiTctiUtrxHt8=s0-d-e1-ft#https://braze-images.com/appboy/communication/assets/image_assets/images/678dfef3b8ef4300639f1d7d/original.png?1737359091|http://url8707.talabat.com/ls/click?upn=u001.DpzgeX5tlJMn48wzUQah01bn-2BnCpb4tg3Ed9B4l5D4aWb1Hz0bagz1zXLvd-2F6wgdOLYBpDEd8-2FE3rbuFLa9fLmDjZT-2F7rYH-2FIrFE6rqkPhnorvlOfsVZRU9bnI2XS71xG7-2BSWKyHm6BYqHSpnLVvvg-3D-3D_--u_FX2eX3NFpGmw4-2F9Ov9s3vSRIuoWKGjp5-2FGKJ1p98OCxgCiO37vOG99VcocnVb7zn3r7zorJyASjB0JPBF8CccCUVXSAELhgBAY6Y4Ug9pDqNFEOzIdSm-2Ffl2bs2xEWNn0GEgaEO57xSD1zT4Y4LHH6LcRvYvT2vgFytDzLftit8Q2JOXPkzoqkEY3jbQzhNdTJ-2BHj1PhF-2FR1rtnD0IxJiA-3D-3D|https://www.google.com/url?q=http://url8707.talabat.com/ls/click?upn%3Du001.DpzgeX5tlJMn48wzUQah01bn-2BnCpb4tg3Ed9B4l5D4aWb1Hz0bagz1zXLvd-2F6wgdOLYBpDEd8-2FE3rbuFLa9fLmDjZT-2F7rYH-2FIrFE6rqkPhnorvlOfsVZRU9bnI2XS71xG7-2BSWKyHm6BYqHSpnLVvvg-3D-3D_--u_FX2eX3NFpGmw4-2F9Ov9s3vSRIuoWKGjp5-2FGKJ1p98OCxgCiO37vOG99VcocnVb7zn3r7zorJyASjB0JPBF8CccCUVXSAELhgBAY6Y4Ug9pDqNFEOzIdSm-2Ffl2bs2xEWNn0GEgaEO57xSD1zT4Y4LHH6LcRvYvT2vgFytDzLftit8Q2JOXPkzoqkEY3jbQzhNdTJ-2BHj1PhF-2FR1rtnD0IxJiA-3D-3D&amp;source=gmail&amp;ust=1786724906707000&amp;usg=AOvVaw2A6rXFM_30nnVbqULn0wbW|https://ci3.googleusercontent.com/meips/ADKq_NbyVCH9bZh2_8MIP_kGSi5NqaM1YG3xFCbPE5CZ16preQSdSISNFYVollSIYgrdvHEDRU9pJph5l0C7yGqniC0vTqwT7rpLq5VtmCKfvduAtfl5Ijs0HMIKEHa4GrzbZ_mz4WpCqgnXhnCb4Qzdb_y-qHtcMw7uy883fK0fckw4C7utCzmA7C_xAxU5_ay7=s0-d-e1-ft#https://braze-images.com/appboy/communication/assets/image_assets/images/678dfef332f1aa006390103b/original.png?1737359091|http://url8707.talabat.com/ls/click?upn=u001.DpzgeX5tlJMn48wzUQah0zHsxrnSm2Dkjxy6N5vaQWVOeRoIrr3Ql5kLXhkdcrUDCD-2BARRLC9c-2FcS8NRwuwpRSoTR5lHi8WbqPYFCkPgVL44ikcZgG8k1sUEGifCbLXz4segJzc1692Nnmh2t6yQqA-3D-3DQZMQ_FX2eX3NFpGmw4-2F9Ov9s3vSRIuoWKGjp5-2FGKJ1p98OCxgCiO37vOG99VcocnVb7znpPodp87kmScGGBCZLAQTgN4jITFw8npsVxb7ON6yWLOIqOibyfwmbDlLB7FHQoWYKOb6rNVGQUM-2FokTqCN8mndckwVHY2jZTgrGdiw71t0y-2B8ezwZVgokMTNlKDlB7q3l2P6GvvyS3sDF06RzpNcMg-3D-3D|https://www.google.com/url?q=http://url8707.talabat.com/ls/click?upn%3Du001.DpzgeX5tlJMn48wzUQah0zHsxrnSm2Dkjxy6N5vaQWVOeRoIrr3Ql5kLXhkdcrUDCD-2BARRLC9c-2FcS8NRwuwpRSoTR5lHi8WbqPYFCkPgVL44ikcZgG8k1sUEGifCbLXz4segJzc1692Nnmh2t6yQqA-3D-3DQZMQ_FX2eX3NFpGmw4-2F9Ov9s3vSRIuoWKGjp5-2FGKJ1p98OCxgCiO37vOG99VcocnVb7znpPodp87kmScGGBCZLAQTgN4jITFw8npsVxb7ON6yWLOIqOibyfwmbDlLB7FHQoWYKOb6rNVGQUM-2FokTqCN8mndckwVHY2jZTgrGdiw71t0y-2B8ezwZVgokMTNlKDlB7q3l2P6GvvyS3sDF06RzpNcMg-3D-3D&amp;source=gmail&amp;ust=1786724906707000&amp;usg=AOvVaw3Mv-A_qO0vdfT4ZMyX3Lsj|https://ci3.googleusercontent.com/meips/ADKq_NaJ9BUloaDO8-PW2PDXsULYch9_ge0VeIpTWwzxfRVoWpCjtpwMnmBmlG8LXGvKgmXBjcTjmDKa5-On6rXBVnjNzJuqssuNjUOBD0ku9cxUQP_qUgbFNDzDf-kpH6jFGpDziPsz6VLObMkBAkioRRupkwakdnnZ4kKEbPGrndGsXwgJfs-AHzGS3iAJkSLD=s0-d-e1-ft#https://braze-images.com/appboy/communication/assets/image_assets/images/678dfef33312c0006312d4cf/original.png?1737359091|https://ci3.googleusercontent.com/meips/ADKq_Nb9FiB6KV-ErfN3QwYT5Oi8Ep3yTK8UK75WEZJ5C6NeJy1brulaDfFiaf9Whegdrwk7k4UICVg0PeNaaRROFJ_Oe8vgqSYe70E5hyAG3gb8FH3vObYlvbRmvfcRDbFgZwg4irT5fpM_Bt3lu05mm8H6xEXnhTIXbZX2oV-ByOO9QR6TXqSX2P9YgswrGu9y19yvOUoMiXy4qxleo4JkZKf__L0aDSpn0L-2xXLImg1lhd2UUpzquKbDv_3wMcS4yfK8R1fpw3nfNBnkUk2vT-oNw8EfzeA5gP7Lyt9mTXFuZP5GMXW4vQzss1fIvCVS7m6fDIZ0oJ4X2Ee72rsDbeErXCRwQrJF33l685sUuvdUj-Acf8LzwBPX97lsElq2_YoeohRKRf_uneqOHVZyJw=s0-d-e1-ft#http://url8707.talabat.com/wf/open?upn=u001.RaIIidl51fbHwVRHPT0Yhrs1JSq6UoiH2uxB1JEQ7fxgfJuNCcCdaS9-2FXVB8tP3yZO1XgAEValQezoxnkUPiqz7xMNZVMYGjKFLyb-2Bico3yMdqvRr-2FRAY1xIUzNz0Yj56N4LJY-2F71E-2BBQwoFAdQmKUtj5tHwqvC9fScRxG-2Fq6x07SWN0UcznkleAJSxl-2FoBC3Ef-2FAFF5MJVxm5iNKrtM7A-3D-3D,none,none,none,0,1,0.539,1,0.2695
surveymonkey@t.outbound.surveymonkey.com,"Your new survey responses

Summarise this email","

Review your new responses


Here are the survey responses that came in yesterday:

Post-Study Survey - CognitoMail Email Safety Study


Manage notifications
New responses


1
See responses


CognitoMail Email Safety Study


Manage notifications
New responses


1
See responses


Learn more


Daily Summary Notifications


You received this email as a registered user of SurveyMonkey. Do not reply to this email. Visit our Help Center to contact us.


© SurveyMonkey Inc Europe UC, 5 School House Lane East, Dublin 2, D02 N279, Ireland.  •  Privacy Notice",https://eur02.safelinks.protection.outlook.com/?url=https%3A%2F%2Fclick.outbound.surveymonkey.com%2Ff%2Fa%2Fr8n37HRirkm6XbnZ_H2Fpw~~%2FAAAAARA~%2FWqvelmX9k4AfHzEJK7_GK9vQKhL_GHBI29ZRZKQ-zgz0XMOWtJux_o4_lmuoHvzXKMJbqnITBipAMQPWYAFR7JdlrTCMpWITAm6y-LWtVKPLT3Ej5zkeNPsuRZw-lbN9ktLgvNWTkA6qzaeeZaO2P8K8yuMJsr_5Fba-Nzq7CwfhvSHrjYAYCG7fgc2XnvvsIdAJFKHSSMv2ud45yy_9BNlVDAaHMZjxNP6DX-msgxe1EY7Y-FQ8gDIqIsDLWg1uEyFZoKMGmhXRRz7Clz1ZuFmjO0_XEdL9c7BVkxUmTgIPt63aJnEO9sH49SX-TkhfIlDoXZsPj-Hmqh7sqxefGu9MjNPMA50SG-nQHSdcQYxcveuTXt9mPCoTVQ70jmWKiLWdhrQfRPJgMN0Hf6PmXw~~&amp;data=05%7C02%7Caa6381%40live.mdx.ac.uk%7Cc77665333ad74ce41d7908def9509e92%7C38e37b88a3a148cf9f056537427fed24%7C0%7C0%7C639222321819936573%7CUnknown%7CTWFpbGZsb3d8eyJFbXB0eU1hcGkiOnRydWUsIlYiOiIwLjAuMDAwMCIsIlAiOiJXaW4zMiIsIkFOIjoiTWFpbCIsIldUIjoyfQ%3D%3D%7C0%7C%7C%7C&amp;sdata=s9aPkipRfmH1jig7qO6HO0gQTkdn6%2FbLjVHspicDkVU%3D&amp;reserved=0|https://click.outbound.surveymonkey.com/f/a/r8n37HRirkm6XbnZ_H2Fpw~~/AAAAARA~/WqvelmX9k4AfHzEJK7_GK9vQKhL_GHBI29ZRZKQ-zgz0XMOWtJux_o4_lmuoHvzXKMJbqnITBipAMQPWYAFR7JdlrTCMpWITAm6y-LWtVKPLT3Ej5zkeNPsuRZw-lbN9ktLgvNWTkA6qzaeeZaO2P8K8yuMJsr_5Fba-Nzq7CwfhvSHrjYAYCG7fgc2XnvvsIdAJFKHSSMv2ud45yy_9BNlVDAaHMZjxNP6DX-msgxe1EY7Y-FQ8gDIqIsDLWg1uEyFZoKMGmhXRRz7Clz1ZuFmjO0_XEdL9c7BVkxUmTgIPt63aJnEO9sH49SX-TkhfIlDoXZsPj-Hmqh7sqxefGu9MjNPMA50SG-nQHSdcQYxcveuTXt9mPCoTVQ70jmWKiLWdhrQfRPJgMN0Hf6PmXw~~|https://click.outbound.surveymonkey.com/f/a/r8n37HRirkm6XbnZ_H2Fpw~~/AAAAARA~/WqvelmX9k4AfHzEJK7_GK9vQKhL_GHBI29ZRZKQ-zgz0XMOWtJux_o4_lmuoHvzXKMJbqnITBipAMQPWYAFR7JdlrTCMpWITAm6y-LWtVKPLT3Ej5zkeNPsuRZw-lbN9ktLgvNWTkA6qzaeeZaO2P8K8yuMJsr_5Fba-Nzq7CwfhvSHrjYAYCG7fgc2XnvvsIdAJFKHSSMv2ud45yy_9BNlVDAaHMZjxNP6DX-msgxe1EY7Y-FQ8gDIqIsDLWg1uEyFZoKMGmhXRRz7Clz1ZuFmjO0_XEdL9c7BVkxUmTgIPt63aJnEO9sH49SX-TkhfIlDoXZsPj-Hmqh7sqxefGu9MjNPMA50SG-nQHSdcQYxcveuTXt9mPCoTVQ70jmWKiLWdhrQfRPJgMN0Hf6PmXw~~.|https://eur02.safelinks.protection.outlook.com/?url=https%3A%2F%2Fclick.outbound.surveymonkey.com%2Ff%2Fa%2F3YEWN06wt9dCE6o4ahRxcQ~~%2FAAAAARA~%2Fdza-ISzvn80TsdcbmVofUeBJA-oPCmq8YMHp6U9FY07aDn9dngZZJeHfv8nBDNFfMOsu47rS812oJ-sKoom6oQ6rjNj0g54ktZH2vgZdHo9b-g7pOsLESxBFVZwuUGvyp2NInQmQbPztNQcwgdkbowNLNmlMSH368tAGHyMqzLB6oQl33XVVLwi9W3Yg7kCDsbsyzJBlrc8VV-fLqem2zHZOa1Tik20mpPnh0_80gu59JQTICUOiN8ezfULSnGSV9FuGXIXq8XUkokbeZHv2O8zBeVOUIJPiloSmS0XVyhh5Rt6-5Zmq_oTjR0IBSbMqSKDutUVwmlulK4jA_REWWQ2f2QQTgQve-Fy2HhsY_Zk~&amp;data=05%7C02%7Caa6381%40live.mdx.ac.uk%7Cc77665333ad74ce41d7908def9509e92%7C38e37b88a3a148cf9f056537427fed24%7C0%7C0%7C639222321819979581%7CUnknown%7CTWFpbGZsb3d8eyJFbXB0eU1hcGkiOnRydWUsIlYiOiIwLjAuMDAwMCIsIlAiOiJXaW4zMiIsIkFOIjoiTWFpbCIsIldUIjoyfQ%3D%3D%7C0%7C%7C%7C&amp;sdata=6%2F3BdQR0ZPlqetUgQrFDh1%2FSsCm%2FeDkOZyksvxR0myA%3D&amp;reserved=0|https://click.outbound.surveymonkey.com/f/a/3YEWN06wt9dCE6o4ahRxcQ~~/AAAAARA~/dza-ISzvn80TsdcbmVofUeBJA-oPCmq8YMHp6U9FY07aDn9dngZZJeHfv8nBDNFfMOsu47rS812oJ-sKoom6oQ6rjNj0g54ktZH2vgZdHo9b-g7pOsLESxBFVZwuUGvyp2NInQmQbPztNQcwgdkbowNLNmlMSH368tAGHyMqzLB6oQl33XVVLwi9W3Yg7kCDsbsyzJBlrc8VV-fLqem2zHZOa1Tik20mpPnh0_80gu59JQTICUOiN8ezfULSnGSV9FuGXIXq8XUkokbeZHv2O8zBeVOUIJPiloSmS0XVyhh5Rt6-5Zmq_oTjR0IBSbMqSKDutUVwmlulK4jA_REWWQ2f2QQTgQve-Fy2HhsY_Zk~|https://click.outbound.surveymonkey.com/f/a/3YEWN06wt9dCE6o4ahRxcQ~~/AAAAARA~/dza-ISzvn80TsdcbmVofUeBJA-oPCmq8YMHp6U9FY07aDn9dngZZJeHfv8nBDNFfMOsu47rS812oJ-sKoom6oQ6rjNj0g54ktZH2vgZdHo9b-g7pOsLESxBFVZwuUGvyp2NInQmQbPztNQcwgdkbowNLNmlMSH368tAGHyMqzLB6oQl33XVVLwi9W3Yg7kCDsbsyzJBlrc8VV-fLqem2zHZOa1Tik20mpPnh0_80gu59JQTICUOiN8ezfULSnGSV9FuGXIXq8XUkokbeZHv2O8zBeVOUIJPiloSmS0XVyhh5Rt6-5Zmq_oTjR0IBSbMqSKDutUVwmlulK4jA_REWWQ2f2QQTgQve-Fy2HhsY_Zk~.|https://eur02.safelinks.protection.outlook.com/?url=https%3A%2F%2Fclick.outbound.surveymonkey.com%2Ff%2Fa%2FmFZ5idDcpBB88pz-gBXCYQ~~%2FAAAAARA~%2FWqvelmX9k4AfHzEJK7_GK9vQKhL_GHBI29ZRZKQ-zgz0XMOWtJux_o4_lmuoHvzX5T4PGGKHLr0oE5ZrHcCPEITXiWWpwNhJTqZa-Qt6zo87edgV2aHDSSAu24UJaPl1gNDLnuoNFekJmRQwgERcYAgsjSPC-d1APfAQn_k6PaYaSWZ3Z_tCIotHaQ5BAUUe7aWWhDCTBgU6gGo_9TggzuL3lfOhmZkHxdTyROHL9vLc-p-2rZdKkAaAdogvjkbQAfMn9MxjdXLMgEs6MqDznyBIgmYngk-ZP2AQDd7P0m1AvP2s3Bo04svcGjNIb-19bLxMHFdai45Iq3nhYb3B5ng52a48j70Om9BAiSY43nSG9gbqJd-zH0dRoUmXv44cVpuaI7XTH4SHPqCwkQpB4A~~&amp;data=05%7C02%7Caa6381%40live.mdx.ac.uk%7Cc77665333ad74ce41d7908def9509e92%7C38e37b88a3a148cf9f056537427fed24%7C0%7C0%7C639222321820012093%7CUnknown%7CTWFpbGZsb3d8eyJFbXB0eU1hcGkiOnRydWUsIlYiOiIwLjAuMDAwMCIsIlAiOiJXaW4zMiIsIkFOIjoiTWFpbCIsIldUIjoyfQ%3D%3D%7C0%7C%7C%7C&amp;sdata=ILraEPwpts72fBndQIsnGSQuVr9ixxC4%2B14lScQ0Ybw%3D&amp;reserved=0|https://click.outbound.surveymonkey.com/f/a/mFZ5idDcpBB88pz-gBXCYQ~~/AAAAARA~/WqvelmX9k4AfHzEJK7_GK9vQKhL_GHBI29ZRZKQ-zgz0XMOWtJux_o4_lmuoHvzX5T4PGGKHLr0oE5ZrHcCPEITXiWWpwNhJTqZa-Qt6zo87edgV2aHDSSAu24UJaPl1gNDLnuoNFekJmRQwgERcYAgsjSPC-d1APfAQn_k6PaYaSWZ3Z_tCIotHaQ5BAUUe7aWWhDCTBgU6gGo_9TggzuL3lfOhmZkHxdTyROHL9vLc-p-2rZdKkAaAdogvjkbQAfMn9MxjdXLMgEs6MqDznyBIgmYngk-ZP2AQDd7P0m1AvP2s3Bo04svcGjNIb-19bLxMHFdai45Iq3nhYb3B5ng52a48j70Om9BAiSY43nSG9gbqJd-zH0dRoUmXv44cVpuaI7XTH4SHPqCwkQpB4A~~|https://click.outbound.surveymonkey.com/f/a/mFZ5idDcpBB88pz-gBXCYQ~~/AAAAARA~/WqvelmX9k4AfHzEJK7_GK9vQKhL_GHBI29ZRZKQ-zgz0XMOWtJux_o4_lmuoHvzX5T4PGGKHLr0oE5ZrHcCPEITXiWWpwNhJTqZa-Qt6zo87edgV2aHDSSAu24UJaPl1gNDLnuoNFekJmRQwgERcYAgsjSPC-d1APfAQn_k6PaYaSWZ3Z_tCIotHaQ5BAUUe7aWWhDCTBgU6gGo_9TggzuL3lfOhmZkHxdTyROHL9vLc-p-2rZdKkAaAdogvjkbQAfMn9MxjdXLMgEs6MqDznyBIgmYngk-ZP2AQDd7P0m1AvP2s3Bo04svcGjNIb-19bLxMHFdai45Iq3nhYb3B5ng52a48j70Om9BAiSY43nSG9gbqJd-zH0dRoUmXv44cVpuaI7XTH4SHPqCwkQpB4A~~.|https://eur02.safelinks.protection.outlook.com/?url=https%3A%2F%2Fclick.outbound.surveymonkey.com%2Ff%2Fa%2FoVffZDsQ_Sp31eBgelDJYQ~~%2FAAAAARA~%2Fdza-ISzvn80TsdcbmVofUeBJA-oPCmq8YMHp6U9FY07-y5T01a-QWhUiAdawbWyJErEx_9QHx5zTaTs8H2GoaVxloUhzZEI31XPJ6hFANcoG8Dksx-d20mT4j-w7moOp75aqpHhSolVTOM7wiIlH-bWZ6QiefZmRcbX8l2jb0I_VuxzQfWgTOgRJlPaHTJbUogo8lGwkZesVZglCGWXzMvUWHvgJXSWZEDtQOynz52rp-cgodfj_upCYMe-k90s9uw7_XUJmwkSkqPu7gXVck58yIZY1J95teswpINmJMPNm0A_PemYzXgbDsVOoZzKMyBosmFAY4B38GeUhye5PLWfSTPSJLMdefxjkHGhFRb8~&amp;data=05%7C02%7Caa6381%40live.mdx.ac.uk%7Cc77665333ad74ce41d7908def9509e92%7C38e37b88a3a148cf9f056537427fed24%7C0%7C0%7C639222321820035081%7CUnknown%7CTWFpbGZsb3d8eyJFbXB0eU1hcGkiOnRydWUsIlYiOiIwLjAuMDAwMCIsIlAiOiJXaW4zMiIsIkFOIjoiTWFpbCIsIldUIjoyfQ%3D%3D%7C0%7C%7C%7C&amp;sdata=AqCjpiwEfJj3axa3aG7uAX3nSmnwuJEmL4z3CcFm8Jg%3D&amp;reserved=0|https://click.outbound.surveymonkey.com/f/a/oVffZDsQ_Sp31eBgelDJYQ~~/AAAAARA~/dza-ISzvn80TsdcbmVofUeBJA-oPCmq8YMHp6U9FY07-y5T01a-QWhUiAdawbWyJErEx_9QHx5zTaTs8H2GoaVxloUhzZEI31XPJ6hFANcoG8Dksx-d20mT4j-w7moOp75aqpHhSolVTOM7wiIlH-bWZ6QiefZmRcbX8l2jb0I_VuxzQfWgTOgRJlPaHTJbUogo8lGwkZesVZglCGWXzMvUWHvgJXSWZEDtQOynz52rp-cgodfj_upCYMe-k90s9uw7_XUJmwkSkqPu7gXVck58yIZY1J95teswpINmJMPNm0A_PemYzXgbDsVOoZzKMyBosmFAY4B38GeUhye5PLWfSTPSJLMdefxjkHGhFRb8~|https://click.outbound.surveymonkey.com/f/a/oVffZDsQ_Sp31eBgelDJYQ~~/AAAAARA~/dza-ISzvn80TsdcbmVofUeBJA-oPCmq8YMHp6U9FY07-y5T01a-QWhUiAdawbWyJErEx_9QHx5zTaTs8H2GoaVxloUhzZEI31XPJ6hFANcoG8Dksx-d20mT4j-w7moOp75aqpHhSolVTOM7wiIlH-bWZ6QiefZmRcbX8l2jb0I_VuxzQfWgTOgRJlPaHTJbUogo8lGwkZesVZglCGWXzMvUWHvgJXSWZEDtQOynz52rp-cgodfj_upCYMe-k90s9uw7_XUJmwkSkqPu7gXVck58yIZY1J95teswpINmJMPNm0A_PemYzXgbDsVOoZzKMyBosmFAY4B38GeUhye5PLWfSTPSJLMdefxjkHGhFRb8~.|https://eur02.safelinks.protection.outlook.com/?url=https%3A%2F%2Fclick.outbound.surveymonkey.com%2Ff%2Fa%2FSjk3J73hz3ZhkElAO2XzBQ~~%2FAAAAARA~%2FF0YGZK2tQB_wxbZmaKMnK8wnbFraaYHK4qtFA7FY9QnyUJjiTSQ6FBqlTS3yGCbEGLWjXQKBpeFccHVplI09oaxgogyVNN6lIs_EisbDNMnTjOfiHF23lZwTT4H96__K1XNdurXS2RCSdJyvChrwhzSEfAAOSBWh9zSPh-PtAc3xSVm99HnN-tI-e8SWuC2WrubF75SLEBWgbagtfaTRrfBlbM9acVPHWDvGh6rBmGoxcZOask-qywKO8_J_tdGA_UirSGG05IK9_em4kn8XYIZHCvkvDIN5Ru2E5fDzQrh_2nO_MdNcr40RhJXGS5WAJNPHnmqH0qQompGpkvNU8xkhOKACfrQn0QxTeHFrnN3kKneftuJor909fgvE7sEZKx5Q0R-I706HSnKPg5f7RA~~&amp;data=05%7C02%7Caa6381%40live.mdx.ac.uk%7Cc77665333ad74ce41d7908def9509e92%7C38e37b88a3a148cf9f056537427fed24%7C0%7C0%7C639222321820056827%7CUnknown%7CTWFpbGZsb3d8eyJFbXB0eU1hcGkiOnRydWUsIlYiOiIwLjAuMDAwMCIsIlAiOiJXaW4zMiIsIkFOIjoiTWFpbCIsIldUIjoyfQ%3D%3D%7C0%7C%7C%7C&amp;sdata=HNsYGnXqXRwtVnK6wVBBg2TX6c%2FjOyVHlwkXjiwOu8g%3D&amp;reserved=0|https://click.outbound.surveymonkey.com/f/a/Sjk3J73hz3ZhkElAO2XzBQ~~/AAAAARA~/F0YGZK2tQB_wxbZmaKMnK8wnbFraaYHK4qtFA7FY9QnyUJjiTSQ6FBqlTS3yGCbEGLWjXQKBpeFccHVplI09oaxgogyVNN6lIs_EisbDNMnTjOfiHF23lZwTT4H96__K1XNdurXS2RCSdJyvChrwhzSEfAAOSBWh9zSPh-PtAc3xSVm99HnN-tI-e8SWuC2WrubF75SLEBWgbagtfaTRrfBlbM9acVPHWDvGh6rBmGoxcZOask-qywKO8_J_tdGA_UirSGG05IK9_em4kn8XYIZHCvkvDIN5Ru2E5fDzQrh_2nO_MdNcr40RhJXGS5WAJNPHnmqH0qQompGpkvNU8xkhOKACfrQn0QxTeHFrnN3kKneftuJor909fgvE7sEZKx5Q0R-I706HSnKPg5f7RA~~|https://click.outbound.surveymonkey.com/f/a/Sjk3J73hz3ZhkElAO2XzBQ~~/AAAAARA~/F0YGZK2tQB_wxbZmaKMnK8wnbFraaYHK4qtFA7FY9QnyUJjiTSQ6FBqlTS3yGCbEGLWjXQKBpeFccHVplI09oaxgogyVNN6lIs_EisbDNMnTjOfiHF23lZwTT4H96__K1XNdurXS2RCSdJyvChrwhzSEfAAOSBWh9zSPh-PtAc3xSVm99HnN-tI-e8SWuC2WrubF75SLEBWgbagtfaTRrfBlbM9acVPHWDvGh6rBmGoxcZOask-qywKO8_J_tdGA_UirSGG05IK9_em4kn8XYIZHCvkvDIN5Ru2E5fDzQrh_2nO_MdNcr40RhJXGS5WAJNPHnmqH0qQompGpkvNU8xkhOKACfrQn0QxTeHFrnN3kKneftuJor909fgvE7sEZKx5Q0R-I706HSnKPg5f7RA~~.|https://eur02.safelinks.protection.outlook.com/?url=https%3A%2F%2Fclick.outbound.surveymonkey.com%2Ff%2Fa%2FPAK5Vg0DrAHIdpB4Rtqz-w~~%2FAAAAARA~%2FKESMZ7_baU9XPerO5ywU3r63nXKanUiMBeoQQGNb9fmqemINgRE01_9lyvZoaJ3qWjdxfWbpghoEJSzTBS1iXwKZ85AgNNDcKqkYNpQHbXFrgfuIvzU-0SD9mGCxV255GkBrb_Ux8VyQaUR2hZIXj3iF5Xh17llpoPq2lRw9As3-XC7CKTY9uA3rsDrbyrC9qbgdxOlRy91XAtyRV6HC-p9KjJdPCMwW4jDgDuKx28fQT-UCcYdaOiTsQNP9jNm9&amp;data=05%7C02%7Caa6381%40live.mdx.ac.uk%7Cc77665333ad74ce41d7908def9509e92%7C38e37b88a3a148cf9f056537427fed24%7C0%7C0%7C639222321820080935%7CUnknown%7CTWFpbGZsb3d8eyJFbXB0eU1hcGkiOnRydWUsIlYiOiIwLjAuMDAwMCIsIlAiOiJXaW4zMiIsIkFOIjoiTWFpbCIsIldUIjoyfQ%3D%3D%7C0%7C%7C%7C&amp;sdata=gqpsWxAVbyG%2BDq43PqxNbGJGyxpKQ7Wp1bNDAMwnl1I%3D&amp;reserved=0|https://click.outbound.surveymonkey.com/f/a/PAK5Vg0DrAHIdpB4Rtqz-w~~/AAAAARA~/KESMZ7_baU9XPerO5ywU3r63nXKanUiMBeoQQGNb9fmqemINgRE01_9lyvZoaJ3qWjdxfWbpghoEJSzTBS1iXwKZ85AgNNDcKqkYNpQHbXFrgfuIvzU-0SD9mGCxV255GkBrb_Ux8VyQaUR2hZIXj3iF5Xh17llpoPq2lRw9As3-XC7CKTY9uA3rsDrbyrC9qbgdxOlRy91XAtyRV6HC-p9KjJdPCMwW4jDgDuKx28fQT-UCcYdaOiTsQNP9jNm9|https://click.outbound.surveymonkey.com/f/a/PAK5Vg0DrAHIdpB4Rtqz-w~~/AAAAARA~/KESMZ7_baU9XPerO5ywU3r63nXKanUiMBeoQQGNb9fmqemINgRE01_9lyvZoaJ3qWjdxfWbpghoEJSzTBS1iXwKZ85AgNNDcKqkYNpQHbXFrgfuIvzU-0SD9mGCxV255GkBrb_Ux8VyQaUR2hZIXj3iF5Xh17llpoPq2lRw9As3-XC7CKTY9uA3rsDrbyrC9qbgdxOlRy91XAtyRV6HC-p9KjJdPCMwW4jDgDuKx28fQT-UCcYdaOiTsQNP9jNm9.|https://eur02.safelinks.protection.outlook.com/?url=https%3A%2F%2Fclick.outbound.surveymonkey.com%2Ff%2Fa%2FcylJxdjxLauAOcRe0arynw~~%2FAAAAARA~%2FPESizxkmxdtYjFjUO71bCXTsn31Oh81EBZR14sqLKuj-nDFHRr1OFyEdy-waNF6-wril2Xc1OE-SmOUz-v2x3AmrFZJnNYMDzTwjx9Q_CqYSZ1yrQagwHc21tufTPjqM1FlBQnFiEVgz50HebbJkWjelMVjiOxiC1mYZWvxHxjuG-fJq_Ut1WL_-Q0mvjmQe&amp;data=05%7C02%7Caa6381%40live.mdx.ac.uk%7Cc77665333ad74ce41d7908def9509e92%7C38e37b88a3a148cf9f056537427fed24%7C0%7C0%7C639222321820101571%7CUnknown%7CTWFpbGZsb3d8eyJFbXB0eU1hcGkiOnRydWUsIlYiOiIwLjAuMDAwMCIsIlAiOiJXaW4zMiIsIkFOIjoiTWFpbCIsIldUIjoyfQ%3D%3D%7C0%7C%7C%7C&amp;sdata=rxqRn7Epn8mfTwx4sHXfx5czG8h1ixsB2yMHoZMMCPI%3D&amp;reserved=0|https://click.outbound.surveymonkey.com/f/a/cylJxdjxLauAOcRe0arynw~~/AAAAARA~/PESizxkmxdtYjFjUO71bCXTsn31Oh81EBZR14sqLKuj-nDFHRr1OFyEdy-waNF6-wril2Xc1OE-SmOUz-v2x3AmrFZJnNYMDzTwjx9Q_CqYSZ1yrQagwHc21tufTPjqM1FlBQnFiEVgz50HebbJkWjelMVjiOxiC1mYZWvxHxjuG-fJq_Ut1WL_-Q0mvjmQe,none,none,none,0,0,0.7354,1,0.3677
cce@mdx.ac.ae,"Week 12 Line-Up is Here! | Continue Your MDX Summer Skills Series Journey

Summarise this email","
	
You don't often get email from cce@mdx.ac.ae. Learn why this is important
	

Dear Student,


Welcome to Week 12 of the MDX Summer Skills Series!


We’re excited to bring you another week of opportunities designed to help you strengthen your professional skills, expand your network, and gain valuable insights from industry professionals.


This week, join Hampton by Hilton Dubai Al Barsha for an immersive Mentorship Week, sharpen your networking and LinkedIn skills through our Career Academy: Networking Strategies and LinkedIn Profile Tips, explore Financial Planning and Analysis with Simon Athwall from Skybound Wealth Management, and learn how to build a strong professional image with Present with Confidence: Your Professional Image Matters.


📅 Take a look at the schedule below to ex",https://aka.ms/LearnAboutSenderIdentification|https://eur02.safelinks.protection.outlook.com/?url=http%3A%2F%2Furl8148.mdx.ac.ae%2Fls%2Fclick%3Fupn%3Du001.hhduUulMZKjYD7venOe2S0Z4q6yc6tzwoja04ul3056DoEuEtB-2FmeccimK7cBroI7kke5lhK9NHoSfUc2YrDUg-3D-3DCkOq_-2FnxC0uuWwXVLvv-2FPcJIdQC9bKMk-2F8uXLPNfQ2WOqhE62uDMIO2D3ccNnJNXwTffdNjdEyvnDq7VLTV7VRHmI2dM-2FFP-2FcPE3pEC7iCZEAqHGp6aemWNkOaq6Y00nnzMwInB-2FY5anxPCHqXzfvgsTzGTYtXGWSQXj1oMDdaJrItIqsp49F5GhmCum4zlNlNDqZQCmrkxWXUJZGnlLu8fFOFot6X7qoFTCf2yn0lNR0MlCOYcbuU7GN2XuwwDe4caH0eNsunHDMXdELAx4abg-2FwMzxbGTg0-2FXjR77EcCcqBE7NIebWjWzmbmuz2k6XYdzTXuuBNIkuzpWaJ2RItRiBJcgKdRH82LwAMnrbUMJ1IfPcjhEsdqXtDpoeaJwUl-2BJ2feKSjoYfCDYprPBFeOFVEuxUUVT59NqnaVbdaWahgGQaJn4dL5Mlfip3tdxXZK-2F2l1s3wLkuDc3ytiwzV5geQL1EOGsU-2FTtINjaKEjCTFP0s6-2F89S383Dk5tsyVx4LUqJziXvA3egNQJbyMVgcHd0oqvluZQBZWThunOR2pM1TfMqvVUZ0KSzNo4oiY7RzJnBxlo72Qnv5TFpbaEoNBsgprDB64NAUyJsPkPTP10T74twXo09H-2FSTur6SWUiDYl7tJOtVAJfK1CH5mqB8NCwKtp7A5-2BdVqjVNJOaiLMHIcb-2F2-2BVQpOifn8AEQArmvsUWfYDsH4sE0R6pwNYpj66szI8GFJ6Txf-2FSK1OK7uzIJ8jOOF7owDxdseET-2BfUwDiEbCn2F6-2BMM3p6PkJU5Xhvi1PdnKjcZGf4BeylZardljty5Icx-2FTyjH6Q3L3X91zmylYHTtQ-2BcgXenLqOl-2FyZxsHuS0vZmCneEw9dUqGlV-2F-2BXQAVOGa1sfuZ2oR6pFb-2BttLQjN8easkJ1t6mFsxSG69X-2Fs2KQW-2Bc0aBJn44ijD4Iygux0Pkb1CzJoUBhNky5uJWjFSL0r1SRjKUJ-2F7gFKbqrkE2n2GpMVpseKiBpJnut9lk-3D&amp;data=05%7C02%7Caa6381%40live.mdx.ac.uk%7Cea153dc4404e44b6f10b08def910ef43%7C38e37b88a3a148cf9f056537427fed24%7C0%7C0%7C639222048306577204%7CUnknown%7CTWFpbGZsb3d8eyJFbXB0eU1hcGkiOnRydWUsIlYiOiIwLjAuMDAwMCIsIlAiOiJXaW4zMiIsIkFOIjoiTWFpbCIsIldUIjoyfQ%3D%3D%7C0%7C%7C%7C&amp;sdata=v93WttTl4O3OtQjtfZ6uNwfvtls76BoJFVCvWGfEYhA%3D&amp;reserved=0|http://url8148.mdx.ac.ae/ls/click?upn=u001.hhduUulMZKjYD7venOe2S0Z4q6yc6tzwoja04ul3056DoEuEtB-2FmeccimK7cBroI7kke5lhK9NHoSfUc2YrDUg-3D-3DCkOq_-2FnxC0uuWwXVLvv-2FPcJIdQC9bKMk-2F8uXLPNfQ2WOqhE62uDMIO2D3ccNnJNXwTffdNjdEyvnDq7VLTV7VRHmI2dM-2FFP-2FcPE3pEC7iCZEAqHGp6aemWNkOaq6Y00nnzMwInB-2FY5anxPCHqXzfvgsTzGTYtXGWSQXj1oMDdaJrItIqsp49F5GhmCum4zlNlNDqZQCmrkxWXUJZGnlLu8fFOFot6X7qoFTCf2yn0lNR0MlCOYcbuU7GN2XuwwDe4caH0eNsunHDMXdELAx4abg-2FwMzxbGTg0-2FXjR77EcCcqBE7NIebWjWzmbmuz2k6XYdzTXuuBNIkuzpWaJ2RItRiBJcgKdRH82LwAMnrbUMJ1IfPcjhEsdqXtDpoeaJwUl-2BJ2feKSjoYfCDYprPBFeOFVEuxUUVT59NqnaVbdaWahgGQaJn4dL5Mlfip3tdxXZK-2F2l1s3wLkuDc3ytiwzV5geQL1EOGsU-2FTtINjaKEjCTFP0s6-2F89S383Dk5tsyVx4LUqJziXvA3egNQJbyMVgcHd0oqvluZQBZWThunOR2pM1TfMqvVUZ0KSzNo4oiY7RzJnBxlo72Qnv5TFpbaEoNBsgprDB64NAUyJsPkPTP10T74twXo09H-2FSTur6SWUiDYl7tJOtVAJfK1CH5mqB8NCwKtp7A5-2BdVqjVNJOaiLMHIcb-2F2-2BVQpOifn8AEQArmvsUWfYDsH4sE0R6pwNYpj66szI8GFJ6Txf-2FSK1OK7uzIJ8jOOF7owDxdseET-2BfUwDiEbCn2F6-2BMM3p6PkJU5Xhvi1PdnKjcZGf4BeylZardljty5Icx-2FTyjH6Q3L3X91zmylYHTtQ-2BcgXenLqOl-2FyZxsHuS0vZmCneEw9dUqGlV-2F-2BXQAVOGa1sfuZ2oR6pFb-2BttLQjN8easkJ1t6mFsxSG69X-2Fs2KQW-2Bc0aBJn44ijD4Iygux0Pkb1CzJoUBhNky5uJWjFSL0r1SRjKUJ-2F7gFKbqrkE2n2GpMVpseKiBpJnut9lk-3D|http://url8148.mdx.ac.ae/ls/click?upn=u001.hhduUulMZKjYD7venOe2S0Z4q6yc6tzwoja04ul3056DoEuEtB-2FmeccimK7cBroI7kke5lhK9NHoSfUc2YrDUg-3D-3DCkOq_-2FnxC0uuWwXVLvv-2FPcJIdQC9bKMk-2F8uXLPNfQ2WOqhE62uDMIO2D3ccNnJNXwTffdNjdEyvnDq7VLTV7VRHmI2dM-2FFP-2FcPE3pEC7iCZEAqHGp6aemWNkOaq6Y00nnzMwInB-2FY5anxPCHqXzfvgsTzGTYtXGWSQXj1oMDdaJrItIqsp49F5GhmCum4zlNlNDqZQCmrkxWXUJZGnlLu8fFOFot6X7qoFTCf2yn0lNR0MlCOYcbuU7GN2XuwwDe4caH0eNsunHDMXdELAx4abg-2FwMzxbGTg0-2FXjR77EcCcqBE7NIebWjWzmbmuz2k6XYdzTXuuBNIkuzpWaJ2RItRiBJcgKdRH82LwAMnrbUMJ1IfPcjhEsdqXtDpoeaJwUl-2BJ2feKSjoYfCDYprPBFeOFVEuxUUVT59NqnaVbdaWahgGQaJn4dL5Mlfip3tdxXZK-2F2l1s3wLkuDc3ytiwzV5geQL1EOGsU-2FTtINjaKEjCTFP0s6-2F89S383Dk5tsyVx4LUqJziXvA3egNQJbyMVgcHd0oqvluZQBZWThunOR2pM1TfMqvVUZ0KSzNo4oiY7RzJnBxlo72Qnv5TFpbaEoNBsgprDB64NAUyJsPkPTP10T74twXo09H-2FSTur6SWUiDYl7tJOtVAJfK1CH5mqB8NCwKtp7A5-2BdVqjVNJOaiLMHIcb-2F2-2BVQpOifn8AEQArmvsUWfYDsH4sE0R6pwNYpj66szI8GFJ6Txf-2FSK1OK7uzIJ8jOOF7owDxdseET-2BfUwDiEbCn2F6-2BMM3p6PkJU5Xhvi1PdnKjcZGf4BeylZardljty5Icx-2FTyjH6Q3L3X91zmylYHTtQ-2BcgXenLqOl-2FyZxsHuS0vZmCneEw9dUqGlV-2F-2BXQAVOGa1sfuZ2oR6pFb-2BttLQjN8easkJ1t6mFsxSG69X-2Fs2KQW-2Bc0aBJn44ijD4Iygux0Pkb1CzJoUBhNky5uJWjFSL0r1SRjKUJ-2F7gFKbqrkE2n2GpMVpseKiBpJnut9lk-3D.|https://eur02.safelinks.protection.outlook.com/?url=http%3A%2F%2Furl8148.mdx.ac.ae%2Fwf%2Funsubscribe%3Fupn%3Du001.G5oppK3eC1WFntLY75qU6008sXDEyAqeOxYWQZzjV4trHR13GA1mN0b5rp7AfwsklW4dfsTvRxJJVJLDSGODdX6n-2Fznf6ASTEocecn0phdEzp9NZEX-2FRG0BFSV2mdzoNYMqWyFV4zwMIuUjO-2BofWNB48i3yXnhs-2BgPe7ba4Jyfd8ySsn4MNfY8LRVj3cqbndMxy8wplB2iDsDJJm9wuYWBOfNudnZfZm4QM-2FihiXVeE0KbLrUZaEzXDhNk6LSnogC7E7T4hAI8Q6v2wEYQ1EPOn-2Fn9G7p6LbGsqWRMnIcnD848n1xTwA3V7rzYH9Kay9SfBBum3uo0UflCYo9GszC4XecBlr7JOE3FHm5EhrXcFpCj2tdQrAckm8GuPqnPtmrNIEj-2F48nxAD8MCfv5Ex8QcEqYFsTkLwCBV5Zd-2BkHtOGYJ-2FxdFuNqYHdoZHXbd6pFXuEl6u4vyNkbMEUtyNnh6u3kbRJTD6M-2BU1zf9HIdKH-2BnBRGXMO07JiTt-2BgTeH5VKAno-2FOi88gR30-2Fqgb-2BNI6Ib4BjqO2IZQvib1W12VfTzZkvTvBwblsiw4R7l89mKwuBvC8SDD-2BnTWsJfA2P5B9OyvRy9VMQwTbpi5vXBIIAdUTlqYdy1TGRleipe0RVO1yfE8XYtn1-2Fc1SCBueM-2FLp34IaQTwEIky6-2FqQXNotZelteVSMc1BNzB2GxEdfPnzsBhMBKvEWMbgtX7eliNV-2FEgikIw2amHSgO7lzBsrvdjOK-2BJIojPlpybxTCOjLbNHoKiVtLNvLQx1LjQ-2FtugizdWFHMKmCwCJz5VsLv0FX6-2Bx6U0ZYBDS1A0ld-2BQSw7SFM4e17PhOvdpMWTfV6i5Yx-2Bk8zqjspqctLnWJuJfQHNiF8mXdf-2BFKSHu4aJW7rxEifM369Myf-2BLaXEfDn-2F-2BY-2BxECHfurN0crqoHlUNtPDqzsN6E3xKrF6lQfogd2FVqkDOtvKQn416W4QbQA2VpE-2F-2BdrKrHwLhIs267kXVdjuEO8xirV7c6M-2BHO4Z3lVFVGDrC&amp;data=05%7C02%7Caa6381%40live.mdx.ac.uk%7Cea153dc4404e44b6f10b08def910ef43%7C38e37b88a3a148cf9f056537427fed24%7C0%7C0%7C639222048306639089%7CUnknown%7CTWFpbGZsb3d8eyJFbXB0eU1hcGkiOnRydWUsIlYiOiIwLjAuMDAwMCIsIlAiOiJXaW4zMiIsIkFOIjoiTWFpbCIsIldUIjoyfQ%3D%3D%7C0%7C%7C%7C&amp;sdata=hAiYSSSVTKS0zv%2F%2FLBnB%2Fo3YmJ2KQzHSMEZIDjIAdh0%3D&amp;reserved=0|http://url8148.mdx.ac.ae/wf/unsubscribe?upn=u001.G5oppK3eC1WFntLY75qU6008sXDEyAqeOxYWQZzjV4trHR13GA1mN0b5rp7AfwsklW4dfsTvRxJJVJLDSGODdX6n-2Fznf6ASTEocecn0phdEzp9NZEX-2FRG0BFSV2mdzoNYMqWyFV4zwMIuUjO-2BofWNB48i3yXnhs-2BgPe7ba4Jyfd8ySsn4MNfY8LRVj3cqbndMxy8wplB2iDsDJJm9wuYWBOfNudnZfZm4QM-2FihiXVeE0KbLrUZaEzXDhNk6LSnogC7E7T4hAI8Q6v2wEYQ1EPOn-2Fn9G7p6LbGsqWRMnIcnD848n1xTwA3V7rzYH9Kay9SfBBum3uo0UflCYo9GszC4XecBlr7JOE3FHm5EhrXcFpCj2tdQrAckm8GuPqnPtmrNIEj-2F48nxAD8MCfv5Ex8QcEqYFsTkLwCBV5Zd-2BkHtOGYJ-2FxdFuNqYHdoZHXbd6pFXuEl6u4vyNkbMEUtyNnh6u3kbRJTD6M-2BU1zf9HIdKH-2BnBRGXMO07JiTt-2BgTeH5VKAno-2FOi88gR30-2Fqgb-2BNI6Ib4BjqO2IZQvib1W12VfTzZkvTvBwblsiw4R7l89mKwuBvC8SDD-2BnTWsJfA2P5B9OyvRy9VMQwTbpi5vXBIIAdUTlqYdy1TGRleipe0RVO1yfE8XYtn1-2Fc1SCBueM-2FLp34IaQTwEIky6-2FqQXNotZelteVSMc1BNzB2GxEdfPnzsBhMBKvEWMbgtX7eliNV-2FEgikIw2amHSgO7lzBsrvdjOK-2BJIojPlpybxTCOjLbNHoKiVtLNvLQx1LjQ-2FtugizdWFHMKmCwCJz5VsLv0FX6-2Bx6U0ZYBDS1A0ld-2BQSw7SFM4e17PhOvdpMWTfV6i5Yx-2Bk8zqjspqctLnWJuJfQHNiF8mXdf-2BFKSHu4aJW7rxEifM369Myf-2BLaXEfDn-2F-2BY-2BxECHfurN0crqoHlUNtPDqzsN6E3xKrF6lQfogd2FVqkDOtvKQn416W4QbQA2VpE-2F-2BdrKrHwLhIs267kXVdjuEO8xirV7c6M-2BHO4Z3lVFVGDrC|http://url8148.mdx.ac.ae/wf/unsubscribe?upn=u001.G5oppK3eC1WFntLY75qU6008sXDEyAqeOxYWQZzjV4trHR13GA1mN0b5rp7AfwsklW4dfsTvRxJJVJLDSGODdX6n-2Fznf6ASTEocecn0phdEzp9NZEX-2FRG0BFSV2mdzoNYMqWyFV4zwMIuUjO-2BofWNB48i3yXnhs-2BgPe7ba4Jyfd8ySsn4MNfY8LRVj3cqbndMxy8wplB2iDsDJJm9wuYWBOfNudnZfZm4QM-2FihiXVeE0KbLrUZaEzXDhNk6LSnogC7E7T4hAI8Q6v2wEYQ1EPOn-2Fn9G7p6LbGsqWRMnIcnD848n1xTwA3V7rzYH9Kay9SfBBum3uo0UflCYo9GszC4XecBlr7JOE3FHm5EhrXcFpCj2tdQrAckm8GuPqnPtmrNIEj-2F48nxAD8MCfv5Ex8QcEqYFsTkLwCBV5Zd-2BkHtOGYJ-2FxdFuNqYHdoZHXbd6pFXuEl6u4vyNkbMEUtyNnh6u3kbRJTD6M-2BU1zf9HIdKH-2BnBRGXMO07JiTt-2BgTeH5VKAno-2FOi88gR30-2Fqgb-2BNI6Ib4BjqO2IZQvib1W12VfTzZkvTvBwblsiw4R7l89mKwuBvC8SDD-2BnTWsJfA2P5B9OyvRy9VMQwTbpi5vXBIIAdUTlqYdy1TGRleipe0RVO1yfE8XYtn1-2Fc1SCBueM-2FLp34IaQTwEIky6-2FqQXNotZelteVSMc1BNzB2GxEdfPnzsBhMBKvEWMbgtX7eliNV-2FEgikIw2amHSgO7lzBsrvdjOK-2BJIojPlpybxTCOjLbNHoKiVtLNvLQx1LjQ-2FtugizdWFHMKmCwCJz5VsLv0FX6-2Bx6U0ZYBDS1A0ld-2BQSw7SFM4e17PhOvdpMWTfV6i5Yx-2Bk8zqjspqctLnWJuJfQHNiF8mXdf-2BFKSHu4aJW7rxEifM369Myf-2BLaXEfDn-2F-2BY-2BxECHfurN0crqoHlUNtPDqzsN6E3xKrF6lQfogd2FVqkDOtvKQn416W4QbQA2VpE-2F-2BdrKrHwLhIs267kXVdjuEO8xirV7c6M-2BHO4Z3lVFVGDrC.,none,none,none,1,0,0.9724,1,0.4862
cce@mdx.ac.ae,"Join the MDX Careers WhatsApp Community for Science & Technology Students!

Summarise this email","
	
You don't often get email from cce@mdx.ac.ae. Learn why this is important
	

Dear Student,


The MDX Careers WhatsApp Community for Science and Technology students is there for you! This community is your go-to space for career opportunities, employer events, workshops, internships, and important updates from the Centre for Careers and Employability.


If you haven't joined yet, we'd love to have you as part of the community. It's a great way to stay informed about opportunities and resources that can support your career journey. 


Join the Science and Technology Careers WhatsApp Community by clicking the link below: 
Join the WhatsApp Community!
If you face any issues while joining, please email us at careers@mdx.ac.ae.
Kindly continue to check your university email for all official",https://aka.ms/LearnAboutSenderIdentification|https://eur02.safelinks.protection.outlook.com/?url=http%3A%2F%2Furl8148.mdx.ac.ae%2Fls%2Fclick%3Fupn%3Du001.hhduUulMZKjYD7venOe2S0Z4q6yc6tzwoja04ul3055dz3dSOhFrmmGqE06hWTMnbrUVHDezdTvbIOCPzG9e-2BQ-3D-3DE3N9_-2FnxC0uuWwXVLvv-2FPcJIdQC9bKMk-2F8uXLPNfQ2WOqhE62uDMIO2D3ccNnJNXwTffdNjdEyvnDq7VLTV7VRHmI2dM-2FFP-2FcPE3pEC7iCZEAqHGp6aemWNkOaq6Y00nnzMwInB-2FY5anxPCHqXzfvgsTzGTYtXGWSQXj1oMDdaJrItIq277E6iUq5giEO5O0-2B6Qjhnqa-2BWPgCtYVxqTyZVv2wW0SMQyi8jWm-2BlaiXYgBKiAA6Pu9SfKr-2BqFeX4c1ru2bIn9kvYlRDf08H-2BNLxKl6jo5kWrYb4n-2FrzVvEiHnouE0mkCZzC9bj-2FUXwaNlJ8lgzz9jT9DhskP1y4VUxDWKXEwsQoMjtGdKc9M34WNkCrJ6CFHgqjNw8oTWqwmLAJhaRJJe7fIYMKMsULOEYLLbAbnz9BLP3xTiDXAX2TuJJKzjIY-2BWPcoRWb2ThxWU7B0i2cJPczUL9MXxEUEiU9pTlIQuPsVpeKs5Aj9xZ9PKtSFcnSjP-2BOmJTrxkJyygvuJ3dNboYS0r7JhyTBSquCLETb5-2FlC3VZdRxIet-2FFesvtJmH3LhRx5Sq-2BzfBteNEgohddUkat2kWyQGJ7lrn0LBohJ4-2BBWZvkBas9GClca7nPvfGmrtJaqFyFkZ7J5g0VWUugWUmibPFVtr-2FHD-2Fd7A1KojMeQToWtrEsIZtYYb2A0G-2FKIVjy1qzh4d-2BnT-2F8ynG9HQGy501XTVTImwQFKxGF7OYveuCLwbuun-2FtsM16d-2Bf6SexN4UVyRxphtfnJbesvdDbcOLA1dEVwsakeK1Aj2pjO-2Bi9djJHCeZx4lKIzDmDj0tuBsouEcZhYR77DosKfvKMFC94cSJ0FIm4SzN1DG8EjXWJ-2FZr11B1YKyZXsqQ7oI7wAQQFp9c79H5vVI6I7ASRJWfkObTs6h90U5bgsKciJiSaSl9ufaOPQt0tqTTG8b8Mmd9Rt-2BGTePKjMPp1zvOWAwdaUTYQLLfRwwyaFvxvmMUwrf0blpgk6u8K2ENDAAWczCyoauHaf98to3D09ZWmTKiUJfFgune5XsWQh8oeQfivYyIOjfRKTB01BrOAyUkM-3D&amp;data=05%7C02%7Caa6381%40live.mdx.ac.uk%7Cf09e3b942c2749add81208def908f309%7C38e37b88a3a148cf9f056537427fed24%7C0%7C0%7C639222014022597552%7CUnknown%7CTWFpbGZsb3d8eyJFbXB0eU1hcGkiOnRydWUsIlYiOiIwLjAuMDAwMCIsIlAiOiJXaW4zMiIsIkFOIjoiTWFpbCIsIldUIjoyfQ%3D%3D%7C0%7C%7C%7C&amp;sdata=QdEk7Bxj3%2FR6ZkFwjHRu1VeVq%2FgyOLU8ZAATh3w10Ew%3D&amp;reserved=0|http://url8148.mdx.ac.ae/ls/click?upn=u001.hhduUulMZKjYD7venOe2S0Z4q6yc6tzwoja04ul3055dz3dSOhFrmmGqE06hWTMnbrUVHDezdTvbIOCPzG9e-2BQ-3D-3DE3N9_-2FnxC0uuWwXVLvv-2FPcJIdQC9bKMk-2F8uXLPNfQ2WOqhE62uDMIO2D3ccNnJNXwTffdNjdEyvnDq7VLTV7VRHmI2dM-2FFP-2FcPE3pEC7iCZEAqHGp6aemWNkOaq6Y00nnzMwInB-2FY5anxPCHqXzfvgsTzGTYtXGWSQXj1oMDdaJrItIq277E6iUq5giEO5O0-2B6Qjhnqa-2BWPgCtYVxqTyZVv2wW0SMQyi8jWm-2BlaiXYgBKiAA6Pu9SfKr-2BqFeX4c1ru2bIn9kvYlRDf08H-2BNLxKl6jo5kWrYb4n-2FrzVvEiHnouE0mkCZzC9bj-2FUXwaNlJ8lgzz9jT9DhskP1y4VUxDWKXEwsQoMjtGdKc9M34WNkCrJ6CFHgqjNw8oTWqwmLAJhaRJJe7fIYMKMsULOEYLLbAbnz9BLP3xTiDXAX2TuJJKzjIY-2BWPcoRWb2ThxWU7B0i2cJPczUL9MXxEUEiU9pTlIQuPsVpeKs5Aj9xZ9PKtSFcnSjP-2BOmJTrxkJyygvuJ3dNboYS0r7JhyTBSquCLETb5-2FlC3VZdRxIet-2FFesvtJmH3LhRx5Sq-2BzfBteNEgohddUkat2kWyQGJ7lrn0LBohJ4-2BBWZvkBas9GClca7nPvfGmrtJaqFyFkZ7J5g0VWUugWUmibPFVtr-2FHD-2Fd7A1KojMeQToWtrEsIZtYYb2A0G-2FKIVjy1qzh4d-2BnT-2F8ynG9HQGy501XTVTImwQFKxGF7OYveuCLwbuun-2FtsM16d-2Bf6SexN4UVyRxphtfnJbesvdDbcOLA1dEVwsakeK1Aj2pjO-2Bi9djJHCeZx4lKIzDmDj0tuBsouEcZhYR77DosKfvKMFC94cSJ0FIm4SzN1DG8EjXWJ-2FZr11B1YKyZXsqQ7oI7wAQQFp9c79H5vVI6I7ASRJWfkObTs6h90U5bgsKciJiSaSl9ufaOPQt0tqTTG8b8Mmd9Rt-2BGTePKjMPp1zvOWAwdaUTYQLLfRwwyaFvxvmMUwrf0blpgk6u8K2ENDAAWczCyoauHaf98to3D09ZWmTKiUJfFgune5XsWQh8oeQfivYyIOjfRKTB01BrOAyUkM-3D|http://url8148.mdx.ac.ae/ls/click?upn=u001.hhduUulMZKjYD7venOe2S0Z4q6yc6tzwoja04ul3055dz3dSOhFrmmGqE06hWTMnbrUVHDezdTvbIOCPzG9e-2BQ-3D-3DE3N9_-2FnxC0uuWwXVLvv-2FPcJIdQC9bKMk-2F8uXLPNfQ2WOqhE62uDMIO2D3ccNnJNXwTffdNjdEyvnDq7VLTV7VRHmI2dM-2FFP-2FcPE3pEC7iCZEAqHGp6aemWNkOaq6Y00nnzMwInB-2FY5anxPCHqXzfvgsTzGTYtXGWSQXj1oMDdaJrItIq277E6iUq5giEO5O0-2B6Qjhnqa-2BWPgCtYVxqTyZVv2wW0SMQyi8jWm-2BlaiXYgBKiAA6Pu9SfKr-2BqFeX4c1ru2bIn9kvYlRDf08H-2BNLxKl6jo5kWrYb4n-2FrzVvEiHnouE0mkCZzC9bj-2FUXwaNlJ8lgzz9jT9DhskP1y4VUxDWKXEwsQoMjtGdKc9M34WNkCrJ6CFHgqjNw8oTWqwmLAJhaRJJe7fIYMKMsULOEYLLbAbnz9BLP3xTiDXAX2TuJJKzjIY-2BWPcoRWb2ThxWU7B0i2cJPczUL9MXxEUEiU9pTlIQuPsVpeKs5Aj9xZ9PKtSFcnSjP-2BOmJTrxkJyygvuJ3dNboYS0r7JhyTBSquCLETb5-2FlC3VZdRxIet-2FFesvtJmH3LhRx5Sq-2BzfBteNEgohddUkat2kWyQGJ7lrn0LBohJ4-2BBWZvkBas9GClca7nPvfGmrtJaqFyFkZ7J5g0VWUugWUmibPFVtr-2FHD-2Fd7A1KojMeQToWtrEsIZtYYb2A0G-2FKIVjy1qzh4d-2BnT-2F8ynG9HQGy501XTVTImwQFKxGF7OYveuCLwbuun-2FtsM16d-2Bf6SexN4UVyRxphtfnJbesvdDbcOLA1dEVwsakeK1Aj2pjO-2Bi9djJHCeZx4lKIzDmDj0tuBsouEcZhYR77DosKfvKMFC94cSJ0FIm4SzN1DG8EjXWJ-2FZr11B1YKyZXsqQ7oI7wAQQFp9c79H5vVI6I7ASRJWfkObTs6h90U5bgsKciJiSaSl9ufaOPQt0tqTTG8b8Mmd9Rt-2BGTePKjMPp1zvOWAwdaUTYQLLfRwwyaFvxvmMUwrf0blpgk6u8K2ENDAAWczCyoauHaf98to3D09ZWmTKiUJfFgune5XsWQh8oeQfivYyIOjfRKTB01BrOAyUkM-3D.|https://eur02.safelinks.protection.outlook.com/?url=http%3A%2F%2Furl8148.mdx.ac.ae%2Fls%2Fclick%3Fupn%3Du001.hhduUulMZKjYD7venOe2S4-2BhcR3nlGGaWsUd3sL-2FB7U8clDVtWCer56pEbKXyooZFYMBOHTxKJzOpoU3At5GfzmSXs3XwmnX-2FSWT9MWINK8Jobk1XPJPn2DRDfFl9jtw9lyT_-2FnxC0uuWwXVLvv-2FPcJIdQC9bKMk-2F8uXLPNfQ2WOqhE62uDMIO2D3ccNnJNXwTffdNjdEyvnDq7VLTV7VRHmI2dM-2FFP-2FcPE3pEC7iCZEAqHGp6aemWNkOaq6Y00nnzMwInB-2FY5anxPCHqXzfvgsTzGTYtXGWSQXj1oMDdaJrItIq277E6iUq5giEO5O0-2B6Qjhnqa-2BWPgCtYVxqTyZVv2wW0SMQyi8jWm-2BlaiXYgBKiAA6Pu9SfKr-2BqFeX4c1ru2bIn9kvYlRDf08H-2BNLxKl6jo5kWrYb4n-2FrzVvEiHnouE0mkCZzC9bj-2FUXwaNlJ8lgzz9jT9DhskP1y4VUxDWKXEwsQoMjtGdKc9M34WNkCrJ6CFHgqjNw8oTWqwmLAJhaRJJe7fIYMKMsULOEYLLbAbnz9BLP3xTiDXAX2TuJJKzjIY-2BWPcoRWb2ThxWU7B0i2cJPczUL9MXxEUEiU9pTlIQuPsVpeKs5Aj9xZ9PKtSFcnSjP-2BOmJTrxkJyygvuJ3dNboYS0r7JhyTBSquCLETb5-2FlC3VZdRxIet-2FFesvtJmH3LhRx5Sq-2BzfBteNEgohddUkat2kWyQGJ7lrn0LBohJ4-2BBWZvkBas9GClca7nPvfGmrtJaqFyFkZ7J5g0VWUugWUmibPFVtr-2FHD-2Fd7A1KojMeQToWtrEsIZtYYb2A0G-2FKIVjy1qzh4d-2BnT-2F8ynG9HQGy501XTVTImwQFKxGF7OYveuCLwbuun-2FtsM16d-2Bf6SexN4UVyRxphtfnJbesvdDbcOLA1dEVwsakeK1Aj2pjO-2Bi9djJHCeZx4lKIzDmDj0tuBsouEcZhYR77DosKfvKMFC94cSJ0FIm4SzN1DG8EjXWJ-2FZr11B1YKyZXsqQ7oI7wAQQFp9c79H5vVI6I7ASRJWfkObTs6h90U5bgsKciJiS0bynkTpTJC0suxas5GDtWi225bNWy71DVybI5jmmhoetmqEXUBsHhExCZl6B-2Fz2Ur6p4N8lcIcWZi8US1aDumMxuN1FkgOkpcXmiQ6D5Sx-2FTj0gunSLBQKhtX2Ul4fsykwgC5tRkME1O1ZVFfbobw-3D&amp;data=05%7C02%7Caa6381%40live.mdx.ac.uk%7Cf09e3b942c2749add81208def908f309%7C38e37b88a3a148cf9f056537427fed24%7C0%7C0%7C639222014022633811%7CUnknown%7CTWFpbGZsb3d8eyJFbXB0eU1hcGkiOnRydWUsIlYiOiIwLjAuMDAwMCIsIlAiOiJXaW4zMiIsIkFOIjoiTWFpbCIsIldUIjoyfQ%3D%3D%7C0%7C%7C%7C&amp;sdata=H4gnImCyOMqviuRTIShTAmY3xp4nH9gpC5ksC39puEg%3D&amp;reserved=0|http://url8148.mdx.ac.ae/ls/click?upn=u001.hhduUulMZKjYD7venOe2S4-2BhcR3nlGGaWsUd3sL-2FB7U8clDVtWCer56pEbKXyooZFYMBOHTxKJzOpoU3At5GfzmSXs3XwmnX-2FSWT9MWINK8Jobk1XPJPn2DRDfFl9jtw9lyT_-2FnxC0uuWwXVLvv-2FPcJIdQC9bKMk-2F8uXLPNfQ2WOqhE62uDMIO2D3ccNnJNXwTffdNjdEyvnDq7VLTV7VRHmI2dM-2FFP-2FcPE3pEC7iCZEAqHGp6aemWNkOaq6Y00nnzMwInB-2FY5anxPCHqXzfvgsTzGTYtXGWSQXj1oMDdaJrItIq277E6iUq5giEO5O0-2B6Qjhnqa-2BWPgCtYVxqTyZVv2wW0SMQyi8jWm-2BlaiXYgBKiAA6Pu9SfKr-2BqFeX4c1ru2bIn9kvYlRDf08H-2BNLxKl6jo5kWrYb4n-2FrzVvEiHnouE0mkCZzC9bj-2FUXwaNlJ8lgzz9jT9DhskP1y4VUxDWKXEwsQoMjtGdKc9M34WNkCrJ6CFHgqjNw8oTWqwmLAJhaRJJe7fIYMKMsULOEYLLbAbnz9BLP3xTiDXAX2TuJJKzjIY-2BWPcoRWb2ThxWU7B0i2cJPczUL9MXxEUEiU9pTlIQuPsVpeKs5Aj9xZ9PKtSFcnSjP-2BOmJTrxkJyygvuJ3dNboYS0r7JhyTBSquCLETb5-2FlC3VZdRxIet-2FFesvtJmH3LhRx5Sq-2BzfBteNEgohddUkat2kWyQGJ7lrn0LBohJ4-2BBWZvkBas9GClca7nPvfGmrtJaqFyFkZ7J5g0VWUugWUmibPFVtr-2FHD-2Fd7A1KojMeQToWtrEsIZtYYb2A0G-2FKIVjy1qzh4d-2BnT-2F8ynG9HQGy501XTVTImwQFKxGF7OYveuCLwbuun-2FtsM16d-2Bf6SexN4UVyRxphtfnJbesvdDbcOLA1dEVwsakeK1Aj2pjO-2Bi9djJHCeZx4lKIzDmDj0tuBsouEcZhYR77DosKfvKMFC94cSJ0FIm4SzN1DG8EjXWJ-2FZr11B1YKyZXsqQ7oI7wAQQFp9c79H5vVI6I7ASRJWfkObTs6h90U5bgsKciJiS0bynkTpTJC0suxas5GDtWi225bNWy71DVybI5jmmhoetmqEXUBsHhExCZl6B-2Fz2Ur6p4N8lcIcWZi8US1aDumMxuN1FkgOkpcXmiQ6D5Sx-2FTj0gunSLBQKhtX2Ul4fsykwgC5tRkME1O1ZVFfbobw-3D|http://url8148.mdx.ac.ae/ls/click?upn=u001.hhduUulMZKjYD7venOe2S4-2BhcR3nlGGaWsUd3sL-2FB7U8clDVtWCer56pEbKXyooZFYMBOHTxKJzOpoU3At5GfzmSXs3XwmnX-2FSWT9MWINK8Jobk1XPJPn2DRDfFl9jtw9lyT_-2FnxC0uuWwXVLvv-2FPcJIdQC9bKMk-2F8uXLPNfQ2WOqhE62uDMIO2D3ccNnJNXwTffdNjdEyvnDq7VLTV7VRHmI2dM-2FFP-2FcPE3pEC7iCZEAqHGp6aemWNkOaq6Y00nnzMwInB-2FY5anxPCHqXzfvgsTzGTYtXGWSQXj1oMDdaJrItIq277E6iUq5giEO5O0-2B6Qjhnqa-2BWPgCtYVxqTyZVv2wW0SMQyi8jWm-2BlaiXYgBKiAA6Pu9SfKr-2BqFeX4c1ru2bIn9kvYlRDf08H-2BNLxKl6jo5kWrYb4n-2FrzVvEiHnouE0mkCZzC9bj-2FUXwaNlJ8lgzz9jT9DhskP1y4VUxDWKXEwsQoMjtGdKc9M34WNkCrJ6CFHgqjNw8oTWqwmLAJhaRJJe7fIYMKMsULOEYLLbAbnz9BLP3xTiDXAX2TuJJKzjIY-2BWPcoRWb2ThxWU7B0i2cJPczUL9MXxEUEiU9pTlIQuPsVpeKs5Aj9xZ9PKtSFcnSjP-2BOmJTrxkJyygvuJ3dNboYS0r7JhyTBSquCLETb5-2FlC3VZdRxIet-2FFesvtJmH3LhRx5Sq-2BzfBteNEgohddUkat2kWyQGJ7lrn0LBohJ4-2BBWZvkBas9GClca7nPvfGmrtJaqFyFkZ7J5g0VWUugWUmibPFVtr-2FHD-2Fd7A1KojMeQToWtrEsIZtYYb2A0G-2FKIVjy1qzh4d-2BnT-2F8ynG9HQGy501XTVTImwQFKxGF7OYveuCLwbuun-2FtsM16d-2Bf6SexN4UVyRxphtfnJbesvdDbcOLA1dEVwsakeK1Aj2pjO-2Bi9djJHCeZx4lKIzDmDj0tuBsouEcZhYR77DosKfvKMFC94cSJ0FIm4SzN1DG8EjXWJ-2FZr11B1YKyZXsqQ7oI7wAQQFp9c79H5vVI6I7ASRJWfkObTs6h90U5bgsKciJiS0bynkTpTJC0suxas5GDtWi225bNWy71DVybI5jmmhoetmqEXUBsHhExCZl6B-2Fz2Ur6p4N8lcIcWZi8US1aDumMxuN1FkgOkpcXmiQ6D5Sx-2FTj0gunSLBQKhtX2Ul4fsykwgC5tRkME1O1ZVFfbobw-3D.|https://eur02.safelinks.protection.outlook.com/?url=http%3A%2F%2Furl8148.mdx.ac.ae%2Fwf%2Funsubscribe%3Fupn%3Du001.G5oppK3eC1WFntLY75qU6008sXDEyAqeOxYWQZzjV4trHR13GA1mN0b5rp7AfwsklW4dfsTvRxJJVJLDSGODdX6n-2Fznf6ASTEocecn0phdEzp9NZEX-2FRG0BFSV2mdzoNYMqWyFV4zwMIuUjO-2BofWNB48i3yXnhs-2BgPe7ba4JyfeC3Ea5hTo1mwI5839dHZuDuFY1oZi4geOhDG8PhE-2FuwzvAVG-2FlK9SHtRKJP-2FFi544QKqHX2R9TT2HBEEcnD5q0cfGJVCYSFr0CV0-2Fw5U4yzYe2RpRh-2B-2B9pIMmN1-2Fk3clxH3HetNtLozfaUZC7VaAkTFmY-2B5Nxb3zaiYuyp-2F4YKYO7wF0RXKvbtQurXz7An57oCIGXoKswjlXXsH6BVLQCN-2B1-2B3XFU5ifNLFMyxOtwa457wf6ZQdihLu1ClfGqUroS7uSgmolI3nF1IyPKe8wzoUxvQ2NMt4F9y-2FJhfsoixpW0OMYVWo3nXRF1O-2FuhA9uAy4G-2FABxHOo0VOUBW54XlCnVpONBZGIui4NovHxkq-2F2FIWDmINN5hI6LOxVbqYma-2FxtBz73dQdEybBvf1cKgAGoaIBMFOBrh8M7nXoxEx2c4ssyu-2B7S4-2B5VwmYZxCczRW1YqHra1ogAXlWqNZbl3w74xbd1dhe-2BC-2Fs9wnIkgLiUh0J1ZCdCsJtMsEHbpXmT0vQ19-2Fe2aQxhTOKx1p1FAcoLjBB8yXOwCXUqs2R-2Bmkiwsb5fCYLc1JL660nwHl0He3s-2Bs561TivjKCybWsnVj5k0pnUQGnIyxOeGVn8xkTu8Gtx39uT1olgyKfQ3D1UhNlr6rxH-2FcYvBtT5rxyWUOF6-2FPLeROv8y2FA19Ng0QKG959Mo9-2FJy4mRuZzB3JBlRQNNaqE-2Bhv-2Bs6QOCo0hiqWgtSHp89SQKnbeKzIIat0s9Yulu-2BgfNCt7I805v7uu1JD4n-2BtWvFWXLhGtYatkKO89tMHTfZPKUTyUuu-2FPdOiy9Ekpsza-2FxgvibQ-2FUOXUAiVv5sQqG2-2FXlxYw-2FX5-2BWVc0CUG2adKmXw7-2FE3qksW-2FX1QXplRy2MroGZuChuFfgIZQqHqP-2FRHpiBsAC6xoD8l3xmm&amp;data=05%7C02%7Caa6381%40live.mdx.ac.uk%7Cf09e3b942c2749add81208def908f309%7C38e37b88a3a148cf9f056537427fed24%7C0%7C0%7C639222014022665406%7CUnknown%7CTWFpbGZsb3d8eyJFbXB0eU1hcGkiOnRydWUsIlYiOiIwLjAuMDAwMCIsIlAiOiJXaW4zMiIsIkFOIjoiTWFpbCIsIldUIjoyfQ%3D%3D%7C0%7C%7C%7C&amp;sdata=1Ze%2Fv%2BpS%2FNO1U4KCyYpVtK2zUDSurlNFOOlpjtiMiuk%3D&amp;reserved=0|http://url8148.mdx.ac.ae/wf/unsubscribe?upn=u001.G5oppK3eC1WFntLY75qU6008sXDEyAqeOxYWQZzjV4trHR13GA1mN0b5rp7AfwsklW4dfsTvRxJJVJLDSGODdX6n-2Fznf6ASTEocecn0phdEzp9NZEX-2FRG0BFSV2mdzoNYMqWyFV4zwMIuUjO-2BofWNB48i3yXnhs-2BgPe7ba4JyfeC3Ea5hTo1mwI5839dHZuDuFY1oZi4geOhDG8PhE-2FuwzvAVG-2FlK9SHtRKJP-2FFi544QKqHX2R9TT2HBEEcnD5q0cfGJVCYSFr0CV0-2Fw5U4yzYe2RpRh-2B-2B9pIMmN1-2Fk3clxH3HetNtLozfaUZC7VaAkTFmY-2B5Nxb3zaiYuyp-2F4YKYO7wF0RXKvbtQurXz7An57oCIGXoKswjlXXsH6BVLQCN-2B1-2B3XFU5ifNLFMyxOtwa457wf6ZQdihLu1ClfGqUroS7uSgmolI3nF1IyPKe8wzoUxvQ2NMt4F9y-2FJhfsoixpW0OMYVWo3nXRF1O-2FuhA9uAy4G-2FABxHOo0VOUBW54XlCnVpONBZGIui4NovHxkq-2F2FIWDmINN5hI6LOxVbqYma-2FxtBz73dQdEybBvf1cKgAGoaIBMFOBrh8M7nXoxEx2c4ssyu-2B7S4-2B5VwmYZxCczRW1YqHra1ogAXlWqNZbl3w74xbd1dhe-2BC-2Fs9wnIkgLiUh0J1ZCdCsJtMsEHbpXmT0vQ19-2Fe2aQxhTOKx1p1FAcoLjBB8yXOwCXUqs2R-2Bmkiwsb5fCYLc1JL660nwHl0He3s-2Bs561TivjKCybWsnVj5k0pnUQGnIyxOeGVn8xkTu8Gtx39uT1olgyKfQ3D1UhNlr6rxH-2FcYvBtT5rxyWUOF6-2FPLeROv8y2FA19Ng0QKG959Mo9-2FJy4mRuZzB3JBlRQNNaqE-2Bhv-2Bs6QOCo0hiqWgtSHp89SQKnbeKzIIat0s9Yulu-2BgfNCt7I805v7uu1JD4n-2BtWvFWXLhGtYatkKO89tMHTfZPKUTyUuu-2FPdOiy9Ekpsza-2FxgvibQ-2FUOXUAiVv5sQqG2-2FXlxYw-2FX5-2BWVc0CUG2adKmXw7-2FE3qksW-2FX1QXplRy2MroGZuChuFfgIZQqHqP-2FRHpiBsAC6xoD8l3xmm|http://url8148.mdx.ac.ae/wf/unsubscribe?upn=u001.G5oppK3eC1WFntLY75qU6008sXDEyAqeOxYWQZzjV4trHR13GA1mN0b5rp7AfwsklW4dfsTvRxJJVJLDSGODdX6n-2Fznf6ASTEocecn0phdEzp9NZEX-2FRG0BFSV2mdzoNYMqWyFV4zwMIuUjO-2BofWNB48i3yXnhs-2BgPe7ba4JyfeC3Ea5hTo1mwI5839dHZuDuFY1oZi4geOhDG8PhE-2FuwzvAVG-2FlK9SHtRKJP-2FFi544QKqHX2R9TT2HBEEcnD5q0cfGJVCYSFr0CV0-2Fw5U4yzYe2RpRh-2B-2B9pIMmN1-2Fk3clxH3HetNtLozfaUZC7VaAkTFmY-2B5Nxb3zaiYuyp-2F4YKYO7wF0RXKvbtQurXz7An57oCIGXoKswjlXXsH6BVLQCN-2B1-2B3XFU5ifNLFMyxOtwa457wf6ZQdihLu1ClfGqUroS7uSgmolI3nF1IyPKe8wzoUxvQ2NMt4F9y-2FJhfsoixpW0OMYVWo3nXRF1O-2FuhA9uAy4G-2FABxHOo0VOUBW54XlCnVpONBZGIui4NovHxkq-2F2FIWDmINN5hI6LOxVbqYma-2FxtBz73dQdEybBvf1cKgAGoaIBMFOBrh8M7nXoxEx2c4ssyu-2B7S4-2B5VwmYZxCczRW1YqHra1ogAXlWqNZbl3w74xbd1dhe-2BC-2Fs9wnIkgLiUh0J1ZCdCsJtMsEHbpXmT0vQ19-2Fe2aQxhTOKx1p1FAcoLjBB8yXOwCXUqs2R-2Bmkiwsb5fCYLc1JL660nwHl0He3s-2Bs561TivjKCybWsnVj5k0pnUQGnIyxOeGVn8xkTu8Gtx39uT1olgyKfQ3D1UhNlr6rxH-2FcYvBtT5rxyWUOF6-2FPLeROv8y2FA19Ng0QKG959Mo9-2FJy4mRuZzB3JBlRQNNaqE-2Bhv-2Bs6QOCo0hiqWgtSHp89SQKnbeKzIIat0s9Yulu-2BgfNCt7I805v7uu1JD4n-2BtWvFWXLhGtYatkKO89tMHTfZPKUTyUuu-2FPdOiy9Ekpsza-2FxgvibQ-2FUOXUAiVv5sQqG2-2FXlxYw-2FX5-2BWVc0CUG2adKmXw7-2FE3qksW-2FX1QXplRy2MroGZuChuFfgIZQqHqP-2FRHpiBsAC6xoD8l3xmm.,none,none,none,1,0,0.9704,1,0.5148
surveymonkey@t.outbound.surveymonkey.com,"Your new survey responses

Summarise this email","

Review your new responses


Here are the survey responses that came in yesterday:

Post-Study Survey - CognitoMail Email Safety Study


Manage notifications
New responses


3
See responses


CognitoMail Email Safety Study


Manage notifications
New responses


3
See responses


Learn more


Daily Summary Notifications


You received this email as a registered user of SurveyMonkey. Do not reply to this email. Visit our Help Center to contact us.


© SurveyMonkey Inc Europe UC, 5 School House Lane East, Dublin 2, D02 N279, Ireland.  •  Privacy Notice",https://eur02.safelinks.protection.outlook.com/?url=https%3A%2F%2Fclick.outbound.surveymonkey.com%2Ff%2Fa%2F6c7FiNXefLcnTFgllcc4pw~~%2FAAAAARA~%2FqKGAqHx6sVoBurufrBrtW_kiZowj3thN4acNUWEUoLXjx6c-QFzkq15ngxU_aZsyYTIRLjlbf58FeMRR6rRqSBGmD9vDJnq0Wch_aSAN1qr19KZkBtjxLfX9rfOcslA_-tv8rQEzKE1wtpZCV-kRJZhlQqsiHQEFOJpg7cosnIOmYtruV5FkY1XesjA1LujWbNNxWo8KKzXTUb9XoeZh9cSvaE4DxRiqxSsgF34Jt95IctWyrHeQeEYnxidnFNfBAI8VXGEPNjYYX0pmz5tsyIMaPBZaXlRrdLhMHqRcwbgkfvt5Hmi4E8Wsmovn6eQg3PSprTzHLDhHyHZipqIoFLqBnofaCfeziKtcjygxs2kB0aui7aMeHXMH7fy0BID2WF-ap24FhTbPlxGm5TvNUg~~&amp;data=05%7C02%7Caa6381%40live.mdx.ac.uk%7Ce3da2109b4ba45cc571008def8875dab%7C38e37b88a3a148cf9f056537427fed24%7C0%7C0%7C639221457455776566%7CUnknown%7CTWFpbGZsb3d8eyJFbXB0eU1hcGkiOnRydWUsIlYiOiIwLjAuMDAwMCIsIlAiOiJXaW4zMiIsIkFOIjoiTWFpbCIsIldUIjoyfQ%3D%3D%7C0%7C%7C%7C&amp;sdata=Cl2e%2FuL31OzaZKwea%2BweOEvPdF%2FFhp7ik40crjx4R00%3D&amp;reserved=0|https://click.outbound.surveymonkey.com/f/a/6c7FiNXefLcnTFgllcc4pw~~/AAAAARA~/qKGAqHx6sVoBurufrBrtW_kiZowj3thN4acNUWEUoLXjx6c-QFzkq15ngxU_aZsyYTIRLjlbf58FeMRR6rRqSBGmD9vDJnq0Wch_aSAN1qr19KZkBtjxLfX9rfOcslA_-tv8rQEzKE1wtpZCV-kRJZhlQqsiHQEFOJpg7cosnIOmYtruV5FkY1XesjA1LujWbNNxWo8KKzXTUb9XoeZh9cSvaE4DxRiqxSsgF34Jt95IctWyrHeQeEYnxidnFNfBAI8VXGEPNjYYX0pmz5tsyIMaPBZaXlRrdLhMHqRcwbgkfvt5Hmi4E8Wsmovn6eQg3PSprTzHLDhHyHZipqIoFLqBnofaCfeziKtcjygxs2kB0aui7aMeHXMH7fy0BID2WF-ap24FhTbPlxGm5TvNUg~~|https://click.outbound.surveymonkey.com/f/a/6c7FiNXefLcnTFgllcc4pw~~/AAAAARA~/qKGAqHx6sVoBurufrBrtW_kiZowj3thN4acNUWEUoLXjx6c-QFzkq15ngxU_aZsyYTIRLjlbf58FeMRR6rRqSBGmD9vDJnq0Wch_aSAN1qr19KZkBtjxLfX9rfOcslA_-tv8rQEzKE1wtpZCV-kRJZhlQqsiHQEFOJpg7cosnIOmYtruV5FkY1XesjA1LujWbNNxWo8KKzXTUb9XoeZh9cSvaE4DxRiqxSsgF34Jt95IctWyrHeQeEYnxidnFNfBAI8VXGEPNjYYX0pmz5tsyIMaPBZaXlRrdLhMHqRcwbgkfvt5Hmi4E8Wsmovn6eQg3PSprTzHLDhHyHZipqIoFLqBnofaCfeziKtcjygxs2kB0aui7aMeHXMH7fy0BID2WF-ap24FhTbPlxGm5TvNUg~~.|https://eur02.safelinks.protection.outlook.com/?url=https%3A%2F%2Fclick.outbound.surveymonkey.com%2Ff%2Fa%2FhLrpx2cBwXveXGZhVNbtNg~~%2FAAAAARA~%2Fn7wqId71ao4O_SOmfnAt-3e6kdIler-FHxc7SA7QjCiYl-uNMqxg6jSITGJq-GfYdMjVySnBQyrxJ3AteEEotQ-Mb8Z4fmhni4tj1curseQKWY6UAoimu9l1CBULV4eN6mb_d1maNti_lB9LzGyWKls_9LZU_BFVqV83nrlsYmQnO-4d0JD_4ivmds29FBlwwL4dZqLopPWkcT49l9vscit1D8uMsaJP7lBhcMt_Finz5RH887gyN-DUTK99Z7fFQGwhsXJZT2i_u9-sco6KaUqEwy9CndsGCg52agQMOIEoSlXJxFY5Ci6isfrzWdB6TjL2IJxDwMJFzSFCei4KtSf6BVBXIoAca5bjR_Xbx6o~&amp;data=05%7C02%7Caa6381%40live.mdx.ac.uk%7Ce3da2109b4ba45cc571008def8875dab%7C38e37b88a3a148cf9f056537427fed24%7C0%7C0%7C639221457455822087%7CUnknown%7CTWFpbGZsb3d8eyJFbXB0eU1hcGkiOnRydWUsIlYiOiIwLjAuMDAwMCIsIlAiOiJXaW4zMiIsIkFOIjoiTWFpbCIsIldUIjoyfQ%3D%3D%7C0%7C%7C%7C&amp;sdata=wpvdkYxlcYwQJWbGjVjgMDPIo9EBlc%2FajhgUk5ppWvc%3D&amp;reserved=0|https://click.outbound.surveymonkey.com/f/a/hLrpx2cBwXveXGZhVNbtNg~~/AAAAARA~/n7wqId71ao4O_SOmfnAt-3e6kdIler-FHxc7SA7QjCiYl-uNMqxg6jSITGJq-GfYdMjVySnBQyrxJ3AteEEotQ-Mb8Z4fmhni4tj1curseQKWY6UAoimu9l1CBULV4eN6mb_d1maNti_lB9LzGyWKls_9LZU_BFVqV83nrlsYmQnO-4d0JD_4ivmds29FBlwwL4dZqLopPWkcT49l9vscit1D8uMsaJP7lBhcMt_Finz5RH887gyN-DUTK99Z7fFQGwhsXJZT2i_u9-sco6KaUqEwy9CndsGCg52agQMOIEoSlXJxFY5Ci6isfrzWdB6TjL2IJxDwMJFzSFCei4KtSf6BVBXIoAca5bjR_Xbx6o~|https://click.outbound.surveymonkey.com/f/a/hLrpx2cBwXveXGZhVNbtNg~~/AAAAARA~/n7wqId71ao4O_SOmfnAt-3e6kdIler-FHxc7SA7QjCiYl-uNMqxg6jSITGJq-GfYdMjVySnBQyrxJ3AteEEotQ-Mb8Z4fmhni4tj1curseQKWY6UAoimu9l1CBULV4eN6mb_d1maNti_lB9LzGyWKls_9LZU_BFVqV83nrlsYmQnO-4d0JD_4ivmds29FBlwwL4dZqLopPWkcT49l9vscit1D8uMsaJP7lBhcMt_Finz5RH887gyN-DUTK99Z7fFQGwhsXJZT2i_u9-sco6KaUqEwy9CndsGCg52agQMOIEoSlXJxFY5Ci6isfrzWdB6TjL2IJxDwMJFzSFCei4KtSf6BVBXIoAca5bjR_Xbx6o~.|https://eur02.safelinks.protection.outlook.com/?url=https%3A%2F%2Fclick.outbound.surveymonkey.com%2Ff%2Fa%2FBR3dLyv4H_v_Pg--mzajOg~~%2FAAAAARA~%2FqKGAqHx6sVoBurufrBrtW_kiZowj3thN4acNUWEUoLXjx6c-QFzkq15ngxU_aZsy7p6rFR2FzpQjpEexke1HIy0Pqcb6Uatsi69F1qPdNcW8Oyd_DpyfbpfkKg7teJZYGBeW08XeNhZeMry7bdaJaVWSpFByCJQBOrKTe521wn89f88Z6xd1MzpV8ATKQ0l7owncrfn2X8P_Q-CB-ciMo0YG5Ss96f7FzrETWSKzuG45gDAH28BD8SMeb-L3kNQPXZs-z0K40yVVnPq-5M0Ib_xRNnzJT4Ryhe03zxnIo1ylcjACcXMf3WkjGB4V_Nsd9oMJbf67P7o0tUSHsh-vsu-LQC_WMvpyUd9e0BjGi4eE9z6K3OLuUrs_h25Yng1IMwkEJMrbDj52HFyrRx-w1g~~&amp;data=05%7C02%7Caa6381%40live.mdx.ac.uk%7Ce3da2109b4ba45cc571008def8875dab%7C38e37b88a3a148cf9f056537427fed24%7C0%7C0%7C639221457455854698%7CUnknown%7CTWFpbGZsb3d8eyJFbXB0eU1hcGkiOnRydWUsIlYiOiIwLjAuMDAwMCIsIlAiOiJXaW4zMiIsIkFOIjoiTWFpbCIsIldUIjoyfQ%3D%3D%7C0%7C%7C%7C&amp;sdata=xrZDGBpXadtu8VUegsNOkUdetTleQfclDH85K9PeWSo%3D&amp;reserved=0|https://click.outbound.surveymonkey.com/f/a/BR3dLyv4H_v_Pg--mzajOg~~/AAAAARA~/qKGAqHx6sVoBurufrBrtW_kiZowj3thN4acNUWEUoLXjx6c-QFzkq15ngxU_aZsy7p6rFR2FzpQjpEexke1HIy0Pqcb6Uatsi69F1qPdNcW8Oyd_DpyfbpfkKg7teJZYGBeW08XeNhZeMry7bdaJaVWSpFByCJQBOrKTe521wn89f88Z6xd1MzpV8ATKQ0l7owncrfn2X8P_Q-CB-ciMo0YG5Ss96f7FzrETWSKzuG45gDAH28BD8SMeb-L3kNQPXZs-z0K40yVVnPq-5M0Ib_xRNnzJT4Ryhe03zxnIo1ylcjACcXMf3WkjGB4V_Nsd9oMJbf67P7o0tUSHsh-vsu-LQC_WMvpyUd9e0BjGi4eE9z6K3OLuUrs_h25Yng1IMwkEJMrbDj52HFyrRx-w1g~~|https://click.outbound.surveymonkey.com/f/a/BR3dLyv4H_v_Pg--mzajOg~~/AAAAARA~/qKGAqHx6sVoBurufrBrtW_kiZowj3thN4acNUWEUoLXjx6c-QFzkq15ngxU_aZsy7p6rFR2FzpQjpEexke1HIy0Pqcb6Uatsi69F1qPdNcW8Oyd_DpyfbpfkKg7teJZYGBeW08XeNhZeMry7bdaJaVWSpFByCJQBOrKTe521wn89f88Z6xd1MzpV8ATKQ0l7owncrfn2X8P_Q-CB-ciMo0YG5Ss96f7FzrETWSKzuG45gDAH28BD8SMeb-L3kNQPXZs-z0K40yVVnPq-5M0Ib_xRNnzJT4Ryhe03zxnIo1ylcjACcXMf3WkjGB4V_Nsd9oMJbf67P7o0tUSHsh-vsu-LQC_WMvpyUd9e0BjGi4eE9z6K3OLuUrs_h25Yng1IMwkEJMrbDj52HFyrRx-w1g~~.|https://eur02.safelinks.protection.outlook.com/?url=https%3A%2F%2Fclick.outbound.surveymonkey.com%2Ff%2Fa%2FP-f7JnL5i1lL-V_4zOYYsg~~%2FAAAAARA~%2Fn7wqId71ao4O_SOmfnAt-3e6kdIler-FHxc7SA7QjCgR6szMEr7OsZY3hkb9DjQoii5efn8YkXUNwQ57N1ymUERg8tvAcYhoiyE6SBHgR1NF4z2EnzBoRJTH2maqYXBRQ8TZ_ekNJVyNTG4qoXFdhQySMW2S-z9Cvd-4OU_4RfgX74-k6j-XZEqXRz63MRaFJ2WHhu3ahHcPf1A0P99IXn1r7N2g23iV45NqFWWhXh_nYJilNzuPnIaHt99YMLIJays3GzQYf2cRU3Kh1Ueps0zjYGc-xqu5BcEa2CLHuSlrs0_SoZIsEDc0yn7rVIGWdlV4Iim8Yq6dCJ7buN13_ctk4ImqOeH-P53E6REZCtE~&amp;data=05%7C02%7Caa6381%40live.mdx.ac.uk%7Ce3da2109b4ba45cc571008def8875dab%7C38e37b88a3a148cf9f056537427fed24%7C0%7C0%7C639221457455884678%7CUnknown%7CTWFpbGZsb3d8eyJFbXB0eU1hcGkiOnRydWUsIlYiOiIwLjAuMDAwMCIsIlAiOiJXaW4zMiIsIkFOIjoiTWFpbCIsIldUIjoyfQ%3D%3D%7C0%7C%7C%7C&amp;sdata=fBjnfZMQ%2FeyF19eQjYqBNSIVL67CtMjrLbk4YYwUfD0%3D&amp;reserved=0|https://click.outbound.surveymonkey.com/f/a/P-f7JnL5i1lL-V_4zOYYsg~~/AAAAARA~/n7wqId71ao4O_SOmfnAt-3e6kdIler-FHxc7SA7QjCgR6szMEr7OsZY3hkb9DjQoii5efn8YkXUNwQ57N1ymUERg8tvAcYhoiyE6SBHgR1NF4z2EnzBoRJTH2maqYXBRQ8TZ_ekNJVyNTG4qoXFdhQySMW2S-z9Cvd-4OU_4RfgX74-k6j-XZEqXRz63MRaFJ2WHhu3ahHcPf1A0P99IXn1r7N2g23iV45NqFWWhXh_nYJilNzuPnIaHt99YMLIJays3GzQYf2cRU3Kh1Ueps0zjYGc-xqu5BcEa2CLHuSlrs0_SoZIsEDc0yn7rVIGWdlV4Iim8Yq6dCJ7buN13_ctk4ImqOeH-P53E6REZCtE~|https://click.outbound.surveymonkey.com/f/a/P-f7JnL5i1lL-V_4zOYYsg~~/AAAAARA~/n7wqId71ao4O_SOmfnAt-3e6kdIler-FHxc7SA7QjCgR6szMEr7OsZY3hkb9DjQoii5efn8YkXUNwQ57N1ymUERg8tvAcYhoiyE6SBHgR1NF4z2EnzBoRJTH2maqYXBRQ8TZ_ekNJVyNTG4qoXFdhQySMW2S-z9Cvd-4OU_4RfgX74-k6j-XZEqXRz63MRaFJ2WHhu3ahHcPf1A0P99IXn1r7N2g23iV45NqFWWhXh_nYJilNzuPnIaHt99YMLIJays3GzQYf2cRU3Kh1Ueps0zjYGc-xqu5BcEa2CLHuSlrs0_SoZIsEDc0yn7rVIGWdlV4Iim8Yq6dCJ7buN13_ctk4ImqOeH-P53E6REZCtE~.|https://eur02.safelinks.protection.outlook.com/?url=https%3A%2F%2Fclick.outbound.surveymonkey.com%2Ff%2Fa%2F2BB40UDqfAJcoR30Ezc6hQ~~%2FAAAAARA~%2FZSevk6jbmjAx_M8Skv955UBkpmgpeuD97iG8-Y9Vq7oysLiX6N7KRY9n9MnG_IXZEkgK-PoPHaCl_j5y_qB5siuuiFSORBG7UU9G83Ddys9_5CevtltNhOva5c7rfMJZOUWcEze64Ee5yaqxVu8U0kqQ8tZzdAHRy9d983FWjH5l7pEBwjUlLcRITrnQz9fDtyeqoM4DvXQY1QfLCH2sdssfINfFiCBUYkEuh21S7tsyyH1PR-tipYZoCICaZZQWMfNxhnK26xnbGQmKr97D-BDGjMM5Hrxu7y5-5QPAXusBRqaqzTyMUGmWd0FGepNZ3KLBVnD1jhnKxqLDvcU13N6Skgyxrm9Bv8etgnjVef0-hRQzCo9cN38Hk88KGC5_QuOuEyBe6wnI9oudYpeaXA~~&amp;data=05%7C02%7Caa6381%40live.mdx.ac.uk%7Ce3da2109b4ba45cc571008def8875dab%7C38e37b88a3a148cf9f056537427fed24%7C0%7C0%7C639221457455913875%7CUnknown%7CTWFpbGZsb3d8eyJFbXB0eU1hcGkiOnRydWUsIlYiOiIwLjAuMDAwMCIsIlAiOiJXaW4zMiIsIkFOIjoiTWFpbCIsIldUIjoyfQ%3D%3D%7C0%7C%7C%7C&amp;sdata=EgwfH%2FVJ%2FDXuSY95b%2BnP%2Bm3MHK4fRXxF9FZ5gSrjSyw%3D&amp;reserved=0|https://click.outbound.surveymonkey.com/f/a/2BB40UDqfAJcoR30Ezc6hQ~~/AAAAARA~/ZSevk6jbmjAx_M8Skv955UBkpmgpeuD97iG8-Y9Vq7oysLiX6N7KRY9n9MnG_IXZEkgK-PoPHaCl_j5y_qB5siuuiFSORBG7UU9G83Ddys9_5CevtltNhOva5c7rfMJZOUWcEze64Ee5yaqxVu8U0kqQ8tZzdAHRy9d983FWjH5l7pEBwjUlLcRITrnQz9fDtyeqoM4DvXQY1QfLCH2sdssfINfFiCBUYkEuh21S7tsyyH1PR-tipYZoCICaZZQWMfNxhnK26xnbGQmKr97D-BDGjMM5Hrxu7y5-5QPAXusBRqaqzTyMUGmWd0FGepNZ3KLBVnD1jhnKxqLDvcU13N6Skgyxrm9Bv8etgnjVef0-hRQzCo9cN38Hk88KGC5_QuOuEyBe6wnI9oudYpeaXA~~|https://click.outbound.surveymonkey.com/f/a/2BB40UDqfAJcoR30Ezc6hQ~~/AAAAARA~/ZSevk6jbmjAx_M8Skv955UBkpmgpeuD97iG8-Y9Vq7oysLiX6N7KRY9n9MnG_IXZEkgK-PoPHaCl_j5y_qB5siuuiFSORBG7UU9G83Ddys9_5CevtltNhOva5c7rfMJZOUWcEze64Ee5yaqxVu8U0kqQ8tZzdAHRy9d983FWjH5l7pEBwjUlLcRITrnQz9fDtyeqoM4DvXQY1QfLCH2sdssfINfFiCBUYkEuh21S7tsyyH1PR-tipYZoCICaZZQWMfNxhnK26xnbGQmKr97D-BDGjMM5Hrxu7y5-5QPAXusBRqaqzTyMUGmWd0FGepNZ3KLBVnD1jhnKxqLDvcU13N6Skgyxrm9Bv8etgnjVef0-hRQzCo9cN38Hk88KGC5_QuOuEyBe6wnI9oudYpeaXA~~.|https://eur02.safelinks.protection.outlook.com/?url=https%3A%2F%2Fclick.outbound.surveymonkey.com%2Ff%2Fa%2FTuBy-T5H4kGWzs_YSgW4QQ~~%2FAAAAARA~%2FNRqb2JiJ42Vi5Y3CCgcIyfDhLVL0lHpqp3SuzP-XiSKUVVgEDItAOH1fA4o_qemMwk-T4wkAT0BXDSV5pYQRJ4fq6iiN2i2eZlvZn0dPbjpiwbE9Xf2hs5H_jCA5YY1qzGExnTiO83pFCJmKUNCsYYV28hPvjlZK39jc5SEa_zInMlpw17kVJF0YLSKi-ZIEJAoltAIx1pNvDWMr0z9XTrSQTdnplYLxFf01B1QsmQroFujjNty-8F146ynqds4D&amp;data=05%7C02%7Caa6381%40live.mdx.ac.uk%7Ce3da2109b4ba45cc571008def8875dab%7C38e37b88a3a148cf9f056537427fed24%7C0%7C0%7C639221457455944338%7CUnknown%7CTWFpbGZsb3d8eyJFbXB0eU1hcGkiOnRydWUsIlYiOiIwLjAuMDAwMCIsIlAiOiJXaW4zMiIsIkFOIjoiTWFpbCIsIldUIjoyfQ%3D%3D%7C0%7C%7C%7C&amp;sdata=lth%2Fpx%2Bfcu4xq1HsArIHFVB3Vcydwg026aFlVa53pBs%3D&amp;reserved=0|https://click.outbound.surveymonkey.com/f/a/TuBy-T5H4kGWzs_YSgW4QQ~~/AAAAARA~/NRqb2JiJ42Vi5Y3CCgcIyfDhLVL0lHpqp3SuzP-XiSKUVVgEDItAOH1fA4o_qemMwk-T4wkAT0BXDSV5pYQRJ4fq6iiN2i2eZlvZn0dPbjpiwbE9Xf2hs5H_jCA5YY1qzGExnTiO83pFCJmKUNCsYYV28hPvjlZK39jc5SEa_zInMlpw17kVJF0YLSKi-ZIEJAoltAIx1pNvDWMr0z9XTrSQTdnplYLxFf01B1QsmQroFujjNty-8F146ynqds4D|https://click.outbound.surveymonkey.com/f/a/TuBy-T5H4kGWzs_YSgW4QQ~~/AAAAARA~/NRqb2JiJ42Vi5Y3CCgcIyfDhLVL0lHpqp3SuzP-XiSKUVVgEDItAOH1fA4o_qemMwk-T4wkAT0BXDSV5pYQRJ4fq6iiN2i2eZlvZn0dPbjpiwbE9Xf2hs5H_jCA5YY1qzGExnTiO83pFCJmKUNCsYYV28hPvjlZK39jc5SEa_zInMlpw17kVJF0YLSKi-ZIEJAoltAIx1pNvDWMr0z9XTrSQTdnplYLxFf01B1QsmQroFujjNty-8F146ynqds4D.|https://eur02.safelinks.protection.outlook.com/?url=https%3A%2F%2Fclick.outbound.surveymonkey.com%2Ff%2Fa%2FKIC1qtIEiG4CgKJw5IxkyA~~%2FAAAAARA~%2FHnGT4_M0kPyxNvkCJ2oQ1qmoMA9cnN6TLEq1nKyfZ2lioj8YZnYFXxNiJrzKAbppydPVg0FfdGHIgumkDrIwZq5WTaOaWbjb2hy_dUH_mdMMPp2EcSv_IS7qLXziWPTw4y76nDzOtuTcVNEjvKeExXtrYLsizYX4Q9a9t4oAkNi4sRTdxB4tQnYw9otKzxCe&amp;data=05%7C02%7Caa6381%40live.mdx.ac.uk%7Ce3da2109b4ba45cc571008def8875dab%7C38e37b88a3a148cf9f056537427fed24%7C0%7C0%7C639221457455973834%7CUnknown%7CTWFpbGZsb3d8eyJFbXB0eU1hcGkiOnRydWUsIlYiOiIwLjAuMDAwMCIsIlAiOiJXaW4zMiIsIkFOIjoiTWFpbCIsIldUIjoyfQ%3D%3D%7C0%7C%7C%7C&amp;sdata=m1hDqj4hgNwfuyLUNq7vhT4Ud%2Fq4XB%2BZ1nFVtVQ1R5w%3D&amp;reserved=0|https://click.outbound.surveymonkey.com/f/a/KIC1qtIEiG4CgKJw5IxkyA~~/AAAAARA~/HnGT4_M0kPyxNvkCJ2oQ1qmoMA9cnN6TLEq1nKyfZ2lioj8YZnYFXxNiJrzKAbppydPVg0FfdGHIgumkDrIwZq5WTaOaWbjb2hy_dUH_mdMMPp2EcSv_IS7qLXziWPTw4y76nDzOtuTcVNEjvKeExXtrYLsizYX4Q9a9t4oAkNi4sRTdxB4tQnYw9otKzxCe,none,none,none,0,0,0.7354,1,0.3677
surveymonkey@t.outbound.surveymonkey.com,"Your new survey responses

Summarise this email","

Review your new responses


Here are the survey responses that came in yesterday:

CognitoMail Email Safety Study


Manage notifications
New responses


1
See responses


Learn more


Daily Summary Notifications


You received this email as a registered user of SurveyMonkey. Do not reply to this email. Visit our Help Center to contact us.


© SurveyMonkey Inc Europe UC, 5 School House Lane East, Dublin 2, D02 N279, Ireland.  •  Privacy Notice",https://eur02.safelinks.protection.outlook.com/?url=https%3A%2F%2Fclick.outbound.surveymonkey.com%2Ff%2Fa%2Fk1HxqWN5_OzdxHoX1V_-NQ~~%2FAAAAARA~%2Fz6odCKSBR3qHZyPoKXlLmRIv2_Rm-37v2ifaKXCbh9uiYr2DMTgPvPLWlxb3d1AUvi7Ak-A-Cw5WqkW0tprM5cCs_lyuNR-1Bq4YkL67H21qw9_0TMQ8K3jCRx6IJa3rj4UFLkBKsQwmwq7r1qSdFkl08GYzS6zVPj-pFVx0_qEhjfFwwjkF-9jq4hMiKHmSCs5L5yw9jII9_C7cBQnHaBJfELUq3blXRvoq5baFLOiuFE6jOtmfqLPrgERS1RyH1WpfKK2j-X2mdHtGK4TjVDCXPFHybn8plaJEINMIRYFjUiDxjYBSLLymO12voevjWZeM4TfoYlqIHrvXSnAcoWBoOaTIPQKfV8NYBszFH8znLEW5EY4cngztAgDJqpwG_Z_PTkRMIlPgVT5NYvZZGg~~&amp;data=05%7C02%7Caa6381%40live.mdx.ac.uk%7C61279978908f42f91e5608def6f40a57%7C38e37b88a3a148cf9f056537427fed24%7C0%7C0%7C639219725177216595%7CUnknown%7CTWFpbGZsb3d8eyJFbXB0eU1hcGkiOnRydWUsIlYiOiIwLjAuMDAwMCIsIlAiOiJXaW4zMiIsIkFOIjoiTWFpbCIsIldUIjoyfQ%3D%3D%7C0%7C%7C%7C&amp;sdata=UY3d5LvQ%2BtJDW513RZtU64RBQRj6zLleP0gqWvafxtk%3D&amp;reserved=0|https://click.outbound.surveymonkey.com/f/a/k1HxqWN5_OzdxHoX1V_-NQ~~/AAAAARA~/z6odCKSBR3qHZyPoKXlLmRIv2_Rm-37v2ifaKXCbh9uiYr2DMTgPvPLWlxb3d1AUvi7Ak-A-Cw5WqkW0tprM5cCs_lyuNR-1Bq4YkL67H21qw9_0TMQ8K3jCRx6IJa3rj4UFLkBKsQwmwq7r1qSdFkl08GYzS6zVPj-pFVx0_qEhjfFwwjkF-9jq4hMiKHmSCs5L5yw9jII9_C7cBQnHaBJfELUq3blXRvoq5baFLOiuFE6jOtmfqLPrgERS1RyH1WpfKK2j-X2mdHtGK4TjVDCXPFHybn8plaJEINMIRYFjUiDxjYBSLLymO12voevjWZeM4TfoYlqIHrvXSnAcoWBoOaTIPQKfV8NYBszFH8znLEW5EY4cngztAgDJqpwG_Z_PTkRMIlPgVT5NYvZZGg~~|https://click.outbound.surveymonkey.com/f/a/k1HxqWN5_OzdxHoX1V_-NQ~~/AAAAARA~/z6odCKSBR3qHZyPoKXlLmRIv2_Rm-37v2ifaKXCbh9uiYr2DMTgPvPLWlxb3d1AUvi7Ak-A-Cw5WqkW0tprM5cCs_lyuNR-1Bq4YkL67H21qw9_0TMQ8K3jCRx6IJa3rj4UFLkBKsQwmwq7r1qSdFkl08GYzS6zVPj-pFVx0_qEhjfFwwjkF-9jq4hMiKHmSCs5L5yw9jII9_C7cBQnHaBJfELUq3blXRvoq5baFLOiuFE6jOtmfqLPrgERS1RyH1WpfKK2j-X2mdHtGK4TjVDCXPFHybn8plaJEINMIRYFjUiDxjYBSLLymO12voevjWZeM4TfoYlqIHrvXSnAcoWBoOaTIPQKfV8NYBszFH8znLEW5EY4cngztAgDJqpwG_Z_PTkRMIlPgVT5NYvZZGg~~.|https://eur02.safelinks.protection.outlook.com/?url=https%3A%2F%2Fclick.outbound.surveymonkey.com%2Ff%2Fa%2FOvAdZ0AkC03uQs3iWLB1Hg~~%2FAAAAARA~%2FcVBdeL2ibp9Y7hUIkR00SZuJD5QLZOqPr8WqBBhZTpVkflFRpjrLWXctVv-t5TtDk_5QV0y_ITTrM_AdTPXcx_aVUJWxKu6aTCBKAKuQZU0NR1WqinsrTe63gZzUwzmcvO_8QJzT6bYStcMDRLmK3BHxXH6WvYpJ_iTG0Agucn3sPmWrc9ev0jdxgY18lR5urF7hleIpRZ2d1gCiz7eAIO-phnnEOy0XShoqx9iJNJybZ1qpVkaEoiXjoA6rIS3FguL71LnJIY2lxG104VgjaFjQsEqTgCUT_XQx8CbAy-5lY_paj8fgkbhrHYtkgWITMbxKBWVPYDAzk3ZLhdjDcmGnJUPcTpNbBzAXmx8e9Kc~&amp;data=05%7C02%7Caa6381%40live.mdx.ac.uk%7C61279978908f42f91e5608def6f40a57%7C38e37b88a3a148cf9f056537427fed24%7C0%7C0%7C639219725177248468%7CUnknown%7CTWFpbGZsb3d8eyJFbXB0eU1hcGkiOnRydWUsIlYiOiIwLjAuMDAwMCIsIlAiOiJXaW4zMiIsIkFOIjoiTWFpbCIsIldUIjoyfQ%3D%3D%7C0%7C%7C%7C&amp;sdata=uRGnM%2Be1Ndfz5OK78ozS0WuV1q0AY2fC163Ukzt0ksQ%3D&amp;reserved=0|https://click.outbound.surveymonkey.com/f/a/OvAdZ0AkC03uQs3iWLB1Hg~~/AAAAARA~/cVBdeL2ibp9Y7hUIkR00SZuJD5QLZOqPr8WqBBhZTpVkflFRpjrLWXctVv-t5TtDk_5QV0y_ITTrM_AdTPXcx_aVUJWxKu6aTCBKAKuQZU0NR1WqinsrTe63gZzUwzmcvO_8QJzT6bYStcMDRLmK3BHxXH6WvYpJ_iTG0Agucn3sPmWrc9ev0jdxgY18lR5urF7hleIpRZ2d1gCiz7eAIO-phnnEOy0XShoqx9iJNJybZ1qpVkaEoiXjoA6rIS3FguL71LnJIY2lxG104VgjaFjQsEqTgCUT_XQx8CbAy-5lY_paj8fgkbhrHYtkgWITMbxKBWVPYDAzk3ZLhdjDcmGnJUPcTpNbBzAXmx8e9Kc~|https://click.outbound.surveymonkey.com/f/a/OvAdZ0AkC03uQs3iWLB1Hg~~/AAAAARA~/cVBdeL2ibp9Y7hUIkR00SZuJD5QLZOqPr8WqBBhZTpVkflFRpjrLWXctVv-t5TtDk_5QV0y_ITTrM_AdTPXcx_aVUJWxKu6aTCBKAKuQZU0NR1WqinsrTe63gZzUwzmcvO_8QJzT6bYStcMDRLmK3BHxXH6WvYpJ_iTG0Agucn3sPmWrc9ev0jdxgY18lR5urF7hleIpRZ2d1gCiz7eAIO-phnnEOy0XShoqx9iJNJybZ1qpVkaEoiXjoA6rIS3FguL71LnJIY2lxG104VgjaFjQsEqTgCUT_XQx8CbAy-5lY_paj8fgkbhrHYtkgWITMbxKBWVPYDAzk3ZLhdjDcmGnJUPcTpNbBzAXmx8e9Kc~.|https://eur02.safelinks.protection.outlook.com/?url=https%3A%2F%2Fclick.outbound.surveymonkey.com%2Ff%2Fa%2F_XfgNh7THHJs2ivpzJaEgQ~~%2FAAAAARA~%2Fj0mUWUE3RSdPn7zAtWNXiBmvoKqGA82ivQaCPD1EjB4_XnEovAMYM9WIzm-T3f8kcc2JRotkhZ9jShv2P5eoKCBVypuG34QU313fpQ8MDFwHc2k3v0IgmtQ9vJuEJVjTmc3g8b-43BX5QHLb2DZo1J7saAEqYyFRK45eQ9wU6vZhnOysQ-LEyha34goKDUWgEwqi6Q2EwpH4emwWSHG4IwKHzItDva3S2azOjMiKtxBxjJ3nF_L-fr-AuTukjQOtgmScfEilltxdJbYb05745cxtLuPsUq_C5kcniRYjyd9wRyJo3v8p6eDvWhAGSBVZYIIi0d4-FosrPO4QXjyNh9Bz_URVdco6z-OO_vIcnBfh3kwtBe4eHxwLpNc6VH_5kxVSgvtCmye68t_tH1M0HA~~&amp;data=05%7C02%7Caa6381%40live.mdx.ac.uk%7C61279978908f42f91e5608def6f40a57%7C38e37b88a3a148cf9f056537427fed24%7C0%7C0%7C639219725177269338%7CUnknown%7CTWFpbGZsb3d8eyJFbXB0eU1hcGkiOnRydWUsIlYiOiIwLjAuMDAwMCIsIlAiOiJXaW4zMiIsIkFOIjoiTWFpbCIsIldUIjoyfQ%3D%3D%7C0%7C%7C%7C&amp;sdata=3NfAvELnTmWKAeRwfOOXtiLnU79GumayMOAn2%2BqGN38%3D&amp;reserved=0|https://click.outbound.surveymonkey.com/f/a/_XfgNh7THHJs2ivpzJaEgQ~~/AAAAARA~/j0mUWUE3RSdPn7zAtWNXiBmvoKqGA82ivQaCPD1EjB4_XnEovAMYM9WIzm-T3f8kcc2JRotkhZ9jShv2P5eoKCBVypuG34QU313fpQ8MDFwHc2k3v0IgmtQ9vJuEJVjTmc3g8b-43BX5QHLb2DZo1J7saAEqYyFRK45eQ9wU6vZhnOysQ-LEyha34goKDUWgEwqi6Q2EwpH4emwWSHG4IwKHzItDva3S2azOjMiKtxBxjJ3nF_L-fr-AuTukjQOtgmScfEilltxdJbYb05745cxtLuPsUq_C5kcniRYjyd9wRyJo3v8p6eDvWhAGSBVZYIIi0d4-FosrPO4QXjyNh9Bz_URVdco6z-OO_vIcnBfh3kwtBe4eHxwLpNc6VH_5kxVSgvtCmye68t_tH1M0HA~~|https://click.outbound.surveymonkey.com/f/a/_XfgNh7THHJs2ivpzJaEgQ~~/AAAAARA~/j0mUWUE3RSdPn7zAtWNXiBmvoKqGA82ivQaCPD1EjB4_XnEovAMYM9WIzm-T3f8kcc2JRotkhZ9jShv2P5eoKCBVypuG34QU313fpQ8MDFwHc2k3v0IgmtQ9vJuEJVjTmc3g8b-43BX5QHLb2DZo1J7saAEqYyFRK45eQ9wU6vZhnOysQ-LEyha34goKDUWgEwqi6Q2EwpH4emwWSHG4IwKHzItDva3S2azOjMiKtxBxjJ3nF_L-fr-AuTukjQOtgmScfEilltxdJbYb05745cxtLuPsUq_C5kcniRYjyd9wRyJo3v8p6eDvWhAGSBVZYIIi0d4-FosrPO4QXjyNh9Bz_URVdco6z-OO_vIcnBfh3kwtBe4eHxwLpNc6VH_5kxVSgvtCmye68t_tH1M0HA~~.|https://eur02.safelinks.protection.outlook.com/?url=https%3A%2F%2Fclick.outbound.surveymonkey.com%2Ff%2Fa%2FtyWyEbL4xe-ZPD3geNSA0w~~%2FAAAAARA~%2FgQUhGswwPdRbbzVeJ1zT7kbwjUXr04e5-ck2KtkF4HCWIvA1KywXAmtMawWzRzKZJo1i1DjHnC5TulZmUgSvFwBVOOi92vUN-Mby2PQNzV3ip3pQZf_yiLxosa-J0s6_FebS0ToGzoVyEIlM3u1b7V3hYeRO-zIEZAvRICtQfyASn6aHpscMVH5B8jWTFIRHdLYM_1YEBiOU4F645fVZ1qYpRPGDKn7xgtQ_iztxcpDqy8chDf9d3J5rCM1WBYFn&amp;data=05%7C02%7Caa6381%40live.mdx.ac.uk%7C61279978908f42f91e5608def6f40a57%7C38e37b88a3a148cf9f056537427fed24%7C0%7C0%7C639219725177289485%7CUnknown%7CTWFpbGZsb3d8eyJFbXB0eU1hcGkiOnRydWUsIlYiOiIwLjAuMDAwMCIsIlAiOiJXaW4zMiIsIkFOIjoiTWFpbCIsIldUIjoyfQ%3D%3D%7C0%7C%7C%7C&amp;sdata=lMRJ2H9hQXNJwIBXWxC04orJeW6GDgqEK2IpDRNYCxA%3D&amp;reserved=0|https://click.outbound.surveymonkey.com/f/a/tyWyEbL4xe-ZPD3geNSA0w~~/AAAAARA~/gQUhGswwPdRbbzVeJ1zT7kbwjUXr04e5-ck2KtkF4HCWIvA1KywXAmtMawWzRzKZJo1i1DjHnC5TulZmUgSvFwBVOOi92vUN-Mby2PQNzV3ip3pQZf_yiLxosa-J0s6_FebS0ToGzoVyEIlM3u1b7V3hYeRO-zIEZAvRICtQfyASn6aHpscMVH5B8jWTFIRHdLYM_1YEBiOU4F645fVZ1qYpRPGDKn7xgtQ_iztxcpDqy8chDf9d3J5rCM1WBYFn|https://click.outbound.surveymonkey.com/f/a/tyWyEbL4xe-ZPD3geNSA0w~~/AAAAARA~/gQUhGswwPdRbbzVeJ1zT7kbwjUXr04e5-ck2KtkF4HCWIvA1KywXAmtMawWzRzKZJo1i1DjHnC5TulZmUgSvFwBVOOi92vUN-Mby2PQNzV3ip3pQZf_yiLxosa-J0s6_FebS0ToGzoVyEIlM3u1b7V3hYeRO-zIEZAvRICtQfyASn6aHpscMVH5B8jWTFIRHdLYM_1YEBiOU4F645fVZ1qYpRPGDKn7xgtQ_iztxcpDqy8chDf9d3J5rCM1WBYFn.|https://eur02.safelinks.protection.outlook.com/?url=https%3A%2F%2Fclick.outbound.surveymonkey.com%2Ff%2Fa%2FI_-vtXpb3k4EAMJjAh8QrQ~~%2FAAAAARA~%2FHeavzuLX_Z3IztA6l2S0mRAuO2ddj_ggWu5d55Mk_umhgYarX_ncNp11RlQniDfqD7KvElb1MIwdM1DOihC56kT35iI5mhIGx0pBZNE8CI3J3S67JwttfL6UQLjleb5HeUL91jQea3oVvS4Lf4YXEvdc8t0ZArCcLvExmt0_bGPTb_BD0hpNq54NjIDk-4IH&amp;data=05%7C02%7Caa6381%40live.mdx.ac.uk%7C61279978908f42f91e5608def6f40a57%7C38e37b88a3a148cf9f056537427fed24%7C0%7C0%7C639219725177308898%7CUnknown%7CTWFpbGZsb3d8eyJFbXB0eU1hcGkiOnRydWUsIlYiOiIwLjAuMDAwMCIsIlAiOiJXaW4zMiIsIkFOIjoiTWFpbCIsIldUIjoyfQ%3D%3D%7C0%7C%7C%7C&amp;sdata=XcPFV%2FfTAq3D8BGR89%2BoEtZ90h4R0R2XnPZklw6AlC8%3D&amp;reserved=0|https://click.outbound.surveymonkey.com/f/a/I_-vtXpb3k4EAMJjAh8QrQ~~/AAAAARA~/HeavzuLX_Z3IztA6l2S0mRAuO2ddj_ggWu5d55Mk_umhgYarX_ncNp11RlQniDfqD7KvElb1MIwdM1DOihC56kT35iI5mhIGx0pBZNE8CI3J3S67JwttfL6UQLjleb5HeUL91jQea3oVvS4Lf4YXEvdc8t0ZArCcLvExmt0_bGPTb_BD0hpNq54NjIDk-4IH|https://click.outbound.surveymonkey.com/f/a/I_-vtXpb3k4EAMJjAh8QrQ~~/AAAAARA~/HeavzuLX_Z3IztA6l2S0mRAuO2ddj_ggWu5d55Mk_umhgYarX_ncNp11RlQniDfqD7KvElb1MIwdM1DOihC56kT35iI5mhIGx0pBZNE8CI3J3S67JwttfL6UQLjleb5HeUL91jQea3oVvS4Lf4YXEvdc8t0ZArCcLvExmt0_bGPTb_BD0hpNq54NjIDk-4IH.,none,none,none,0,0,0.73,1,0.365
ces@mdx.ac.ae,"Reminder! Real-World Insights into Technology Transformation: What We Should Know!

Summarise this email","
Dear Student,


As part of the MDX Summer Skills Series 2026, we invite you to join our exclusive industry speaker session featuring Michael Trojanski, Co-Founder of Intelligent Growth Studio, who will present ""Real-World Insights into Technology Transformation.""


Gain practical insights into how technology is transforming industries, explore the skills employers value in today's digital world, and learn from real-world examples of business transformation. The session will also include career advice, industry lessons, and an interactive Q&A to help you prepare for the future of work. 
Register Now!
All attendees will receive a certificate of participation, making this a valuable addition to your professional development portfolio. 

Careers and Employability Services

Middlesex Universi",https://eur02.safelinks.protection.outlook.com/?url=http%3A%2F%2Furl8148.mdx.ac.ae%2Fls%2Fclick%3Fupn%3Du001.hhduUulMZKjYD7venOe2S0Z4q6yc6tzwoja04ul3056DoEuEtB-2FmeccimK7cBroI7kke5lhK9NHoSfUc2YrDUg-3D-3D_coQ_-2FnxC0uuWwXVLvv-2FPcJIdQC9bKMk-2F8uXLPNfQ2WOqhE62uDMIO2D3ccNnJNXwTffdNjdEyvnDq7VLTV7VRHmI2dM-2FFP-2FcPE3pEC7iCZEAqHGp6aemWNkOaq6Y00nnzMwInB-2FY5anxPCHqXzfvgsTzGTYtXGWSQXj1oMDdaJrItIrMDo4t27jLJJdbJlua-2Fp949HRkkibn-2BqA6rMxZztUcuk6h6XEdYXvykaPemol6ubXrueDb39TMBhTSCPgD30nlvHPCivLvneuYUzInyhArnZ4ayLINTbQt-2F5oQ2Ftbs8HpLzgF4SG8ucosZZrGUMFwmBtHAs6N711cvpfYnCpHzCDV7iR3iEXeH2Tsed34A0BNev-2BcNyZ9DQ-2FREQfXi8gyXH3ONq-2BVSZpisTFS2-2BEtr-2B5qzKT1FK5YsggTvBLCF00O-2BNZgQ5rINMr1IwEiRTO-2FLdMyzDxxTYrAhRktvQ7lBOf0E2Q2CXP8mDwVpN-2BPcMUXcfFbncusszNH-2BtXlD51GqPUq-2BDVY2ui5NFyX4o942c9RFNiFJj1dhvcact007dXlFc484YdYzF2qONwXg-2FK3E4pnWImCKkBLdqe6rrdbKnZnbcQwwU-2BDVMDD3piok8B-2BwpNYyZXjgN6hypKEU-2BKWlxLPy7d-2FfzGHCh4soqqHl5R-2FDv-2B1sRwZec5-2BRYHncNl57oFe2DYbmmOSultzmS73LFHvNZOb-2Bf9s8kVxBmr93jqBTV7gi4-2FOZfy7UokSk7MdIRQA9h6XTh-2BiL8acpsrYAheprmS8hIJ9o2gmvRh-2BMHEbdyIpdwbG0EHI-2FEkmO15xaeZ0Dxdyv3bQyOHbqJ04BVD6-2BOb-2Bh0mujlm7cf6TOmYuKWRQqZ0bgCVtMu3DucBKkdzGXZYtTEswSySWJUvMvXG5OopJE9diQn4PR5hJ-2B4UFu397eTEFixVsVqMmORfLa0CEtHV8iyj8ulitVu6nJsq4F-2B09m6J6HMbjpmcoiFheRfK4uw-2FfyXP3ZfHM4wAM-2FdVXyyhDVxPDRboH7-2BDc2mlD-2FqpdpFj08-2BGNrQF6HO1jqciAsdwO8JdMx9oqeRc-3D&amp;data=05%7C02%7Caa6381%40live.mdx.ac.uk%7Cd6f8b7ace51447759ef508def6df5dc4%7C38e37b88a3a148cf9f056537427fed24%7C0%7C0%7C639219636402963514%7CUnknown%7CTWFpbGZsb3d8eyJFbXB0eU1hcGkiOnRydWUsIlYiOiIwLjAuMDAwMCIsIlAiOiJXaW4zMiIsIkFOIjoiTWFpbCIsIldUIjoyfQ%3D%3D%7C0%7C%7C%7C&amp;sdata=keeO450lmIasmPUuw%2BuT%2FxEsQoZC0RnBg36Wh9BT9rE%3D&amp;reserved=0|http://url8148.mdx.ac.ae/ls/click?upn=u001.hhduUulMZKjYD7venOe2S0Z4q6yc6tzwoja04ul3056DoEuEtB-2FmeccimK7cBroI7kke5lhK9NHoSfUc2YrDUg-3D-3D_coQ_-2FnxC0uuWwXVLvv-2FPcJIdQC9bKMk-2F8uXLPNfQ2WOqhE62uDMIO2D3ccNnJNXwTffdNjdEyvnDq7VLTV7VRHmI2dM-2FFP-2FcPE3pEC7iCZEAqHGp6aemWNkOaq6Y00nnzMwInB-2FY5anxPCHqXzfvgsTzGTYtXGWSQXj1oMDdaJrItIrMDo4t27jLJJdbJlua-2Fp949HRkkibn-2BqA6rMxZztUcuk6h6XEdYXvykaPemol6ubXrueDb39TMBhTSCPgD30nlvHPCivLvneuYUzInyhArnZ4ayLINTbQt-2F5oQ2Ftbs8HpLzgF4SG8ucosZZrGUMFwmBtHAs6N711cvpfYnCpHzCDV7iR3iEXeH2Tsed34A0BNev-2BcNyZ9DQ-2FREQfXi8gyXH3ONq-2BVSZpisTFS2-2BEtr-2B5qzKT1FK5YsggTvBLCF00O-2BNZgQ5rINMr1IwEiRTO-2FLdMyzDxxTYrAhRktvQ7lBOf0E2Q2CXP8mDwVpN-2BPcMUXcfFbncusszNH-2BtXlD51GqPUq-2BDVY2ui5NFyX4o942c9RFNiFJj1dhvcact007dXlFc484YdYzF2qONwXg-2FK3E4pnWImCKkBLdqe6rrdbKnZnbcQwwU-2BDVMDD3piok8B-2BwpNYyZXjgN6hypKEU-2BKWlxLPy7d-2FfzGHCh4soqqHl5R-2FDv-2B1sRwZec5-2BRYHncNl57oFe2DYbmmOSultzmS73LFHvNZOb-2Bf9s8kVxBmr93jqBTV7gi4-2FOZfy7UokSk7MdIRQA9h6XTh-2BiL8acpsrYAheprmS8hIJ9o2gmvRh-2BMHEbdyIpdwbG0EHI-2FEkmO15xaeZ0Dxdyv3bQyOHbqJ04BVD6-2BOb-2Bh0mujlm7cf6TOmYuKWRQqZ0bgCVtMu3DucBKkdzGXZYtTEswSySWJUvMvXG5OopJE9diQn4PR5hJ-2B4UFu397eTEFixVsVqMmORfLa0CEtHV8iyj8ulitVu6nJsq4F-2B09m6J6HMbjpmcoiFheRfK4uw-2FfyXP3ZfHM4wAM-2FdVXyyhDVxPDRboH7-2BDc2mlD-2FqpdpFj08-2BGNrQF6HO1jqciAsdwO8JdMx9oqeRc-3D|http://url8148.mdx.ac.ae/ls/click?upn=u001.hhduUulMZKjYD7venOe2S0Z4q6yc6tzwoja04ul3056DoEuEtB-2FmeccimK7cBroI7kke5lhK9NHoSfUc2YrDUg-3D-3D_coQ_-2FnxC0uuWwXVLvv-2FPcJIdQC9bKMk-2F8uXLPNfQ2WOqhE62uDMIO2D3ccNnJNXwTffdNjdEyvnDq7VLTV7VRHmI2dM-2FFP-2FcPE3pEC7iCZEAqHGp6aemWNkOaq6Y00nnzMwInB-2FY5anxPCHqXzfvgsTzGTYtXGWSQXj1oMDdaJrItIrMDo4t27jLJJdbJlua-2Fp949HRkkibn-2BqA6rMxZztUcuk6h6XEdYXvykaPemol6ubXrueDb39TMBhTSCPgD30nlvHPCivLvneuYUzInyhArnZ4ayLINTbQt-2F5oQ2Ftbs8HpLzgF4SG8ucosZZrGUMFwmBtHAs6N711cvpfYnCpHzCDV7iR3iEXeH2Tsed34A0BNev-2BcNyZ9DQ-2FREQfXi8gyXH3ONq-2BVSZpisTFS2-2BEtr-2B5qzKT1FK5YsggTvBLCF00O-2BNZgQ5rINMr1IwEiRTO-2FLdMyzDxxTYrAhRktvQ7lBOf0E2Q2CXP8mDwVpN-2BPcMUXcfFbncusszNH-2BtXlD51GqPUq-2BDVY2ui5NFyX4o942c9RFNiFJj1dhvcact007dXlFc484YdYzF2qONwXg-2FK3E4pnWImCKkBLdqe6rrdbKnZnbcQwwU-2BDVMDD3piok8B-2BwpNYyZXjgN6hypKEU-2BKWlxLPy7d-2FfzGHCh4soqqHl5R-2FDv-2B1sRwZec5-2BRYHncNl57oFe2DYbmmOSultzmS73LFHvNZOb-2Bf9s8kVxBmr93jqBTV7gi4-2FOZfy7UokSk7MdIRQA9h6XTh-2BiL8acpsrYAheprmS8hIJ9o2gmvRh-2BMHEbdyIpdwbG0EHI-2FEkmO15xaeZ0Dxdyv3bQyOHbqJ04BVD6-2BOb-2Bh0mujlm7cf6TOmYuKWRQqZ0bgCVtMu3DucBKkdzGXZYtTEswSySWJUvMvXG5OopJE9diQn4PR5hJ-2B4UFu397eTEFixVsVqMmORfLa0CEtHV8iyj8ulitVu6nJsq4F-2B09m6J6HMbjpmcoiFheRfK4uw-2FfyXP3ZfHM4wAM-2FdVXyyhDVxPDRboH7-2BDc2mlD-2FqpdpFj08-2BGNrQF6HO1jqciAsdwO8JdMx9oqeRc-3D.|https://eur02.safelinks.protection.outlook.com/?url=http%3A%2F%2Furl8148.mdx.ac.ae%2Fwf%2Funsubscribe%3Fupn%3Du001.G5oppK3eC1WFntLY75qU6008sXDEyAqeOxYWQZzjV4trHR13GA1mN0b5rp7AfwsklW4dfsTvRxJJVJLDSGODdX6n-2Fznf6ASTEocecn0phdEzp9NZEX-2FRG0BFSV2mdzoNYMqWyFV4zwMIuUjO-2BofWNB48i3yXnhs-2BgPe7ba4JyfeLyGfzwgB6q8swlo0G8xpfhhEdPgGZ5gLeIKpQtR7ehHFDW1n-2FS6My-2FV0PZY4HtX0XmPK8vFNqKUzvIQo3S6WyICtePGFD90RwZhvCa-2FJ4XQsxFAIwEfIx-2BFZHJqiga0jiTDs1L3ZPcPMjqBxfnKT1VVaKYPZG9yTxN3domRIy-2BBGQWe1gDAhWNoh5r0spiSLMBi5K1pEoMKSEE3xBG6-2B-2FGVu9AgFjwwj583V8TbXJdnDJXaI2aQYlrPicGXYOuHhujVLuXWj1qKm7-2Fk0bo52G5RmK02lWy6Ja4KSnxJo1p4no9w4BGXpwqGYEfCflKjVKSiOdragAcLvtMgu3yohkpx-2F-2B2g3G3ehAUKQIxRSyxoFYFFdqYKKPSjVo5-2FUgRPtyj4UXBMfKGEFOiJ7sf8h3kNwWqOuBlQfEWx9d65o1PoU0-2FyY6fWazQhbY9r2TGrRxGgbVmEcWFmyX6pcnB2ZNxXyWztQ76zkP7kE3Yiopp3ka9UTG4XNMYS9-2FLt4oByHEByfZ2gPyrzCB4IA408sAN0Qo1w1kuQbI902ZDAP-2Bn-2FPQFTcnY4tDBTK4goCuuWsQYG4gF8LkmpmatT8DvzpIOtNNt-2FM6kaXhuoE1mzFYudtA8KAc4kEuHOBmXVUAmf2Pw5SOrCg1hhsJZDaRq6d1WpPpR6XtljXAAezuzYGQ9U3-2Fnz6YNfzGVF3haenUHpzPO4zTpcxD20N7e01z8CHJE6rb5BzlhbfQwpSNDT0EREu2bpEMPp8CWYf29274BvO3ocxVzDfF1g7tSlQy6qWXuU6jfkhsbHehZZQxey60gj1aJwFZHoAIiECRFbFEdPTr-2BO1zTVYtS81Pnr-2BySUPlHgZ6JYzuctLegslZ-2FlpyGRW3AENPqw76vjxZXw3QSR0-3D&amp;data=05%7C02%7Caa6381%40live.mdx.ac.uk%7Cd6f8b7ace51447759ef508def6df5dc4%7C38e37b88a3a148cf9f056537427fed24%7C0%7C0%7C639219636403007285%7CUnknown%7CTWFpbGZsb3d8eyJFbXB0eU1hcGkiOnRydWUsIlYiOiIwLjAuMDAwMCIsIlAiOiJXaW4zMiIsIkFOIjoiTWFpbCIsIldUIjoyfQ%3D%3D%7C0%7C%7C%7C&amp;sdata=Qr%2FrWkd0dXjNuAyjDspCdVKOhTZ7%2BmwcKakDgl0uNYU%3D&amp;reserved=0|http://url8148.mdx.ac.ae/wf/unsubscribe?upn=u001.G5oppK3eC1WFntLY75qU6008sXDEyAqeOxYWQZzjV4trHR13GA1mN0b5rp7AfwsklW4dfsTvRxJJVJLDSGODdX6n-2Fznf6ASTEocecn0phdEzp9NZEX-2FRG0BFSV2mdzoNYMqWyFV4zwMIuUjO-2BofWNB48i3yXnhs-2BgPe7ba4JyfeLyGfzwgB6q8swlo0G8xpfhhEdPgGZ5gLeIKpQtR7ehHFDW1n-2FS6My-2FV0PZY4HtX0XmPK8vFNqKUzvIQo3S6WyICtePGFD90RwZhvCa-2FJ4XQsxFAIwEfIx-2BFZHJqiga0jiTDs1L3ZPcPMjqBxfnKT1VVaKYPZG9yTxN3domRIy-2BBGQWe1gDAhWNoh5r0spiSLMBi5K1pEoMKSEE3xBG6-2B-2FGVu9AgFjwwj583V8TbXJdnDJXaI2aQYlrPicGXYOuHhujVLuXWj1qKm7-2Fk0bo52G5RmK02lWy6Ja4KSnxJo1p4no9w4BGXpwqGYEfCflKjVKSiOdragAcLvtMgu3yohkpx-2F-2B2g3G3ehAUKQIxRSyxoFYFFdqYKKPSjVo5-2FUgRPtyj4UXBMfKGEFOiJ7sf8h3kNwWqOuBlQfEWx9d65o1PoU0-2FyY6fWazQhbY9r2TGrRxGgbVmEcWFmyX6pcnB2ZNxXyWztQ76zkP7kE3Yiopp3ka9UTG4XNMYS9-2FLt4oByHEByfZ2gPyrzCB4IA408sAN0Qo1w1kuQbI902ZDAP-2Bn-2FPQFTcnY4tDBTK4goCuuWsQYG4gF8LkmpmatT8DvzpIOtNNt-2FM6kaXhuoE1mzFYudtA8KAc4kEuHOBmXVUAmf2Pw5SOrCg1hhsJZDaRq6d1WpPpR6XtljXAAezuzYGQ9U3-2Fnz6YNfzGVF3haenUHpzPO4zTpcxD20N7e01z8CHJE6rb5BzlhbfQwpSNDT0EREu2bpEMPp8CWYf29274BvO3ocxVzDfF1g7tSlQy6qWXuU6jfkhsbHehZZQxey60gj1aJwFZHoAIiECRFbFEdPTr-2BO1zTVYtS81Pnr-2BySUPlHgZ6JYzuctLegslZ-2FlpyGRW3AENPqw76vjxZXw3QSR0-3D|http://url8148.mdx.ac.ae/wf/unsubscribe?upn=u001.G5oppK3eC1WFntLY75qU6008sXDEyAqeOxYWQZzjV4trHR13GA1mN0b5rp7AfwsklW4dfsTvRxJJVJLDSGODdX6n-2Fznf6ASTEocecn0phdEzp9NZEX-2FRG0BFSV2mdzoNYMqWyFV4zwMIuUjO-2BofWNB48i3yXnhs-2BgPe7ba4JyfeLyGfzwgB6q8swlo0G8xpfhhEdPgGZ5gLeIKpQtR7ehHFDW1n-2FS6My-2FV0PZY4HtX0XmPK8vFNqKUzvIQo3S6WyICtePGFD90RwZhvCa-2FJ4XQsxFAIwEfIx-2BFZHJqiga0jiTDs1L3ZPcPMjqBxfnKT1VVaKYPZG9yTxN3domRIy-2BBGQWe1gDAhWNoh5r0spiSLMBi5K1pEoMKSEE3xBG6-2B-2FGVu9AgFjwwj583V8TbXJdnDJXaI2aQYlrPicGXYOuHhujVLuXWj1qKm7-2Fk0bo52G5RmK02lWy6Ja4KSnxJo1p4no9w4BGXpwqGYEfCflKjVKSiOdragAcLvtMgu3yohkpx-2F-2B2g3G3ehAUKQIxRSyxoFYFFdqYKKPSjVo5-2FUgRPtyj4UXBMfKGEFOiJ7sf8h3kNwWqOuBlQfEWx9d65o1PoU0-2FyY6fWazQhbY9r2TGrRxGgbVmEcWFmyX6pcnB2ZNxXyWztQ76zkP7kE3Yiopp3ka9UTG4XNMYS9-2FLt4oByHEByfZ2gPyrzCB4IA408sAN0Qo1w1kuQbI902ZDAP-2Bn-2FPQFTcnY4tDBTK4goCuuWsQYG4gF8LkmpmatT8DvzpIOtNNt-2FM6kaXhuoE1mzFYudtA8KAc4kEuHOBmXVUAmf2Pw5SOrCg1hhsJZDaRq6d1WpPpR6XtljXAAezuzYGQ9U3-2Fnz6YNfzGVF3haenUHpzPO4zTpcxD20N7e01z8CHJE6rb5BzlhbfQwpSNDT0EREu2bpEMPp8CWYf29274BvO3ocxVzDfF1g7tSlQy6qWXuU6jfkhsbHehZZQxey60gj1aJwFZHoAIiECRFbFEdPTr-2BO1zTVYtS81Pnr-2BySUPlHgZ6JYzuctLegslZ-2FlpyGRW3AENPqw76vjxZXw3QSR0-3D.,none,none,none,1,0,0.824,1,0.588
ces@mdx.ac.ae,"Starting in 30 Minutes! Missed Our Resume Workshop? Join Us Virtually | MDX Summer Skills Series

Summarise this email","
Dear Student,


Did you miss our previous resume workshop? We've got you covered!


Join Marwa Iqbal, Coordinator of the Careers & Employability Services team, for another virtual session of ""Craft a Resume That Gets Noticed.""
MS Teams Link
Whether you're preparing for internships, placements, part-time work, or graduate opportunities, this workshop will provide practical guidance on tailoring your resume to specific roles, highlighting your achievements with impact, avoiding common mistakes, and presenting yourself confidently to employers in today's competitive job market.  


This is a great opportunity to strengthen your resume and gain valuable insights that can support your future career goals. 


Students who attend will receive a certificate of participation.


Haven't registered",https://eur02.safelinks.protection.outlook.com/?url=http%3A%2F%2Furl8148.mdx.ac.ae%2Fls%2Fclick%3Fupn%3Du001.hhduUulMZKjYD7venOe2S5kZNpxyp2KK6jn9x9AqKSoMiHd7jandmzeCWDsTLSN1u7odbptdnzEcLisoo3lGBhToO9qbmHhFPEg2lMLRIB8-3Dun3m_-2FnxC0uuWwXVLvv-2FPcJIdQC9bKMk-2F8uXLPNfQ2WOqhE62uDMIO2D3ccNnJNXwTffdNjdEyvnDq7VLTV7VRHmI2dM-2FFP-2FcPE3pEC7iCZEAqHGp6aemWNkOaq6Y00nnzMwInB-2FY5anxPCHqXzfvgsTzGTYtXGWSQXj1oMDdaJrItIq-2B4ZueDqmPBVpm6EJ6LWLVDn6C1pABqPq-2BIqff0mAdrJzn4s13R6MKfhMIOFNGilaemMCJPN2GpPHHh3REw3d5qMQyikwq1u6FDqWeBa715gloLjP5fCpxGlv5DUxU41MUKpjmJpWjmVD8boI3r3LBeKw5V1O7hKdpWYxpfs-2BE3Ntl9JCSCGn-2BHqP8ThtqTZXb6Ym-2FkHL5-2F9pfPG11IAD43SjXuAACbCtjW40ULccp4jT5I5nLzgZImEmDf-2BT026moENmtlqD-2B9zlTdtv-2FK-2B4y4AV9MfCVlSfWK0doPaQWVnYf6AleO-2Fhz-2FHr9LJ4YLNrSUQWxNHFdTdCFbB1LjDC5REUZiB05YfW9ZS8ZQSnbvCg713F24Pz26XbSaVVgDHBmufB46hML6zQ40YmT2hpKhwjRalxutgcBgbzoHpUMLSfkDiSWWsoJazBV8RWeytuQfMrQIS7c98csZxZ8u7-2BafBd4GxQPJeR2ZaGKLH3dzOgHZ-2Bdq3LSkBhJUZ8mYM73VttpDPkmQwSIgoVVzAxtPYRQe5z5-2FwfK7OYhRYCoULxcH63JdC4Ihk-2BxrEqJWn7lXihXyi-2FKaQJBiU5OBDpQ4QBKtwQ96BZ2JrmEIGI-2F-2B4lt-2BMALSR53-2Bz6EeGyxRN3JD7PmV6fNW178MIrpdLRiLlKM0i0v0nMeueaRJL4TXIkt6b6XLSOg-2FMJEO9r8NfWm6GXFnc41Mycgyv2R1CocZBzsKUuWylbypIboG2rivW0VknywLPEqIB4MCpKfawwr1Ke8mpgxh4YjZtup87ffOhM1hJn7eMMP0fl5UCgR7EI8Z7iXJuVQnnLq-2FuDwqb5IagLL1uNVCdnFADikMrhBMaszuA67LPZg22sDBMJA8dxaqdOYuvrPoVN3U7sMVxK5bIvpsKs6wlWIQ5AKGezXz&amp;data=05%7C02%7Caa6381%40live.mdx.ac.uk%7Cfda9dbd2941e4ba6cd4908def6ca60c9%7C38e37b88a3a148cf9f056537427fed24%7C0%7C0%7C639219546255860884%7CUnknown%7CTWFpbGZsb3d8eyJFbXB0eU1hcGkiOnRydWUsIlYiOiIwLjAuMDAwMCIsIlAiOiJXaW4zMiIsIkFOIjoiTWFpbCIsIldUIjoyfQ%3D%3D%7C0%7C%7C%7C&amp;sdata=0epUtqwlIvvog7rE0cl%2FCIV7K%2Bcoe%2Frt8ep2uK%2BRfyM%3D&amp;reserved=0|http://url8148.mdx.ac.ae/ls/click?upn=u001.hhduUulMZKjYD7venOe2S5kZNpxyp2KK6jn9x9AqKSoMiHd7jandmzeCWDsTLSN1u7odbptdnzEcLisoo3lGBhToO9qbmHhFPEg2lMLRIB8-3Dun3m_-2FnxC0uuWwXVLvv-2FPcJIdQC9bKMk-2F8uXLPNfQ2WOqhE62uDMIO2D3ccNnJNXwTffdNjdEyvnDq7VLTV7VRHmI2dM-2FFP-2FcPE3pEC7iCZEAqHGp6aemWNkOaq6Y00nnzMwInB-2FY5anxPCHqXzfvgsTzGTYtXGWSQXj1oMDdaJrItIq-2B4ZueDqmPBVpm6EJ6LWLVDn6C1pABqPq-2BIqff0mAdrJzn4s13R6MKfhMIOFNGilaemMCJPN2GpPHHh3REw3d5qMQyikwq1u6FDqWeBa715gloLjP5fCpxGlv5DUxU41MUKpjmJpWjmVD8boI3r3LBeKw5V1O7hKdpWYxpfs-2BE3Ntl9JCSCGn-2BHqP8ThtqTZXb6Ym-2FkHL5-2F9pfPG11IAD43SjXuAACbCtjW40ULccp4jT5I5nLzgZImEmDf-2BT026moENmtlqD-2B9zlTdtv-2FK-2B4y4AV9MfCVlSfWK0doPaQWVnYf6AleO-2Fhz-2FHr9LJ4YLNrSUQWxNHFdTdCFbB1LjDC5REUZiB05YfW9ZS8ZQSnbvCg713F24Pz26XbSaVVgDHBmufB46hML6zQ40YmT2hpKhwjRalxutgcBgbzoHpUMLSfkDiSWWsoJazBV8RWeytuQfMrQIS7c98csZxZ8u7-2BafBd4GxQPJeR2ZaGKLH3dzOgHZ-2Bdq3LSkBhJUZ8mYM73VttpDPkmQwSIgoVVzAxtPYRQe5z5-2FwfK7OYhRYCoULxcH63JdC4Ihk-2BxrEqJWn7lXihXyi-2FKaQJBiU5OBDpQ4QBKtwQ96BZ2JrmEIGI-2F-2B4lt-2BMALSR53-2Bz6EeGyxRN3JD7PmV6fNW178MIrpdLRiLlKM0i0v0nMeueaRJL4TXIkt6b6XLSOg-2FMJEO9r8NfWm6GXFnc41Mycgyv2R1CocZBzsKUuWylbypIboG2rivW0VknywLPEqIB4MCpKfawwr1Ke8mpgxh4YjZtup87ffOhM1hJn7eMMP0fl5UCgR7EI8Z7iXJuVQnnLq-2FuDwqb5IagLL1uNVCdnFADikMrhBMaszuA67LPZg22sDBMJA8dxaqdOYuvrPoVN3U7sMVxK5bIvpsKs6wlWIQ5AKGezXz|http://url8148.mdx.ac.ae/ls/click?upn=u001.hhduUulMZKjYD7venOe2S5kZNpxyp2KK6jn9x9AqKSoMiHd7jandmzeCWDsTLSN1u7odbptdnzEcLisoo3lGBhToO9qbmHhFPEg2lMLRIB8-3Dun3m_-2FnxC0uuWwXVLvv-2FPcJIdQC9bKMk-2F8uXLPNfQ2WOqhE62uDMIO2D3ccNnJNXwTffdNjdEyvnDq7VLTV7VRHmI2dM-2FFP-2FcPE3pEC7iCZEAqHGp6aemWNkOaq6Y00nnzMwInB-2FY5anxPCHqXzfvgsTzGTYtXGWSQXj1oMDdaJrItIq-2B4ZueDqmPBVpm6EJ6LWLVDn6C1pABqPq-2BIqff0mAdrJzn4s13R6MKfhMIOFNGilaemMCJPN2GpPHHh3REw3d5qMQyikwq1u6FDqWeBa715gloLjP5fCpxGlv5DUxU41MUKpjmJpWjmVD8boI3r3LBeKw5V1O7hKdpWYxpfs-2BE3Ntl9JCSCGn-2BHqP8ThtqTZXb6Ym-2FkHL5-2F9pfPG11IAD43SjXuAACbCtjW40ULccp4jT5I5nLzgZImEmDf-2BT026moENmtlqD-2B9zlTdtv-2FK-2B4y4AV9MfCVlSfWK0doPaQWVnYf6AleO-2Fhz-2FHr9LJ4YLNrSUQWxNHFdTdCFbB1LjDC5REUZiB05YfW9ZS8ZQSnbvCg713F24Pz26XbSaVVgDHBmufB46hML6zQ40YmT2hpKhwjRalxutgcBgbzoHpUMLSfkDiSWWsoJazBV8RWeytuQfMrQIS7c98csZxZ8u7-2BafBd4GxQPJeR2ZaGKLH3dzOgHZ-2Bdq3LSkBhJUZ8mYM73VttpDPkmQwSIgoVVzAxtPYRQe5z5-2FwfK7OYhRYCoULxcH63JdC4Ihk-2BxrEqJWn7lXihXyi-2FKaQJBiU5OBDpQ4QBKtwQ96BZ2JrmEIGI-2F-2B4lt-2BMALSR53-2Bz6EeGyxRN3JD7PmV6fNW178MIrpdLRiLlKM0i0v0nMeueaRJL4TXIkt6b6XLSOg-2FMJEO9r8NfWm6GXFnc41Mycgyv2R1CocZBzsKUuWylbypIboG2rivW0VknywLPEqIB4MCpKfawwr1Ke8mpgxh4YjZtup87ffOhM1hJn7eMMP0fl5UCgR7EI8Z7iXJuVQnnLq-2FuDwqb5IagLL1uNVCdnFADikMrhBMaszuA67LPZg22sDBMJA8dxaqdOYuvrPoVN3U7sMVxK5bIvpsKs6wlWIQ5AKGezXz.|https://eur02.safelinks.protection.outlook.com/?url=http%3A%2F%2Furl8148.mdx.ac.ae%2Fwf%2Funsubscribe%3Fupn%3Du001.G5oppK3eC1WFntLY75qU6008sXDEyAqeOxYWQZzjV4trHR13GA1mN0b5rp7AfwsklW4dfsTvRxJJVJLDSGODdX6n-2Fznf6ASTEocecn0phdEzp9NZEX-2FRG0BFSV2mdzoNYMqWyFV4zwMIuUjO-2BofWNB48i3yXnhs-2BgPe7ba4Jyfd-2FDaWAzXn56HVk8U02EHYBscJkTB7Rvy3QY33hM68VpIMCIChcekkeIItdGzqryqgzOAJ5VNBIOJAt0BdtOxMED625Hl-2BV-2BfHocR1aOPdbYB-2F0RZkY8Szoq4ViatI1j8BXMYJzSG1ss43lEqHyHIJpIRF2jAYNkYnGjt8sRmAgvf6tzqbHReTQMD79v2I7t0sxj0wV00uAHYbme56mi71WAmMJ7k1wU9T4cKYqBhSkA2msTaSTlQwzPxJr0YFL-2FbbLP89R6LjUCKRvojVlYLy1UjoxftmVeJLRHDnzAfnXzmt99u-2Bdrcug3Ejo6BIaUBmHIEAlax44p4P5Mrf-2BbTZYJMCWrMiNzIVSDR26pgzNEvbO0G-2BZ3wp-2BjnnhOPPlkwqvZytXIRYaEm-2F4iNVmqZtqKHK-2B2jT5lRoKc2CDa6gFQtlLFnwSQDufA0UYa7kaat341l7iLodKwv8dx0uHs6UW3dSCXrK-2BAhXzlG9qLW6KwFfpb6ItnpbXWWWBshDW2bP3dHllWG7XrfgkfXhBZTSLt75HBTT40xGG2o7jSSCoO0PO-2FbTyjutGjrgJ3gAIswWXdeSlv5Jn8ldTDPdCA34lueqZ5277JwZABWGGe36c9iOBeUO5YnfOuJoMb59uOxm9iSwY-2Fxs0HRMLUUeqglGdZ1s7MESek2HJ4qxtm9KyzPZ-2FHjNe4jVuZdTwXbo5ojFdypkW1j6-2BX6UUfXnMclCCdc-2FT0D1oIvVzIDeKIx6-2FDOjmtVsif8Gxo7uAdmfdDpt8AStxNrwalvLWaFUy3nwtKSELlF0JhZM7cshb9myfWKNe5ZBbXVDTkyVncNPG5vEpZVl4wsAmTLTg-2BR2typw2xYmAHNwMFOGCa-2BCA0Ilk6zZzzRdI33qvXHDxEaqvfBZwdQedvl-2FitjS1-2BGj3fZfi&amp;data=05%7C02%7Caa6381%40live.mdx.ac.uk%7Cfda9dbd2941e4ba6cd4908def6ca60c9%7C38e37b88a3a148cf9f056537427fed24%7C0%7C0%7C639219546255926032%7CUnknown%7CTWFpbGZsb3d8eyJFbXB0eU1hcGkiOnRydWUsIlYiOiIwLjAuMDAwMCIsIlAiOiJXaW4zMiIsIkFOIjoiTWFpbCIsIldUIjoyfQ%3D%3D%7C0%7C%7C%7C&amp;sdata=Qoon%2BMp%2BKBj4heMxKAtFHG7g2XHyuG1zJtLfUY63DR8%3D&amp;reserved=0|http://url8148.mdx.ac.ae/wf/unsubscribe?upn=u001.G5oppK3eC1WFntLY75qU6008sXDEyAqeOxYWQZzjV4trHR13GA1mN0b5rp7AfwsklW4dfsTvRxJJVJLDSGODdX6n-2Fznf6ASTEocecn0phdEzp9NZEX-2FRG0BFSV2mdzoNYMqWyFV4zwMIuUjO-2BofWNB48i3yXnhs-2BgPe7ba4Jyfd-2FDaWAzXn56HVk8U02EHYBscJkTB7Rvy3QY33hM68VpIMCIChcekkeIItdGzqryqgzOAJ5VNBIOJAt0BdtOxMED625Hl-2BV-2BfHocR1aOPdbYB-2F0RZkY8Szoq4ViatI1j8BXMYJzSG1ss43lEqHyHIJpIRF2jAYNkYnGjt8sRmAgvf6tzqbHReTQMD79v2I7t0sxj0wV00uAHYbme56mi71WAmMJ7k1wU9T4cKYqBhSkA2msTaSTlQwzPxJr0YFL-2FbbLP89R6LjUCKRvojVlYLy1UjoxftmVeJLRHDnzAfnXzmt99u-2Bdrcug3Ejo6BIaUBmHIEAlax44p4P5Mrf-2BbTZYJMCWrMiNzIVSDR26pgzNEvbO0G-2BZ3wp-2BjnnhOPPlkwqvZytXIRYaEm-2F4iNVmqZtqKHK-2B2jT5lRoKc2CDa6gFQtlLFnwSQDufA0UYa7kaat341l7iLodKwv8dx0uHs6UW3dSCXrK-2BAhXzlG9qLW6KwFfpb6ItnpbXWWWBshDW2bP3dHllWG7XrfgkfXhBZTSLt75HBTT40xGG2o7jSSCoO0PO-2FbTyjutGjrgJ3gAIswWXdeSlv5Jn8ldTDPdCA34lueqZ5277JwZABWGGe36c9iOBeUO5YnfOuJoMb59uOxm9iSwY-2Fxs0HRMLUUeqglGdZ1s7MESek2HJ4qxtm9KyzPZ-2FHjNe4jVuZdTwXbo5ojFdypkW1j6-2BX6UUfXnMclCCdc-2FT0D1oIvVzIDeKIx6-2FDOjmtVsif8Gxo7uAdmfdDpt8AStxNrwalvLWaFUy3nwtKSELlF0JhZM7cshb9myfWKNe5ZBbXVDTkyVncNPG5vEpZVl4wsAmTLTg-2BR2typw2xYmAHNwMFOGCa-2BCA0Ilk6zZzzRdI33qvXHDxEaqvfBZwdQedvl-2FitjS1-2BGj3fZfi|http://url8148.mdx.ac.ae/wf/unsubscribe?upn=u001.G5oppK3eC1WFntLY75qU6008sXDEyAqeOxYWQZzjV4trHR13GA1mN0b5rp7AfwsklW4dfsTvRxJJVJLDSGODdX6n-2Fznf6ASTEocecn0phdEzp9NZEX-2FRG0BFSV2mdzoNYMqWyFV4zwMIuUjO-2BofWNB48i3yXnhs-2BgPe7ba4Jyfd-2FDaWAzXn56HVk8U02EHYBscJkTB7Rvy3QY33hM68VpIMCIChcekkeIItdGzqryqgzOAJ5VNBIOJAt0BdtOxMED625Hl-2BV-2BfHocR1aOPdbYB-2F0RZkY8Szoq4ViatI1j8BXMYJzSG1ss43lEqHyHIJpIRF2jAYNkYnGjt8sRmAgvf6tzqbHReTQMD79v2I7t0sxj0wV00uAHYbme56mi71WAmMJ7k1wU9T4cKYqBhSkA2msTaSTlQwzPxJr0YFL-2FbbLP89R6LjUCKRvojVlYLy1UjoxftmVeJLRHDnzAfnXzmt99u-2Bdrcug3Ejo6BIaUBmHIEAlax44p4P5Mrf-2BbTZYJMCWrMiNzIVSDR26pgzNEvbO0G-2BZ3wp-2BjnnhOPPlkwqvZytXIRYaEm-2F4iNVmqZtqKHK-2B2jT5lRoKc2CDa6gFQtlLFnwSQDufA0UYa7kaat341l7iLodKwv8dx0uHs6UW3dSCXrK-2BAhXzlG9qLW6KwFfpb6ItnpbXWWWBshDW2bP3dHllWG7XrfgkfXhBZTSLt75HBTT40xGG2o7jSSCoO0PO-2FbTyjutGjrgJ3gAIswWXdeSlv5Jn8ldTDPdCA34lueqZ5277JwZABWGGe36c9iOBeUO5YnfOuJoMb59uOxm9iSwY-2Fxs0HRMLUUeqglGdZ1s7MESek2HJ4qxtm9KyzPZ-2FHjNe4jVuZdTwXbo5ojFdypkW1j6-2BX6UUfXnMclCCdc-2FT0D1oIvVzIDeKIx6-2FDOjmtVsif8Gxo7uAdmfdDpt8AStxNrwalvLWaFUy3nwtKSELlF0JhZM7cshb9myfWKNe5ZBbXVDTkyVncNPG5vEpZVl4wsAmTLTg-2BR2typw2xYmAHNwMFOGCa-2BCA0Ilk6zZzzRdI33qvXHDxEaqvfBZwdQedvl-2FitjS1-2BGj3fZfi.,none,none,none,1,0,0.8834,1,0.5583
ces@mdx.ac.ae,"Today at 6 PM | Understand How Capital Moves During Market Uncertainty with Century Financial

Summarise this email","
Dear Student,


When uncertainty rises, capital does not simply leave the market. It often shifts between sectors, regions, and asset classes, creating new risks as well as potential opportunities.


Join Yogesh Khairajani at Century Financial for an insightful session exploring how capital moves during uncertain periods, how market leadership changes, and how investors can better identify where risks and new opportunities may be emerging. 
Register Now!
📅 Date: Today, 10 August 2026
🕕 Time: 6:00 PM
📍 Location: Century Financial, Dubai


💡 What You’ll Learn
📊 How capital shifts across sectors, regions, and asset classes
🌍 How changing market conditions can reveal new opportunities
⚠️ How to identify where risk and momentum may be changing
📈 How to approach uncertain markets with greater ",https://eur02.safelinks.protection.outlook.com/?url=http%3A%2F%2Furl8148.mdx.ac.ae%2Fls%2Fclick%3Fupn%3Du001.hhduUulMZKjYD7venOe2S0Z4q6yc6tzwoja04ul3056kahNuM-2FLd-2FbYjIHcKmr450v-2FLiJOtFP-2FtpFOPx-2FWUIg-3D-3DBQFS_-2FnxC0uuWwXVLvv-2FPcJIdQC9bKMk-2F8uXLPNfQ2WOqhE62uDMIO2D3ccNnJNXwTffdNjdEyvnDq7VLTV7VRHmI2dM-2FFP-2FcPE3pEC7iCZEAqHGp6aemWNkOaq6Y00nnzMwInB-2FY5anxPCHqXzfvgsTzGTYtXGWSQXj1oMDdaJrItIpLJPT8LjOtQzDjl-2BCpd6CWM-2F8lYjkK9OyioKLULLeLFnbYyIiXtLcht1LZmHbu8oz6skOFdW6ye8weEMK2iUp3tqdWkj-2BmqEgGKv2uU0ds1Xg3zyl0i06hPCXXdUnHs6MO79uVM33MNyAu22YbGQkRhhyJan3zAM-2Bl8CR5IUQcttdMgcrIKa8Ed8yHveYQxkqH4IzTzbTzus0LHaUbpLvMExcL6P9GMHf-2FJv5ixVsxMF1wr2OTZ9UJlplQ0cE2zZVZC1yx9LoRhHTkU87iTOXs7KTvwyd1MufNEw5rmdAhI6FRwFCUuVQ9tv3e2ZPBKRVhGgLxv0ML7qeEso5IwQhNjo8NHInzFNGMTshICGvmOYv7hQ5k5mHhaXTCbU43enmM4E8lJTMcKxP7DhpXgpUTnglZO-2FMsm30apCFMCL20IF-2BQpIQTgrYIX6ktasf84qvDnvnno52q-2B-2FJsOmmN164PSJg9Gqxca7L4AuMd1k4O8lAgepXEOmGIg-2F0eje5FyDTZknF1GpEadjh47fBOReZp8Jw5FCUQU7fSv5RdSNDegvPLYqtA0vzZp-2BZUEg7jxhR9sy-2FxBU1eT-2B9jfG9fYX6vxmZ6dJzEkjm6IzzKrxeH8pZcDWi-2BnKbLZrIezYCb-2F4dWj0gxmMOa0u-2BbiQQYWIZe-2B-2BcZcEbM8UnGQ1khfaawl2DukoiHoNjr6HzjAi2d8K1TGInCuFuqDurKGuUZAD3nBthSDRAl6bBMh-2FTzJGkH9PrONiRRWNGHI8aGIEwFnq06muWKqPb7-2FEhc1I8efUIo0j6-2BRXVpYf8pz39pzhl-2BqICigj3oI0JSkkUXjzmMJyuqywjyvbY7tyzGHJVkZQ3YZyCpwpNBSJi-2BlQBOg4shkodMH6hTMOpDbhvoi8rsHrw-3D&amp;data=05%7C02%7Caa6381%40live.mdx.ac.uk%7C0ea7fda9352342c1e55708def6a418ef%7C38e37b88a3a148cf9f056537427fed24%7C0%7C0%7C639219381821495883%7CUnknown%7CTWFpbGZsb3d8eyJFbXB0eU1hcGkiOnRydWUsIlYiOiIwLjAuMDAwMCIsIlAiOiJXaW4zMiIsIkFOIjoiTWFpbCIsIldUIjoyfQ%3D%3D%7C0%7C%7C%7C&amp;sdata=eBj5Ov6skfB%2Fo865ixMoUYwB%2Fl483s8GwUYbJKOU3DA%3D&amp;reserved=0|http://url8148.mdx.ac.ae/ls/click?upn=u001.hhduUulMZKjYD7venOe2S0Z4q6yc6tzwoja04ul3056kahNuM-2FLd-2FbYjIHcKmr450v-2FLiJOtFP-2FtpFOPx-2FWUIg-3D-3DBQFS_-2FnxC0uuWwXVLvv-2FPcJIdQC9bKMk-2F8uXLPNfQ2WOqhE62uDMIO2D3ccNnJNXwTffdNjdEyvnDq7VLTV7VRHmI2dM-2FFP-2FcPE3pEC7iCZEAqHGp6aemWNkOaq6Y00nnzMwInB-2FY5anxPCHqXzfvgsTzGTYtXGWSQXj1oMDdaJrItIpLJPT8LjOtQzDjl-2BCpd6CWM-2F8lYjkK9OyioKLULLeLFnbYyIiXtLcht1LZmHbu8oz6skOFdW6ye8weEMK2iUp3tqdWkj-2BmqEgGKv2uU0ds1Xg3zyl0i06hPCXXdUnHs6MO79uVM33MNyAu22YbGQkRhhyJan3zAM-2Bl8CR5IUQcttdMgcrIKa8Ed8yHveYQxkqH4IzTzbTzus0LHaUbpLvMExcL6P9GMHf-2FJv5ixVsxMF1wr2OTZ9UJlplQ0cE2zZVZC1yx9LoRhHTkU87iTOXs7KTvwyd1MufNEw5rmdAhI6FRwFCUuVQ9tv3e2ZPBKRVhGgLxv0ML7qeEso5IwQhNjo8NHInzFNGMTshICGvmOYv7hQ5k5mHhaXTCbU43enmM4E8lJTMcKxP7DhpXgpUTnglZO-2FMsm30apCFMCL20IF-2BQpIQTgrYIX6ktasf84qvDnvnno52q-2B-2FJsOmmN164PSJg9Gqxca7L4AuMd1k4O8lAgepXEOmGIg-2F0eje5FyDTZknF1GpEadjh47fBOReZp8Jw5FCUQU7fSv5RdSNDegvPLYqtA0vzZp-2BZUEg7jxhR9sy-2FxBU1eT-2B9jfG9fYX6vxmZ6dJzEkjm6IzzKrxeH8pZcDWi-2BnKbLZrIezYCb-2F4dWj0gxmMOa0u-2BbiQQYWIZe-2B-2BcZcEbM8UnGQ1khfaawl2DukoiHoNjr6HzjAi2d8K1TGInCuFuqDurKGuUZAD3nBthSDRAl6bBMh-2FTzJGkH9PrONiRRWNGHI8aGIEwFnq06muWKqPb7-2FEhc1I8efUIo0j6-2BRXVpYf8pz39pzhl-2BqICigj3oI0JSkkUXjzmMJyuqywjyvbY7tyzGHJVkZQ3YZyCpwpNBSJi-2BlQBOg4shkodMH6hTMOpDbhvoi8rsHrw-3D|http://url8148.mdx.ac.ae/ls/click?upn=u001.hhduUulMZKjYD7venOe2S0Z4q6yc6tzwoja04ul3056kahNuM-2FLd-2FbYjIHcKmr450v-2FLiJOtFP-2FtpFOPx-2FWUIg-3D-3DBQFS_-2FnxC0uuWwXVLvv-2FPcJIdQC9bKMk-2F8uXLPNfQ2WOqhE62uDMIO2D3ccNnJNXwTffdNjdEyvnDq7VLTV7VRHmI2dM-2FFP-2FcPE3pEC7iCZEAqHGp6aemWNkOaq6Y00nnzMwInB-2FY5anxPCHqXzfvgsTzGTYtXGWSQXj1oMDdaJrItIpLJPT8LjOtQzDjl-2BCpd6CWM-2F8lYjkK9OyioKLULLeLFnbYyIiXtLcht1LZmHbu8oz6skOFdW6ye8weEMK2iUp3tqdWkj-2BmqEgGKv2uU0ds1Xg3zyl0i06hPCXXdUnHs6MO79uVM33MNyAu22YbGQkRhhyJan3zAM-2Bl8CR5IUQcttdMgcrIKa8Ed8yHveYQxkqH4IzTzbTzus0LHaUbpLvMExcL6P9GMHf-2FJv5ixVsxMF1wr2OTZ9UJlplQ0cE2zZVZC1yx9LoRhHTkU87iTOXs7KTvwyd1MufNEw5rmdAhI6FRwFCUuVQ9tv3e2ZPBKRVhGgLxv0ML7qeEso5IwQhNjo8NHInzFNGMTshICGvmOYv7hQ5k5mHhaXTCbU43enmM4E8lJTMcKxP7DhpXgpUTnglZO-2FMsm30apCFMCL20IF-2BQpIQTgrYIX6ktasf84qvDnvnno52q-2B-2FJsOmmN164PSJg9Gqxca7L4AuMd1k4O8lAgepXEOmGIg-2F0eje5FyDTZknF1GpEadjh47fBOReZp8Jw5FCUQU7fSv5RdSNDegvPLYqtA0vzZp-2BZUEg7jxhR9sy-2FxBU1eT-2B9jfG9fYX6vxmZ6dJzEkjm6IzzKrxeH8pZcDWi-2BnKbLZrIezYCb-2F4dWj0gxmMOa0u-2BbiQQYWIZe-2B-2BcZcEbM8UnGQ1khfaawl2DukoiHoNjr6HzjAi2d8K1TGInCuFuqDurKGuUZAD3nBthSDRAl6bBMh-2FTzJGkH9PrONiRRWNGHI8aGIEwFnq06muWKqPb7-2FEhc1I8efUIo0j6-2BRXVpYf8pz39pzhl-2BqICigj3oI0JSkkUXjzmMJyuqywjyvbY7tyzGHJVkZQ3YZyCpwpNBSJi-2BlQBOg4shkodMH6hTMOpDbhvoi8rsHrw-3D.|https://eur02.safelinks.protection.outlook.com/?url=http%3A%2F%2Furl8148.mdx.ac.ae%2Fwf%2Funsubscribe%3Fupn%3Du001.G5oppK3eC1WFntLY75qU6008sXDEyAqeOxYWQZzjV4trHR13GA1mN0b5rp7AfwsklW4dfsTvRxJJVJLDSGODdX6n-2Fznf6ASTEocecn0phdEzp9NZEX-2FRG0BFSV2mdzoNYMqWyFV4zwMIuUjO-2BofWNB48i3yXnhs-2BgPe7ba4JyfcUUq4eWRrgcgm4q7xjhFbWcrErBfzXID4DLrWsbRglh6x9rULN2JBmwcA1AxDKZqLF1d6kjZGiv4pzBeLZ4T4SPdCQ4DvIhW8CFd8vyIJEQhe5iY6P0t-2Fl0h4I-2BJBN7J88cO5AuLdAOssaqd4F57E8GkcAxZghSaGr8XPKJEyQNRBTo4WBU4nsEnB4Bw-2FM2WDGnTfZAbaBYAACbjlMLjqWd4llDPEx0Jr2csk-2BiQlq9SxCSdBTsS7uKZHJwezHZNMRLzoOPzQYAjpuQ5IMSAK5Fn8eKMeM5dE4ycGyWD8ezj7m4gyjeoPHLqSXUhgMrIK-2BWY6BIw-2Bbn9-2BTFC7uyXmHSX9GnUeHWtuUiGCq3GYFjLfMnRbBgIL7sj0qfcKsVTU2YNSDODQzI3BUZyX2D4xhf5rUgJKidDG5EWoOcJ99MOQEfk9-2B6zEPOSKCCJWAuuAoctPWlZXIUqJOyhRbkmNNG2Y-2BM19TqD1YvHuoio23MvAN3BJ-2Fx2LIGBkOwOkzKxlALbVrjZNoxI67l2HuNgr-2F1rNPtv3DDt37OWvYpMwEF4VivQNHXk2nE9iAbUE-2BSyJFBAu-2Fjp4JJTHvUBrlaTbCr6dI-2B7bevgZ5Qas-2B-2FT2bupy-2BO-2FIp1-2FZDVMCjP0otsXsbo8FzUffUnEQxSUzaXRQXJ66i-2FvRO9Eqw6Sv5g-2BOzVlKulQULf4A3ZwIhQ0YJ0Y1IU7aCQ4Fl2hGwK0ZJZ4EdsZS7C9WJyS5iH-2BSsYODYQ4M9c-2BVBFualxi-2FvdvA12tcMTmBibiObC3lqlv2vd3lb-2BjPNNCC8mHb84gzHyYuP2uJoiikkfoRDX-2BnsZhuV30D91-2Bdx0tK6KieMN8ewllnT46KwJEBuKzFa2nYrB-2F0k4cfLpwA0sfEQo6aEX8z6ZeAw53J9UWdzVDodBxeYODia&amp;data=05%7C02%7Caa6381%40live.mdx.ac.uk%7C0ea7fda9352342c1e55708def6a418ef%7C38e37b88a3a148cf9f056537427fed24%7C0%7C0%7C639219381821566188%7CUnknown%7CTWFpbGZsb3d8eyJFbXB0eU1hcGkiOnRydWUsIlYiOiIwLjAuMDAwMCIsIlAiOiJXaW4zMiIsIkFOIjoiTWFpbCIsIldUIjoyfQ%3D%3D%7C0%7C%7C%7C&amp;sdata=9aQwOx%2FVpWB3QPEabnV5bhprhzXu5G6Jyn0aaGGJpO0%3D&amp;reserved=0|http://url8148.mdx.ac.ae/wf/unsubscribe?upn=u001.G5oppK3eC1WFntLY75qU6008sXDEyAqeOxYWQZzjV4trHR13GA1mN0b5rp7AfwsklW4dfsTvRxJJVJLDSGODdX6n-2Fznf6ASTEocecn0phdEzp9NZEX-2FRG0BFSV2mdzoNYMqWyFV4zwMIuUjO-2BofWNB48i3yXnhs-2BgPe7ba4JyfcUUq4eWRrgcgm4q7xjhFbWcrErBfzXID4DLrWsbRglh6x9rULN2JBmwcA1AxDKZqLF1d6kjZGiv4pzBeLZ4T4SPdCQ4DvIhW8CFd8vyIJEQhe5iY6P0t-2Fl0h4I-2BJBN7J88cO5AuLdAOssaqd4F57E8GkcAxZghSaGr8XPKJEyQNRBTo4WBU4nsEnB4Bw-2FM2WDGnTfZAbaBYAACbjlMLjqWd4llDPEx0Jr2csk-2BiQlq9SxCSdBTsS7uKZHJwezHZNMRLzoOPzQYAjpuQ5IMSAK5Fn8eKMeM5dE4ycGyWD8ezj7m4gyjeoPHLqSXUhgMrIK-2BWY6BIw-2Bbn9-2BTFC7uyXmHSX9GnUeHWtuUiGCq3GYFjLfMnRbBgIL7sj0qfcKsVTU2YNSDODQzI3BUZyX2D4xhf5rUgJKidDG5EWoOcJ99MOQEfk9-2B6zEPOSKCCJWAuuAoctPWlZXIUqJOyhRbkmNNG2Y-2BM19TqD1YvHuoio23MvAN3BJ-2Fx2LIGBkOwOkzKxlALbVrjZNoxI67l2HuNgr-2F1rNPtv3DDt37OWvYpMwEF4VivQNHXk2nE9iAbUE-2BSyJFBAu-2Fjp4JJTHvUBrlaTbCr6dI-2B7bevgZ5Qas-2B-2FT2bupy-2BO-2FIp1-2FZDVMCjP0otsXsbo8FzUffUnEQxSUzaXRQXJ66i-2FvRO9Eqw6Sv5g-2BOzVlKulQULf4A3ZwIhQ0YJ0Y1IU7aCQ4Fl2hGwK0ZJZ4EdsZS7C9WJyS5iH-2BSsYODYQ4M9c-2BVBFualxi-2FvdvA12tcMTmBibiObC3lqlv2vd3lb-2BjPNNCC8mHb84gzHyYuP2uJoiikkfoRDX-2BnsZhuV30D91-2Bdx0tK6KieMN8ewllnT46KwJEBuKzFa2nYrB-2F0k4cfLpwA0sfEQo6aEX8z6ZeAw53J9UWdzVDodBxeYODia|http://url8148.mdx.ac.ae/wf/unsubscribe?upn=u001.G5oppK3eC1WFntLY75qU6008sXDEyAqeOxYWQZzjV4trHR13GA1mN0b5rp7AfwsklW4dfsTvRxJJVJLDSGODdX6n-2Fznf6ASTEocecn0phdEzp9NZEX-2FRG0BFSV2mdzoNYMqWyFV4zwMIuUjO-2BofWNB48i3yXnhs-2BgPe7ba4JyfcUUq4eWRrgcgm4q7xjhFbWcrErBfzXID4DLrWsbRglh6x9rULN2JBmwcA1AxDKZqLF1d6kjZGiv4pzBeLZ4T4SPdCQ4DvIhW8CFd8vyIJEQhe5iY6P0t-2Fl0h4I-2BJBN7J88cO5AuLdAOssaqd4F57E8GkcAxZghSaGr8XPKJEyQNRBTo4WBU4nsEnB4Bw-2FM2WDGnTfZAbaBYAACbjlMLjqWd4llDPEx0Jr2csk-2BiQlq9SxCSdBTsS7uKZHJwezHZNMRLzoOPzQYAjpuQ5IMSAK5Fn8eKMeM5dE4ycGyWD8ezj7m4gyjeoPHLqSXUhgMrIK-2BWY6BIw-2Bbn9-2BTFC7uyXmHSX9GnUeHWtuUiGCq3GYFjLfMnRbBgIL7sj0qfcKsVTU2YNSDODQzI3BUZyX2D4xhf5rUgJKidDG5EWoOcJ99MOQEfk9-2B6zEPOSKCCJWAuuAoctPWlZXIUqJOyhRbkmNNG2Y-2BM19TqD1YvHuoio23MvAN3BJ-2Fx2LIGBkOwOkzKxlALbVrjZNoxI67l2HuNgr-2F1rNPtv3DDt37OWvYpMwEF4VivQNHXk2nE9iAbUE-2BSyJFBAu-2Fjp4JJTHvUBrlaTbCr6dI-2B7bevgZ5Qas-2B-2FT2bupy-2BO-2FIp1-2FZDVMCjP0otsXsbo8FzUffUnEQxSUzaXRQXJ66i-2FvRO9Eqw6Sv5g-2BOzVlKulQULf4A3ZwIhQ0YJ0Y1IU7aCQ4Fl2hGwK0ZJZ4EdsZS7C9WJyS5iH-2BSsYODYQ4M9c-2BVBFualxi-2FvdvA12tcMTmBibiObC3lqlv2vd3lb-2BjPNNCC8mHb84gzHyYuP2uJoiikkfoRDX-2BnsZhuV30D91-2Bdx0tK6KieMN8ewllnT46KwJEBuKzFa2nYrB-2F0k4cfLpwA0sfEQo6aEX8z6ZeAw53J9UWdzVDodBxeYODia.,none,none,none,1,0,0.8684,1,0.4342
surveymonkey@t.outbound.surveymonkey.com,"Your new survey responses

Summarise this email","

Review your new responses


Here are the survey responses that came in yesterday:

CognitoMail Email Safety Study


Manage notifications
New responses


4
See responses


Post-Study Survey - CognitoMail Email Safety Study


Manage notifications
New responses


3
See responses


Learn more


Daily Summary Notifications


You received this email as a registered user of SurveyMonkey. Do not reply to this email. Visit our Help Center to contact us.


© SurveyMonkey Inc Europe UC, 5 School House Lane East, Dublin 2, D02 N279, Ireland.  •  Privacy Notice",https://eur02.safelinks.protection.outlook.com/?url=https%3A%2F%2Fclick.outbound.surveymonkey.com%2Ff%2Fa%2FVlEbansKhMeNwihR5vHzlA~~%2FAAAAARA~%2FwOwNxj-VTGZIoEH53bBHCIboRi7E49lKg60U6eWeOfpwHs5h66Cplvym2TCKVd5MylUsPzBwgu6XjKGMWqwfUIzTKFbHW8c0vOMAcVPhCS2GGwWD1NtyFAEnCio4kKGRsP1Y-Zfh7b4wpd35YSy9ah5vs8NdzZRrLNoGe2EFr3T4lFsp1uriokHF1OFw4EeNWV5db-1oJkdc7ZNHOu9Khdi5z8uHAIrT9qj4Zrdmr1v_dG-Lrq-F38Xy9f4uF4MFpwMyzjdu9SrX2w_MN40AbDmzmnu1LLh3TFaUeGjkdl1jdC7OgE1y0T_3t6_A9sttfy1ASKwmCn6wdd9Mq5ineLs_ypUwpKJ6hxygXwVBeSZz9R1FvnIYg83x9JiWz6dXM9r3gdIKNsoZ2fUvgeOsIg~~&amp;data=05%7C02%7Caa6381%40live.mdx.ac.uk%7C541a7d68f29849ef937d08def62929c2%7C38e37b88a3a148cf9f056537427fed24%7C0%7C0%7C639218853810697228%7CUnknown%7CTWFpbGZsb3d8eyJFbXB0eU1hcGkiOnRydWUsIlYiOiIwLjAuMDAwMCIsIlAiOiJXaW4zMiIsIkFOIjoiTWFpbCIsIldUIjoyfQ%3D%3D%7C0%7C%7C%7C&amp;sdata=Yz9YGkCnqZFScxI%2F6EIgpv3aoZgsMJRPI3%2Bhv%2FqyTOw%3D&amp;reserved=0|https://click.outbound.surveymonkey.com/f/a/VlEbansKhMeNwihR5vHzlA~~/AAAAARA~/wOwNxj-VTGZIoEH53bBHCIboRi7E49lKg60U6eWeOfpwHs5h66Cplvym2TCKVd5MylUsPzBwgu6XjKGMWqwfUIzTKFbHW8c0vOMAcVPhCS2GGwWD1NtyFAEnCio4kKGRsP1Y-Zfh7b4wpd35YSy9ah5vs8NdzZRrLNoGe2EFr3T4lFsp1uriokHF1OFw4EeNWV5db-1oJkdc7ZNHOu9Khdi5z8uHAIrT9qj4Zrdmr1v_dG-Lrq-F38Xy9f4uF4MFpwMyzjdu9SrX2w_MN40AbDmzmnu1LLh3TFaUeGjkdl1jdC7OgE1y0T_3t6_A9sttfy1ASKwmCn6wdd9Mq5ineLs_ypUwpKJ6hxygXwVBeSZz9R1FvnIYg83x9JiWz6dXM9r3gdIKNsoZ2fUvgeOsIg~~|https://click.outbound.surveymonkey.com/f/a/VlEbansKhMeNwihR5vHzlA~~/AAAAARA~/wOwNxj-VTGZIoEH53bBHCIboRi7E49lKg60U6eWeOfpwHs5h66Cplvym2TCKVd5MylUsPzBwgu6XjKGMWqwfUIzTKFbHW8c0vOMAcVPhCS2GGwWD1NtyFAEnCio4kKGRsP1Y-Zfh7b4wpd35YSy9ah5vs8NdzZRrLNoGe2EFr3T4lFsp1uriokHF1OFw4EeNWV5db-1oJkdc7ZNHOu9Khdi5z8uHAIrT9qj4Zrdmr1v_dG-Lrq-F38Xy9f4uF4MFpwMyzjdu9SrX2w_MN40AbDmzmnu1LLh3TFaUeGjkdl1jdC7OgE1y0T_3t6_A9sttfy1ASKwmCn6wdd9Mq5ineLs_ypUwpKJ6hxygXwVBeSZz9R1FvnIYg83x9JiWz6dXM9r3gdIKNsoZ2fUvgeOsIg~~.|https://eur02.safelinks.protection.outlook.com/?url=https%3A%2F%2Fclick.outbound.surveymonkey.com%2Ff%2Fa%2FDFcjiH_QKpIaK3iJiBYO8w~~%2FAAAAARA~%2FXKG0KA7NShd73LlFJoJVTv1JstMCPOqDEDMRZ-miXF9oL2j9Y4s5UoxTuoh0bG2D0l55UvPacGw1MYM43SGOoORvGjj08zEgLBjxboEOQBQ0SpJkKxRkBHWTGQA8LTGLsWAM0xi6gF8HhAia2LXeaBTIAX752Ul2oApmDyMQiHKlDcYOdUtmPfZLrE9p1FXK6i59QVQorYEj1Ku-FHDEVhCjcCIUKn_hPdPzmEarByJhlHm4ynipflxO6mT5jokYYDdqDryyPMxms-r7cVMQSLBJeNwXoutndDegrLXpxBTYts3vtQi8yMuRTada8IrdnZyUvqbO5TEN856cH59wuNz2b8v8hB267lM-dBu7PV0~&amp;data=05%7C02%7Caa6381%40live.mdx.ac.uk%7C541a7d68f29849ef937d08def62929c2%7C38e37b88a3a148cf9f056537427fed24%7C0%7C0%7C639218853810739676%7CUnknown%7CTWFpbGZsb3d8eyJFbXB0eU1hcGkiOnRydWUsIlYiOiIwLjAuMDAwMCIsIlAiOiJXaW4zMiIsIkFOIjoiTWFpbCIsIldUIjoyfQ%3D%3D%7C0%7C%7C%7C&amp;sdata=TprXNx08D55yJ3YmF1hZHxb0Sr9a8roAscV0iTxKReM%3D&amp;reserved=0|https://click.outbound.surveymonkey.com/f/a/DFcjiH_QKpIaK3iJiBYO8w~~/AAAAARA~/XKG0KA7NShd73LlFJoJVTv1JstMCPOqDEDMRZ-miXF9oL2j9Y4s5UoxTuoh0bG2D0l55UvPacGw1MYM43SGOoORvGjj08zEgLBjxboEOQBQ0SpJkKxRkBHWTGQA8LTGLsWAM0xi6gF8HhAia2LXeaBTIAX752Ul2oApmDyMQiHKlDcYOdUtmPfZLrE9p1FXK6i59QVQorYEj1Ku-FHDEVhCjcCIUKn_hPdPzmEarByJhlHm4ynipflxO6mT5jokYYDdqDryyPMxms-r7cVMQSLBJeNwXoutndDegrLXpxBTYts3vtQi8yMuRTada8IrdnZyUvqbO5TEN856cH59wuNz2b8v8hB267lM-dBu7PV0~|https://click.outbound.surveymonkey.com/f/a/DFcjiH_QKpIaK3iJiBYO8w~~/AAAAARA~/XKG0KA7NShd73LlFJoJVTv1JstMCPOqDEDMRZ-miXF9oL2j9Y4s5UoxTuoh0bG2D0l55UvPacGw1MYM43SGOoORvGjj08zEgLBjxboEOQBQ0SpJkKxRkBHWTGQA8LTGLsWAM0xi6gF8HhAia2LXeaBTIAX752Ul2oApmDyMQiHKlDcYOdUtmPfZLrE9p1FXK6i59QVQorYEj1Ku-FHDEVhCjcCIUKn_hPdPzmEarByJhlHm4ynipflxO6mT5jokYYDdqDryyPMxms-r7cVMQSLBJeNwXoutndDegrLXpxBTYts3vtQi8yMuRTada8IrdnZyUvqbO5TEN856cH59wuNz2b8v8hB267lM-dBu7PV0~.|https://eur02.safelinks.protection.outlook.com/?url=https%3A%2F%2Fclick.outbound.surveymonkey.com%2Ff%2Fa%2FBAlfdyxZgMkWk6sqsfPgKw~~%2FAAAAARA~%2FwOwNxj-VTGZIoEH53bBHCIboRi7E49lKg60U6eWeOfpwHs5h66Cplvym2TCKVd5MCQz8w02Z1TZpIWAWUtcNCQXCs3s5kbCZUQX6mFsi6sYi0gGBL1lDMfcEncFnYZC9MFNQ8D5rVXfb8FFp_9dHZejbRO0ZZWOqdZsMCxqGwytaDNW7fd5huKsjTtmeBK9HKcpXlaL3HtAqDKFbD74unJa3o8xO7dQZXQmuZLXzxHYaG5M2pKXtAKNeLM_KIWeEpUCqGPGdM6t1lC59mxp9vhPJN86l7RmNLjIgHwXOjGESXByQFdxMLookooct88oXwHLV5tTVoGsrgvSCT86-Njzk-4_aIgENm4N4ic2kMw7uuXRKMwQ-TH9yuYLNIyGubw5k9JPfTyaLSPG7XbO4uA~~&amp;data=05%7C02%7Caa6381%40live.mdx.ac.uk%7C541a7d68f29849ef937d08def62929c2%7C38e37b88a3a148cf9f056537427fed24%7C0%7C0%7C639218853810768762%7CUnknown%7CTWFpbGZsb3d8eyJFbXB0eU1hcGkiOnRydWUsIlYiOiIwLjAuMDAwMCIsIlAiOiJXaW4zMiIsIkFOIjoiTWFpbCIsIldUIjoyfQ%3D%3D%7C0%7C%7C%7C&amp;sdata=mCvaMsD8217Ox6SGtG3SskNlSXSCmSGPTTJvJpIfvQM%3D&amp;reserved=0|https://click.outbound.surveymonkey.com/f/a/BAlfdyxZgMkWk6sqsfPgKw~~/AAAAARA~/wOwNxj-VTGZIoEH53bBHCIboRi7E49lKg60U6eWeOfpwHs5h66Cplvym2TCKVd5MCQz8w02Z1TZpIWAWUtcNCQXCs3s5kbCZUQX6mFsi6sYi0gGBL1lDMfcEncFnYZC9MFNQ8D5rVXfb8FFp_9dHZejbRO0ZZWOqdZsMCxqGwytaDNW7fd5huKsjTtmeBK9HKcpXlaL3HtAqDKFbD74unJa3o8xO7dQZXQmuZLXzxHYaG5M2pKXtAKNeLM_KIWeEpUCqGPGdM6t1lC59mxp9vhPJN86l7RmNLjIgHwXOjGESXByQFdxMLookooct88oXwHLV5tTVoGsrgvSCT86-Njzk-4_aIgENm4N4ic2kMw7uuXRKMwQ-TH9yuYLNIyGubw5k9JPfTyaLSPG7XbO4uA~~|https://click.outbound.surveymonkey.com/f/a/BAlfdyxZgMkWk6sqsfPgKw~~/AAAAARA~/wOwNxj-VTGZIoEH53bBHCIboRi7E49lKg60U6eWeOfpwHs5h66Cplvym2TCKVd5MCQz8w02Z1TZpIWAWUtcNCQXCs3s5kbCZUQX6mFsi6sYi0gGBL1lDMfcEncFnYZC9MFNQ8D5rVXfb8FFp_9dHZejbRO0ZZWOqdZsMCxqGwytaDNW7fd5huKsjTtmeBK9HKcpXlaL3HtAqDKFbD74unJa3o8xO7dQZXQmuZLXzxHYaG5M2pKXtAKNeLM_KIWeEpUCqGPGdM6t1lC59mxp9vhPJN86l7RmNLjIgHwXOjGESXByQFdxMLookooct88oXwHLV5tTVoGsrgvSCT86-Njzk-4_aIgENm4N4ic2kMw7uuXRKMwQ-TH9yuYLNIyGubw5k9JPfTyaLSPG7XbO4uA~~.|https://eur02.safelinks.protection.outlook.com/?url=https%3A%2F%2Fclick.outbound.surveymonkey.com%2Ff%2Fa%2FirsG4PuyCSTT1L9FXCEupQ~~%2FAAAAARA~%2FXKG0KA7NShd73LlFJoJVTv1JstMCPOqDEDMRZ-miXF-rodIu0rR5ILgyFOdhoiHSC8sA6d0ZSYyQPuiUJU1iEim3WStx-NAIIoM1LtKAZfyvV3pFQTpHp7VKQO9d5456pUxhOU-DxofT0Kz6m_nUH5bdL_r5k5DIg9nrBe-bzNVmjiDrYvnhL-f9JaQWwHR26MQUXiOeSTtM7T7WImqP8JJwtzaNmKNpJprxDxvlvQ7SzU_XKGk4KTphbuNJcLcTNrg-BTyNeuS5Ung5Qxwna83X63itAnTWLaQTJA3DlVfcn6BnxhuntzDmrkqj6pTr_hzDVzy0PrJgwXk-sbeDe7YkOhmJomEPsexHIVoaHnw~&amp;data=05%7C02%7Caa6381%40live.mdx.ac.uk%7C541a7d68f29849ef937d08def62929c2%7C38e37b88a3a148cf9f056537427fed24%7C0%7C0%7C639218853810796433%7CUnknown%7CTWFpbGZsb3d8eyJFbXB0eU1hcGkiOnRydWUsIlYiOiIwLjAuMDAwMCIsIlAiOiJXaW4zMiIsIkFOIjoiTWFpbCIsIldUIjoyfQ%3D%3D%7C0%7C%7C%7C&amp;sdata=OieGWF9jz3yHiia964AAXhjuFB3ZuGAQGkKwzg0Lk0I%3D&amp;reserved=0|https://click.outbound.surveymonkey.com/f/a/irsG4PuyCSTT1L9FXCEupQ~~/AAAAARA~/XKG0KA7NShd73LlFJoJVTv1JstMCPOqDEDMRZ-miXF-rodIu0rR5ILgyFOdhoiHSC8sA6d0ZSYyQPuiUJU1iEim3WStx-NAIIoM1LtKAZfyvV3pFQTpHp7VKQO9d5456pUxhOU-DxofT0Kz6m_nUH5bdL_r5k5DIg9nrBe-bzNVmjiDrYvnhL-f9JaQWwHR26MQUXiOeSTtM7T7WImqP8JJwtzaNmKNpJprxDxvlvQ7SzU_XKGk4KTphbuNJcLcTNrg-BTyNeuS5Ung5Qxwna83X63itAnTWLaQTJA3DlVfcn6BnxhuntzDmrkqj6pTr_hzDVzy0PrJgwXk-sbeDe7YkOhmJomEPsexHIVoaHnw~|https://click.outbound.surveymonkey.com/f/a/irsG4PuyCSTT1L9FXCEupQ~~/AAAAARA~/XKG0KA7NShd73LlFJoJVTv1JstMCPOqDEDMRZ-miXF-rodIu0rR5ILgyFOdhoiHSC8sA6d0ZSYyQPuiUJU1iEim3WStx-NAIIoM1LtKAZfyvV3pFQTpHp7VKQO9d5456pUxhOU-DxofT0Kz6m_nUH5bdL_r5k5DIg9nrBe-bzNVmjiDrYvnhL-f9JaQWwHR26MQUXiOeSTtM7T7WImqP8JJwtzaNmKNpJprxDxvlvQ7SzU_XKGk4KTphbuNJcLcTNrg-BTyNeuS5Ung5Qxwna83X63itAnTWLaQTJA3DlVfcn6BnxhuntzDmrkqj6pTr_hzDVzy0PrJgwXk-sbeDe7YkOhmJomEPsexHIVoaHnw~.|https://eur02.safelinks.protection.outlook.com/?url=https%3A%2F%2Fclick.outbound.surveymonkey.com%2Ff%2Fa%2FJ7GQunM0SXiAf5TYObj02g~~%2FAAAAARA~%2FEHgKi9jOKPv3w9u_1T89sosihvdwuUXnlaQYcN_KF7rr6rdiGKXIGe6MgEfCxfg0H7M62T0NMjTspKwz6uUR4IOL5MMgXBj49-hAyrmj0CGR1OBSKBAJBE_IBIjc5M4CgsBokcUfyfNW2ObUOpqY4VV4yOaZ_Z0MPvpL1uqK-QJQEta2e5IzTlbybcsyfhDQP-I-wy2QJnwz61QuhvYwBU0TSjWrTT5y2BMFbK9kzeRkYj-EFjkWUWyKyPJqPlUBptx8fJ1t4ABEXnh69qYqh6DHjeMYGXjMsuacYPwlzSkCjemvMEZc7_74qDfeOHOMpwDj9CfWX51GhJL1b783xSxWv_dNTnv7RF4FKvc8K2I-8Mhd-CNDQByTw5Gwi2QvBiJRHfxKU_bBAU1iH9a05w~~&amp;data=05%7C02%7Caa6381%40live.mdx.ac.uk%7C541a7d68f29849ef937d08def62929c2%7C38e37b88a3a148cf9f056537427fed24%7C0%7C0%7C639218853810817705%7CUnknown%7CTWFpbGZsb3d8eyJFbXB0eU1hcGkiOnRydWUsIlYiOiIwLjAuMDAwMCIsIlAiOiJXaW4zMiIsIkFOIjoiTWFpbCIsIldUIjoyfQ%3D%3D%7C0%7C%7C%7C&amp;sdata=u57ipcdks%2FUOYnYZOUoijE%2FPakCvP6OLV4Xwz5nuSRU%3D&amp;reserved=0|https://click.outbound.surveymonkey.com/f/a/J7GQunM0SXiAf5TYObj02g~~/AAAAARA~/EHgKi9jOKPv3w9u_1T89sosihvdwuUXnlaQYcN_KF7rr6rdiGKXIGe6MgEfCxfg0H7M62T0NMjTspKwz6uUR4IOL5MMgXBj49-hAyrmj0CGR1OBSKBAJBE_IBIjc5M4CgsBokcUfyfNW2ObUOpqY4VV4yOaZ_Z0MPvpL1uqK-QJQEta2e5IzTlbybcsyfhDQP-I-wy2QJnwz61QuhvYwBU0TSjWrTT5y2BMFbK9kzeRkYj-EFjkWUWyKyPJqPlUBptx8fJ1t4ABEXnh69qYqh6DHjeMYGXjMsuacYPwlzSkCjemvMEZc7_74qDfeOHOMpwDj9CfWX51GhJL1b783xSxWv_dNTnv7RF4FKvc8K2I-8Mhd-CNDQByTw5Gwi2QvBiJRHfxKU_bBAU1iH9a05w~~|https://click.outbound.surveymonkey.com/f/a/J7GQunM0SXiAf5TYObj02g~~/AAAAARA~/EHgKi9jOKPv3w9u_1T89sosihvdwuUXnlaQYcN_KF7rr6rdiGKXIGe6MgEfCxfg0H7M62T0NMjTspKwz6uUR4IOL5MMgXBj49-hAyrmj0CGR1OBSKBAJBE_IBIjc5M4CgsBokcUfyfNW2ObUOpqY4VV4yOaZ_Z0MPvpL1uqK-QJQEta2e5IzTlbybcsyfhDQP-I-wy2QJnwz61QuhvYwBU0TSjWrTT5y2BMFbK9kzeRkYj-EFjkWUWyKyPJqPlUBptx8fJ1t4ABEXnh69qYqh6DHjeMYGXjMsuacYPwlzSkCjemvMEZc7_74qDfeOHOMpwDj9CfWX51GhJL1b783xSxWv_dNTnv7RF4FKvc8K2I-8Mhd-CNDQByTw5Gwi2QvBiJRHfxKU_bBAU1iH9a05w~~.|https://eur02.safelinks.protection.outlook.com/?url=https%3A%2F%2Fclick.outbound.surveymonkey.com%2Ff%2Fa%2Fmz5MeRu4tP8rahJpR29NwQ~~%2FAAAAARA~%2FY5H38mKsAtXSht3LHJwHir5onJfgmhThfOI4JfpDF_tbQskm3ixgfe8sT6r7-Vff6z3qEhtiSl1GAH50CnA-lCVEKCJ4jLpALddIcbZHkkxM6Ci7lXOiYdUsk0Rbtrye_5bGzMKLvPgw_t4-m2mAUD3Jdh28YgZDpV2l8mTC2v4IHV32LhvdtqqwTlvQDjzJlwo1M5WbE9_Gv21_VOIHdwsr6BT96MG-62K5O8cW8TEDI9pBS3agHTLh1-rzUG9b&amp;data=05%7C02%7Caa6381%40live.mdx.ac.uk%7C541a7d68f29849ef937d08def62929c2%7C38e37b88a3a148cf9f056537427fed24%7C0%7C0%7C639218853810838637%7CUnknown%7CTWFpbGZsb3d8eyJFbXB0eU1hcGkiOnRydWUsIlYiOiIwLjAuMDAwMCIsIlAiOiJXaW4zMiIsIkFOIjoiTWFpbCIsIldUIjoyfQ%3D%3D%7C0%7C%7C%7C&amp;sdata=n7mEZmcJAf3tMX6bKoxxDWE6gQQM2QgPz80YFzRhmW0%3D&amp;reserved=0|https://click.outbound.surveymonkey.com/f/a/mz5MeRu4tP8rahJpR29NwQ~~/AAAAARA~/Y5H38mKsAtXSht3LHJwHir5onJfgmhThfOI4JfpDF_tbQskm3ixgfe8sT6r7-Vff6z3qEhtiSl1GAH50CnA-lCVEKCJ4jLpALddIcbZHkkxM6Ci7lXOiYdUsk0Rbtrye_5bGzMKLvPgw_t4-m2mAUD3Jdh28YgZDpV2l8mTC2v4IHV32LhvdtqqwTlvQDjzJlwo1M5WbE9_Gv21_VOIHdwsr6BT96MG-62K5O8cW8TEDI9pBS3agHTLh1-rzUG9b|https://click.outbound.surveymonkey.com/f/a/mz5MeRu4tP8rahJpR29NwQ~~/AAAAARA~/Y5H38mKsAtXSht3LHJwHir5onJfgmhThfOI4JfpDF_tbQskm3ixgfe8sT6r7-Vff6z3qEhtiSl1GAH50CnA-lCVEKCJ4jLpALddIcbZHkkxM6Ci7lXOiYdUsk0Rbtrye_5bGzMKLvPgw_t4-m2mAUD3Jdh28YgZDpV2l8mTC2v4IHV32LhvdtqqwTlvQDjzJlwo1M5WbE9_Gv21_VOIHdwsr6BT96MG-62K5O8cW8TEDI9pBS3agHTLh1-rzUG9b.|https://eur02.safelinks.protection.outlook.com/?url=https%3A%2F%2Fclick.outbound.surveymonkey.com%2Ff%2Fa%2FLARWDBdditHOqC9ocP9wJQ~~%2FAAAAARA~%2Fmv3kjFzvdEm8vTT8bETpkOn0D9NMmvySVHdr3PQ0ay6Df8783BCjICP-TTWQU4-f7c4ZyLbD_OZadJsmaLoD8pSNgdMzXBuBvUyAOFQKjT29IbfKUZ7UvaikL5cIblAxFBdbc0vAEg5p7VmbYPkEWlQ6I2ysPMzKT1Ydukh9gK6uBBO0sDDrX3D1bCyNuIVz&amp;data=05%7C02%7Caa6381%40live.mdx.ac.uk%7C541a7d68f29849ef937d08def62929c2%7C38e37b88a3a148cf9f056537427fed24%7C0%7C0%7C639218853810858196%7CUnknown%7CTWFpbGZsb3d8eyJFbXB0eU1hcGkiOnRydWUsIlYiOiIwLjAuMDAwMCIsIlAiOiJXaW4zMiIsIkFOIjoiTWFpbCIsIldUIjoyfQ%3D%3D%7C0%7C%7C%7C&amp;sdata=k3gmrwY1k7wkOI6d%2FaFRqjjPFT%2BvKC3ILFjcAszcUSQ%3D&amp;reserved=0|https://click.outbound.surveymonkey.com/f/a/LARWDBdditHOqC9ocP9wJQ~~/AAAAARA~/mv3kjFzvdEm8vTT8bETpkOn0D9NMmvySVHdr3PQ0ay6Df8783BCjICP-TTWQU4-f7c4ZyLbD_OZadJsmaLoD8pSNgdMzXBuBvUyAOFQKjT29IbfKUZ7UvaikL5cIblAxFBdbc0vAEg5p7VmbYPkEWlQ6I2ysPMzKT1Ydukh9gK6uBBO0sDDrX3D1bCyNuIVz,none,none,none,0,0,0.7354,1,0.3677
ces@mdx.ac.ae,"Build Your Entrepreneurial Skills This August with TiE Dubai!

Summarise this email","
Dear Student,


Looking to gain insights from experienced founders and industry leaders? This August, our industry partner TiE Dubai is hosting a series of interactive webinars and networking events featuring experts from leading organizations across entrepreneurship, AI, mental health, branding, and e-commerce. 
Register Now!
Upcoming Sessions:
🧠 12 August | The AI Social Listening Masterclass
Speaker: Himanshu Vashishtha, Founder & CEO, SixthFactor Consulting
Learn how AI can be used to uncover customer insights from online conversations and make smarter marketing decisions.


🤝 19 August | The Trust Factor
Speaker: Mita Srinivasan, Founder, Market Buzz International
Discover how to build credibility, strengthen your online reputation, and create trust with your audience.


☕ 23 August",https://eur02.safelinks.protection.outlook.com/?url=http%3A%2F%2Furl8148.mdx.ac.ae%2Fls%2Fclick%3Fupn%3Du001.hhduUulMZKjYD7venOe2S0Z4q6yc6tzwoja04ul3057cU9odAiWc-2BMpHkoMPZNZKST3-2FJRlFJlYPTAN2eS2-2BPg-3D-3Dc7KH_-2FnxC0uuWwXVLvv-2FPcJIdQC9bKMk-2F8uXLPNfQ2WOqhE62uDMIO2D3ccNnJNXwTffdNjdEyvnDq7VLTV7VRHmI2dM-2FFP-2FcPE3pEC7iCZEAqHGp6aemWNkOaq6Y00nnzMwInB-2FY5anxPCHqXzfvgsTzGTYtXGWSQXj1oMDdaJrItIrvCtDhSLsh0f07RArentAiLP-2FpQK5vIpa4HoXcF9F5BD7xyL3T0riHHYR037kwjXNPducjBwwqkIBSaAZU6MR9YNeLVDdDob-2BZP97oJTxlhxya6xX3kWh9t5jcvu-2FlusV-2Fj9-2FDV5HTcRPib7edz-2FZu0ay3muiXg1B8wQN-2FtJ4-2BnFygcJwS4peshw5HJNW4Z3t9JwKtH3R3B5-2F0rVwwfTq8yaS81TpjBYsLHGIPajIWxs5txTDtb6dLhkeZKd6mkFPDVAMkPCv5ivAEkNbtU6GNrXq4gb8J2n3GIKSDNRmsNtVGKN1wgwzF-2FKuJ6S8JCScaMDTScPdL-2BXyYNrVXnAi-2BM1hDNo0sIjeZ5jMhKWnKOpj6QB7wqk8PteWxwXhbwGsVwq-2FMu57RpqQ6qgFWPhygWJVY7FfkVNdxYW-2FUi1lUJvrCQeM2dBKzpK4LvkJtr9u5TzsbKu8hETI8P5nWl2GpWY52AQB5O4w-2BtMGFXjoSOmcTTMYY7biVxNw2fMh8gJ9pTA0C0oIXFzBUb2tG3ppmXwf2CsHmGumlYkHsy2ostywGSVmIonR6IUfhb5qzcV2JxeRi41xonxF9Vn0TH4YFQF-2Fmb2IJT62tQNNEFeQsCAaNQPOK7y-2BJlhhBqUpd3GwhwDAQIOSgsLupuVHD-2FwA9q4EXtIuDBEUsoCi88lON0m39u1omKlFnWbjPp6BPvQTPiYlvdZ0E8aCJNJNIPqkcWaB9io8O8Z1RiOfpyODaL7-2Bd4Dqxlmd6LvjHKkHDHBvn-2B9YqQUYSp7hwxctafFs-2Bp9Ed6f2FD-2Fy11JxkDfnZANqat4Yay2Y0xO-2B64b032s3kUP1BVzU6bYFVzTYS0X9m&amp;data=05%7C02%7Caa6381%40live.mdx.ac.uk%7C3cd86507e1c34bdf8ce108def3babc6c%7C38e37b88a3a148cf9f056537427fed24%7C0%7C0%7C639216180531892383%7CUnknown%7CTWFpbGZsb3d8eyJFbXB0eU1hcGkiOnRydWUsIlYiOiIwLjAuMDAwMCIsIlAiOiJXaW4zMiIsIkFOIjoiTWFpbCIsIldUIjoyfQ%3D%3D%7C0%7C%7C%7C&amp;sdata=cTM26Dji0%2FTNw5OVR2yS7HGloA5ZZ1t%2BNhCk07FPIvA%3D&amp;reserved=0|http://url8148.mdx.ac.ae/ls/click?upn=u001.hhduUulMZKjYD7venOe2S0Z4q6yc6tzwoja04ul3057cU9odAiWc-2BMpHkoMPZNZKST3-2FJRlFJlYPTAN2eS2-2BPg-3D-3Dc7KH_-2FnxC0uuWwXVLvv-2FPcJIdQC9bKMk-2F8uXLPNfQ2WOqhE62uDMIO2D3ccNnJNXwTffdNjdEyvnDq7VLTV7VRHmI2dM-2FFP-2FcPE3pEC7iCZEAqHGp6aemWNkOaq6Y00nnzMwInB-2FY5anxPCHqXzfvgsTzGTYtXGWSQXj1oMDdaJrItIrvCtDhSLsh0f07RArentAiLP-2FpQK5vIpa4HoXcF9F5BD7xyL3T0riHHYR037kwjXNPducjBwwqkIBSaAZU6MR9YNeLVDdDob-2BZP97oJTxlhxya6xX3kWh9t5jcvu-2FlusV-2Fj9-2FDV5HTcRPib7edz-2FZu0ay3muiXg1B8wQN-2FtJ4-2BnFygcJwS4peshw5HJNW4Z3t9JwKtH3R3B5-2F0rVwwfTq8yaS81TpjBYsLHGIPajIWxs5txTDtb6dLhkeZKd6mkFPDVAMkPCv5ivAEkNbtU6GNrXq4gb8J2n3GIKSDNRmsNtVGKN1wgwzF-2FKuJ6S8JCScaMDTScPdL-2BXyYNrVXnAi-2BM1hDNo0sIjeZ5jMhKWnKOpj6QB7wqk8PteWxwXhbwGsVwq-2FMu57RpqQ6qgFWPhygWJVY7FfkVNdxYW-2FUi1lUJvrCQeM2dBKzpK4LvkJtr9u5TzsbKu8hETI8P5nWl2GpWY52AQB5O4w-2BtMGFXjoSOmcTTMYY7biVxNw2fMh8gJ9pTA0C0oIXFzBUb2tG3ppmXwf2CsHmGumlYkHsy2ostywGSVmIonR6IUfhb5qzcV2JxeRi41xonxF9Vn0TH4YFQF-2Fmb2IJT62tQNNEFeQsCAaNQPOK7y-2BJlhhBqUpd3GwhwDAQIOSgsLupuVHD-2FwA9q4EXtIuDBEUsoCi88lON0m39u1omKlFnWbjPp6BPvQTPiYlvdZ0E8aCJNJNIPqkcWaB9io8O8Z1RiOfpyODaL7-2Bd4Dqxlmd6LvjHKkHDHBvn-2B9YqQUYSp7hwxctafFs-2Bp9Ed6f2FD-2Fy11JxkDfnZANqat4Yay2Y0xO-2B64b032s3kUP1BVzU6bYFVzTYS0X9m|http://url8148.mdx.ac.ae/ls/click?upn=u001.hhduUulMZKjYD7venOe2S0Z4q6yc6tzwoja04ul3057cU9odAiWc-2BMpHkoMPZNZKST3-2FJRlFJlYPTAN2eS2-2BPg-3D-3Dc7KH_-2FnxC0uuWwXVLvv-2FPcJIdQC9bKMk-2F8uXLPNfQ2WOqhE62uDMIO2D3ccNnJNXwTffdNjdEyvnDq7VLTV7VRHmI2dM-2FFP-2FcPE3pEC7iCZEAqHGp6aemWNkOaq6Y00nnzMwInB-2FY5anxPCHqXzfvgsTzGTYtXGWSQXj1oMDdaJrItIrvCtDhSLsh0f07RArentAiLP-2FpQK5vIpa4HoXcF9F5BD7xyL3T0riHHYR037kwjXNPducjBwwqkIBSaAZU6MR9YNeLVDdDob-2BZP97oJTxlhxya6xX3kWh9t5jcvu-2FlusV-2Fj9-2FDV5HTcRPib7edz-2FZu0ay3muiXg1B8wQN-2FtJ4-2BnFygcJwS4peshw5HJNW4Z3t9JwKtH3R3B5-2F0rVwwfTq8yaS81TpjBYsLHGIPajIWxs5txTDtb6dLhkeZKd6mkFPDVAMkPCv5ivAEkNbtU6GNrXq4gb8J2n3GIKSDNRmsNtVGKN1wgwzF-2FKuJ6S8JCScaMDTScPdL-2BXyYNrVXnAi-2BM1hDNo0sIjeZ5jMhKWnKOpj6QB7wqk8PteWxwXhbwGsVwq-2FMu57RpqQ6qgFWPhygWJVY7FfkVNdxYW-2FUi1lUJvrCQeM2dBKzpK4LvkJtr9u5TzsbKu8hETI8P5nWl2GpWY52AQB5O4w-2BtMGFXjoSOmcTTMYY7biVxNw2fMh8gJ9pTA0C0oIXFzBUb2tG3ppmXwf2CsHmGumlYkHsy2ostywGSVmIonR6IUfhb5qzcV2JxeRi41xonxF9Vn0TH4YFQF-2Fmb2IJT62tQNNEFeQsCAaNQPOK7y-2BJlhhBqUpd3GwhwDAQIOSgsLupuVHD-2FwA9q4EXtIuDBEUsoCi88lON0m39u1omKlFnWbjPp6BPvQTPiYlvdZ0E8aCJNJNIPqkcWaB9io8O8Z1RiOfpyODaL7-2Bd4Dqxlmd6LvjHKkHDHBvn-2B9YqQUYSp7hwxctafFs-2Bp9Ed6f2FD-2Fy11JxkDfnZANqat4Yay2Y0xO-2B64b032s3kUP1BVzU6bYFVzTYS0X9m.|https://eur02.safelinks.protection.outlook.com/?url=http%3A%2F%2Furl8148.mdx.ac.ae%2Fwf%2Funsubscribe%3Fupn%3Du001.G5oppK3eC1WFntLY75qU6008sXDEyAqeOxYWQZzjV4trHR13GA1mN0b5rp7AfwsklW4dfsTvRxJJVJLDSGODdX6n-2Fznf6ASTEocecn0phdEzp9NZEX-2FRG0BFSV2mdzoNYMqWyFV4zwMIuUjO-2BofWNB48i3yXnhs-2BgPe7ba4JyfcUwWnW2pnQi3Rxz7K8ikwNaIz-2FMOQmDY5tHirFSKy4nbIuO3SCbrfWTI907x0BdeFz6yq4LHGzhAO9w91IkW8Y-2Fpe881DHFx7tuzGk3Ao9n3yWn2kdFJQh53oH0oMc84bT7oP04Tlh3w2HofIcR30RwZRyZ42am3kgOvtOJZWC7EC5E-2F0cSERN2rkG0YsjMc42v0H85UGP8x7-2FbzIGX9pCbj66RXQJ0wYzQhTHwvjYwNbUapRjAoESQJUY9gFBaYFYAFjjUC7S-2BS0BZxlJLRvQA-2FoV-2FSzojITxhLORR-2F7YzK9QB2k7cjeMTgqs3mPXHS-2F-2F2bcaw7teqbwMt2Rwbk1PfmSzKS4NzDuKpKQmw7mhsndIdq17fIPSGwbfWWSbCTruUJ5p2EKjCQ1gzgW9vAi73JIPsoVrneguzMhFzWJYnaIt-2BrJhRN-2BsK26f0xSfodhJyIxO1qGLn8UFuEqEgUD8GWIL83bq3z2dHTAbrHJubm-2FdvzOYH184Q0ZBvzD4chCozt5ouOduL1BmhzsPogDGXqf0FYhdbVpEOf4sU2sYvVrLrPrrgl9II-2BWNLmjuXD643mR1f1MaQNuD6obSqM-2FDBUFnB-2BdVcawC5WOalETvY4yCDwb4pK7GQWXx-2BGoIXl8RGTqAzGggJims6YLPJco1QSwgVFCQ41EkCprGsMtrJlueCNwVohaML31Qv6D-2FSvSJ9-2FGH6w841MSg8rttdvgNEhXDlyz6WboirR8SlrCGr4mIgje-2BFviCJvFXQDl7BYi736643MAboqvyjfk4R34uh67UAXc5ekJTe41XPlXJ4-2B4U3oVdjPKk7ngrrL52w5Vms3RRU2klpKDv4ELsG1qJqtfHGghej3wPZyV6eozlyQ-3D-3D&amp;data=05%7C02%7Caa6381%40live.mdx.ac.uk%7C3cd86507e1c34bdf8ce108def3babc6c%7C38e37b88a3a148cf9f056537427fed24%7C0%7C0%7C639216180531966014%7CUnknown%7CTWFpbGZsb3d8eyJFbXB0eU1hcGkiOnRydWUsIlYiOiIwLjAuMDAwMCIsIlAiOiJXaW4zMiIsIkFOIjoiTWFpbCIsIldUIjoyfQ%3D%3D%7C0%7C%7C%7C&amp;sdata=GvNYSI9bgNNUp6ohxCPaOS%2B1eqDp%2BCTyK%2F2UmKl34wY%3D&amp;reserved=0|http://url8148.mdx.ac.ae/wf/unsubscribe?upn=u001.G5oppK3eC1WFntLY75qU6008sXDEyAqeOxYWQZzjV4trHR13GA1mN0b5rp7AfwsklW4dfsTvRxJJVJLDSGODdX6n-2Fznf6ASTEocecn0phdEzp9NZEX-2FRG0BFSV2mdzoNYMqWyFV4zwMIuUjO-2BofWNB48i3yXnhs-2BgPe7ba4JyfcUwWnW2pnQi3Rxz7K8ikwNaIz-2FMOQmDY5tHirFSKy4nbIuO3SCbrfWTI907x0BdeFz6yq4LHGzhAO9w91IkW8Y-2Fpe881DHFx7tuzGk3Ao9n3yWn2kdFJQh53oH0oMc84bT7oP04Tlh3w2HofIcR30RwZRyZ42am3kgOvtOJZWC7EC5E-2F0cSERN2rkG0YsjMc42v0H85UGP8x7-2FbzIGX9pCbj66RXQJ0wYzQhTHwvjYwNbUapRjAoESQJUY9gFBaYFYAFjjUC7S-2BS0BZxlJLRvQA-2FoV-2FSzojITxhLORR-2F7YzK9QB2k7cjeMTgqs3mPXHS-2F-2F2bcaw7teqbwMt2Rwbk1PfmSzKS4NzDuKpKQmw7mhsndIdq17fIPSGwbfWWSbCTruUJ5p2EKjCQ1gzgW9vAi73JIPsoVrneguzMhFzWJYnaIt-2BrJhRN-2BsK26f0xSfodhJyIxO1qGLn8UFuEqEgUD8GWIL83bq3z2dHTAbrHJubm-2FdvzOYH184Q0ZBvzD4chCozt5ouOduL1BmhzsPogDGXqf0FYhdbVpEOf4sU2sYvVrLrPrrgl9II-2BWNLmjuXD643mR1f1MaQNuD6obSqM-2FDBUFnB-2BdVcawC5WOalETvY4yCDwb4pK7GQWXx-2BGoIXl8RGTqAzGggJims6YLPJco1QSwgVFCQ41EkCprGsMtrJlueCNwVohaML31Qv6D-2FSvSJ9-2FGH6w841MSg8rttdvgNEhXDlyz6WboirR8SlrCGr4mIgje-2BFviCJvFXQDl7BYi736643MAboqvyjfk4R34uh67UAXc5ekJTe41XPlXJ4-2B4U3oVdjPKk7ngrrL52w5Vms3RRU2klpKDv4ELsG1qJqtfHGghej3wPZyV6eozlyQ-3D-3D|http://url8148.mdx.ac.ae/wf/unsubscribe?upn=u001.G5oppK3eC1WFntLY75qU6008sXDEyAqeOxYWQZzjV4trHR13GA1mN0b5rp7AfwsklW4dfsTvRxJJVJLDSGODdX6n-2Fznf6ASTEocecn0phdEzp9NZEX-2FRG0BFSV2mdzoNYMqWyFV4zwMIuUjO-2BofWNB48i3yXnhs-2BgPe7ba4JyfcUwWnW2pnQi3Rxz7K8ikwNaIz-2FMOQmDY5tHirFSKy4nbIuO3SCbrfWTI907x0BdeFz6yq4LHGzhAO9w91IkW8Y-2Fpe881DHFx7tuzGk3Ao9n3yWn2kdFJQh53oH0oMc84bT7oP04Tlh3w2HofIcR30RwZRyZ42am3kgOvtOJZWC7EC5E-2F0cSERN2rkG0YsjMc42v0H85UGP8x7-2FbzIGX9pCbj66RXQJ0wYzQhTHwvjYwNbUapRjAoESQJUY9gFBaYFYAFjjUC7S-2BS0BZxlJLRvQA-2FoV-2FSzojITxhLORR-2F7YzK9QB2k7cjeMTgqs3mPXHS-2F-2F2bcaw7teqbwMt2Rwbk1PfmSzKS4NzDuKpKQmw7mhsndIdq17fIPSGwbfWWSbCTruUJ5p2EKjCQ1gzgW9vAi73JIPsoVrneguzMhFzWJYnaIt-2BrJhRN-2BsK26f0xSfodhJyIxO1qGLn8UFuEqEgUD8GWIL83bq3z2dHTAbrHJubm-2FdvzOYH184Q0ZBvzD4chCozt5ouOduL1BmhzsPogDGXqf0FYhdbVpEOf4sU2sYvVrLrPrrgl9II-2BWNLmjuXD643mR1f1MaQNuD6obSqM-2FDBUFnB-2BdVcawC5WOalETvY4yCDwb4pK7GQWXx-2BGoIXl8RGTqAzGggJims6YLPJco1QSwgVFCQ41EkCprGsMtrJlueCNwVohaML31Qv6D-2FSvSJ9-2FGH6w841MSg8rttdvgNEhXDlyz6WboirR8SlrCGr4mIgje-2BFviCJvFXQDl7BYi736643MAboqvyjfk4R34uh67UAXc5ekJTe41XPlXJ4-2B4U3oVdjPKk7ngrrL52w5Vms3RRU2klpKDv4ELsG1qJqtfHGghej3wPZyV6eozlyQ-3D-3D.,none,none,none,1,0,0.9136,1,0.5432
surveymonkey@t.outbound.surveymonkey.com,"Your new survey responses

Summarise this email","

Review your new responses


Here are the survey responses that came in yesterday:

Post-Study Survey - CognitoMail Email Safety Study


Manage notifications
New responses


1
See responses


CognitoMail Email Safety Study


Manage notifications
New responses


1
See responses


Learn more


Daily Summary Notifications


You received this email as a registered user of SurveyMonkey. Do not reply to this email. Visit our Help Center to contact us.


© SurveyMonkey Inc Europe UC, 5 School House Lane East, Dublin 2, D02 N279, Ireland.  •  Privacy Notice",https://eur02.safelinks.protection.outlook.com/?url=https%3A%2F%2Fclick.outbound.surveymonkey.com%2Ff%2Fa%2Fr8n37HRirkm6XbnZ_H2Fpw~~%2FAAAAARA~%2FWqvelmX9k4AfHzEJK7_GK9vQKhL_GHBI29ZRZKQ-zgz0XMOWtJux_o4_lmuoHvzXKMJbqnITBipAMQPWYAFR7JdlrTCMpWITAm6y-LWtVKPLT3Ej5zkeNPsuRZw-lbN9ktLgvNWTkA6qzaeeZaO2P8K8yuMJsr_5Fba-Nzq7CwfhvSHrjYAYCG7fgc2XnvvsIdAJFKHSSMv2ud45yy_9BNlVDAaHMZjxNP6DX-msgxe1EY7Y-FQ8gDIqIsDLWg1uEyFZoKMGmhXRRz7Clz1ZuFmjO0_XEdL9c7BVkxUmTgIPt63aJnEO9sH49SX-TkhfIlDoXZsPj-Hmqh7sqxefGu9MjNPMA50SG-nQHSdcQYxcveuTXt9mPCoTVQ70jmWKiLWdhrQfRPJgMN0Hf6PmXw~~&amp;data=05%7C02%7Caa6381%40live.mdx.ac.uk%7Cc77665333ad74ce41d7908def9509e92%7C38e37b88a3a148cf9f056537427fed24%7C0%7C0%7C639222321819936573%7CUnknown%7CTWFpbGZsb3d8eyJFbXB0eU1hcGkiOnRydWUsIlYiOiIwLjAuMDAwMCIsIlAiOiJXaW4zMiIsIkFOIjoiTWFpbCIsIldUIjoyfQ%3D%3D%7C0%7C%7C%7C&amp;sdata=s9aPkipRfmH1jig7qO6HO0gQTkdn6%2FbLjVHspicDkVU%3D&amp;reserved=0|https://click.outbound.surveymonkey.com/f/a/r8n37HRirkm6XbnZ_H2Fpw~~/AAAAARA~/WqvelmX9k4AfHzEJK7_GK9vQKhL_GHBI29ZRZKQ-zgz0XMOWtJux_o4_lmuoHvzXKMJbqnITBipAMQPWYAFR7JdlrTCMpWITAm6y-LWtVKPLT3Ej5zkeNPsuRZw-lbN9ktLgvNWTkA6qzaeeZaO2P8K8yuMJsr_5Fba-Nzq7CwfhvSHrjYAYCG7fgc2XnvvsIdAJFKHSSMv2ud45yy_9BNlVDAaHMZjxNP6DX-msgxe1EY7Y-FQ8gDIqIsDLWg1uEyFZoKMGmhXRRz7Clz1ZuFmjO0_XEdL9c7BVkxUmTgIPt63aJnEO9sH49SX-TkhfIlDoXZsPj-Hmqh7sqxefGu9MjNPMA50SG-nQHSdcQYxcveuTXt9mPCoTVQ70jmWKiLWdhrQfRPJgMN0Hf6PmXw~~|https://click.outbound.surveymonkey.com/f/a/r8n37HRirkm6XbnZ_H2Fpw~~/AAAAARA~/WqvelmX9k4AfHzEJK7_GK9vQKhL_GHBI29ZRZKQ-zgz0XMOWtJux_o4_lmuoHvzXKMJbqnITBipAMQPWYAFR7JdlrTCMpWITAm6y-LWtVKPLT3Ej5zkeNPsuRZw-lbN9ktLgvNWTkA6qzaeeZaO2P8K8yuMJsr_5Fba-Nzq7CwfhvSHrjYAYCG7fgc2XnvvsIdAJFKHSSMv2ud45yy_9BNlVDAaHMZjxNP6DX-msgxe1EY7Y-FQ8gDIqIsDLWg1uEyFZoKMGmhXRRz7Clz1ZuFmjO0_XEdL9c7BVkxUmTgIPt63aJnEO9sH49SX-TkhfIlDoXZsPj-Hmqh7sqxefGu9MjNPMA50SG-nQHSdcQYxcveuTXt9mPCoTVQ70jmWKiLWdhrQfRPJgMN0Hf6PmXw~~.|https://eur02.safelinks.protection.outlook.com/?url=https%3A%2F%2Fclick.outbound.surveymonkey.com%2Ff%2Fa%2F3YEWN06wt9dCE6o4ahRxcQ~~%2FAAAAARA~%2Fdza-ISzvn80TsdcbmVofUeBJA-oPCmq8YMHp6U9FY07aDn9dngZZJeHfv8nBDNFfMOsu47rS812oJ-sKoom6oQ6rjNj0g54ktZH2vgZdHo9b-g7pOsLESxBFVZwuUGvyp2NInQmQbPztNQcwgdkbowNLNmlMSH368tAGHyMqzLB6oQl33XVVLwi9W3Yg7kCDsbsyzJBlrc8VV-fLqem2zHZOa1Tik20mpPnh0_80gu59JQTICUOiN8ezfULSnGSV9FuGXIXq8XUkokbeZHv2O8zBeVOUIJPiloSmS0XVyhh5Rt6-5Zmq_oTjR0IBSbMqSKDutUVwmlulK4jA_REWWQ2f2QQTgQve-Fy2HhsY_Zk~&amp;data=05%7C02%7Caa6381%40live.mdx.ac.uk%7Cc77665333ad74ce41d7908def9509e92%7C38e37b88a3a148cf9f056537427fed24%7C0%7C0%7C639222321819979581%7CUnknown%7CTWFpbGZsb3d8eyJFbXB0eU1hcGkiOnRydWUsIlYiOiIwLjAuMDAwMCIsIlAiOiJXaW4zMiIsIkFOIjoiTWFpbCIsIldUIjoyfQ%3D%3D%7C0%7C%7C%7C&amp;sdata=6%2F3BdQR0ZPlqetUgQrFDh1%2FSsCm%2FeDkOZyksvxR0myA%3D&amp;reserved=0|https://click.outbound.surveymonkey.com/f/a/3YEWN06wt9dCE6o4ahRxcQ~~/AAAAARA~/dza-ISzvn80TsdcbmVofUeBJA-oPCmq8YMHp6U9FY07aDn9dngZZJeHfv8nBDNFfMOsu47rS812oJ-sKoom6oQ6rjNj0g54ktZH2vgZdHo9b-g7pOsLESxBFVZwuUGvyp2NInQmQbPztNQcwgdkbowNLNmlMSH368tAGHyMqzLB6oQl33XVVLwi9W3Yg7kCDsbsyzJBlrc8VV-fLqem2zHZOa1Tik20mpPnh0_80gu59JQTICUOiN8ezfULSnGSV9FuGXIXq8XUkokbeZHv2O8zBeVOUIJPiloSmS0XVyhh5Rt6-5Zmq_oTjR0IBSbMqSKDutUVwmlulK4jA_REWWQ2f2QQTgQve-Fy2HhsY_Zk~|https://click.outbound.surveymonkey.com/f/a/3YEWN06wt9dCE6o4ahRxcQ~~/AAAAARA~/dza-ISzvn80TsdcbmVofUeBJA-oPCmq8YMHp6U9FY07aDn9dngZZJeHfv8nBDNFfMOsu47rS812oJ-sKoom6oQ6rjNj0g54ktZH2vgZdHo9b-g7pOsLESxBFVZwuUGvyp2NInQmQbPztNQcwgdkbowNLNmlMSH368tAGHyMqzLB6oQl33XVVLwi9W3Yg7kCDsbsyzJBlrc8VV-fLqem2zHZOa1Tik20mpPnh0_80gu59JQTICUOiN8ezfULSnGSV9FuGXIXq8XUkokbeZHv2O8zBeVOUIJPiloSmS0XVyhh5Rt6-5Zmq_oTjR0IBSbMqSKDutUVwmlulK4jA_REWWQ2f2QQTgQve-Fy2HhsY_Zk~.|https://eur02.safelinks.protection.outlook.com/?url=https%3A%2F%2Fclick.outbound.surveymonkey.com%2Ff%2Fa%2FmFZ5idDcpBB88pz-gBXCYQ~~%2FAAAAARA~%2FWqvelmX9k4AfHzEJK7_GK9vQKhL_GHBI29ZRZKQ-zgz0XMOWtJux_o4_lmuoHvzX5T4PGGKHLr0oE5ZrHcCPEITXiWWpwNhJTqZa-Qt6zo87edgV2aHDSSAu24UJaPl1gNDLnuoNFekJmRQwgERcYAgsjSPC-d1APfAQn_k6PaYaSWZ3Z_tCIotHaQ5BAUUe7aWWhDCTBgU6gGo_9TggzuL3lfOhmZkHxdTyROHL9vLc-p-2rZdKkAaAdogvjkbQAfMn9MxjdXLMgEs6MqDznyBIgmYngk-ZP2AQDd7P0m1AvP2s3Bo04svcGjNIb-19bLxMHFdai45Iq3nhYb3B5ng52a48j70Om9BAiSY43nSG9gbqJd-zH0dRoUmXv44cVpuaI7XTH4SHPqCwkQpB4A~~&amp;data=05%7C02%7Caa6381%40live.mdx.ac.uk%7Cc77665333ad74ce41d7908def9509e92%7C38e37b88a3a148cf9f056537427fed24%7C0%7C0%7C639222321820012093%7CUnknown%7CTWFpbGZsb3d8eyJFbXB0eU1hcGkiOnRydWUsIlYiOiIwLjAuMDAwMCIsIlAiOiJXaW4zMiIsIkFOIjoiTWFpbCIsIldUIjoyfQ%3D%3D%7C0%7C%7C%7C&amp;sdata=ILraEPwpts72fBndQIsnGSQuVr9ixxC4%2B14lScQ0Ybw%3D&amp;reserved=0|https://click.outbound.surveymonkey.com/f/a/mFZ5idDcpBB88pz-gBXCYQ~~/AAAAARA~/WqvelmX9k4AfHzEJK7_GK9vQKhL_GHBI29ZRZKQ-zgz0XMOWtJux_o4_lmuoHvzX5T4PGGKHLr0oE5ZrHcCPEITXiWWpwNhJTqZa-Qt6zo87edgV2aHDSSAu24UJaPl1gNDLnuoNFekJmRQwgERcYAgsjSPC-d1APfAQn_k6PaYaSWZ3Z_tCIotHaQ5BAUUe7aWWhDCTBgU6gGo_9TggzuL3lfOhmZkHxdTyROHL9vLc-p-2rZdKkAaAdogvjkbQAfMn9MxjdXLMgEs6MqDznyBIgmYngk-ZP2AQDd7P0m1AvP2s3Bo04svcGjNIb-19bLxMHFdai45Iq3nhYb3B5ng52a48j70Om9BAiSY43nSG9gbqJd-zH0dRoUmXv44cVpuaI7XTH4SHPqCwkQpB4A~~|https://click.outbound.surveymonkey.com/f/a/mFZ5idDcpBB88pz-gBXCYQ~~/AAAAARA~/WqvelmX9k4AfHzEJK7_GK9vQKhL_GHBI29ZRZKQ-zgz0XMOWtJux_o4_lmuoHvzX5T4PGGKHLr0oE5ZrHcCPEITXiWWpwNhJTqZa-Qt6zo87edgV2aHDSSAu24UJaPl1gNDLnuoNFekJmRQwgERcYAgsjSPC-d1APfAQn_k6PaYaSWZ3Z_tCIotHaQ5BAUUe7aWWhDCTBgU6gGo_9TggzuL3lfOhmZkHxdTyROHL9vLc-p-2rZdKkAaAdogvjkbQAfMn9MxjdXLMgEs6MqDznyBIgmYngk-ZP2AQDd7P0m1AvP2s3Bo04svcGjNIb-19bLxMHFdai45Iq3nhYb3B5ng52a48j70Om9BAiSY43nSG9gbqJd-zH0dRoUmXv44cVpuaI7XTH4SHPqCwkQpB4A~~.|https://eur02.safelinks.protection.outlook.com/?url=https%3A%2F%2Fclick.outbound.surveymonkey.com%2Ff%2Fa%2FoVffZDsQ_Sp31eBgelDJYQ~~%2FAAAAARA~%2Fdza-ISzvn80TsdcbmVofUeBJA-oPCmq8YMHp6U9FY07-y5T01a-QWhUiAdawbWyJErEx_9QHx5zTaTs8H2GoaVxloUhzZEI31XPJ6hFANcoG8Dksx-d20mT4j-w7moOp75aqpHhSolVTOM7wiIlH-bWZ6QiefZmRcbX8l2jb0I_VuxzQfWgTOgRJlPaHTJbUogo8lGwkZesVZglCGWXzMvUWHvgJXSWZEDtQOynz52rp-cgodfj_upCYMe-k90s9uw7_XUJmwkSkqPu7gXVck58yIZY1J95teswpINmJMPNm0A_PemYzXgbDsVOoZzKMyBosmFAY4B38GeUhye5PLWfSTPSJLMdefxjkHGhFRb8~&amp;data=05%7C02%7Caa6381%40live.mdx.ac.uk%7Cc77665333ad74ce41d7908def9509e92%7C38e37b88a3a148cf9f056537427fed24%7C0%7C0%7C639222321820035081%7CUnknown%7CTWFpbGZsb3d8eyJFbXB0eU1hcGkiOnRydWUsIlYiOiIwLjAuMDAwMCIsIlAiOiJXaW4zMiIsIkFOIjoiTWFpbCIsIldUIjoyfQ%3D%3D%7C0%7C%7C%7C&amp;sdata=AqCjpiwEfJj3axa3aG7uAX3nSmnwuJEmL4z3CcFm8Jg%3D&amp;reserved=0|https://click.outbound.surveymonkey.com/f/a/oVffZDsQ_Sp31eBgelDJYQ~~/AAAAARA~/dza-ISzvn80TsdcbmVofUeBJA-oPCmq8YMHp6U9FY07-y5T01a-QWhUiAdawbWyJErEx_9QHx5zTaTs8H2GoaVxloUhzZEI31XPJ6hFANcoG8Dksx-d20mT4j-w7moOp75aqpHhSolVTOM7wiIlH-bWZ6QiefZmRcbX8l2jb0I_VuxzQfWgTOgRJlPaHTJbUogo8lGwkZesVZglCGWXzMvUWHvgJXSWZEDtQOynz52rp-cgodfj_upCYMe-k90s9uw7_XUJmwkSkqPu7gXVck58yIZY1J95teswpINmJMPNm0A_PemYzXgbDsVOoZzKMyBosmFAY4B38GeUhye5PLWfSTPSJLMdefxjkHGhFRb8~|https://click.outbound.surveymonkey.com/f/a/oVffZDsQ_Sp31eBgelDJYQ~~/AAAAARA~/dza-ISzvn80TsdcbmVofUeBJA-oPCmq8YMHp6U9FY07-y5T01a-QWhUiAdawbWyJErEx_9QHx5zTaTs8H2GoaVxloUhzZEI31XPJ6hFANcoG8Dksx-d20mT4j-w7moOp75aqpHhSolVTOM7wiIlH-bWZ6QiefZmRcbX8l2jb0I_VuxzQfWgTOgRJlPaHTJbUogo8lGwkZesVZglCGWXzMvUWHvgJXSWZEDtQOynz52rp-cgodfj_upCYMe-k90s9uw7_XUJmwkSkqPu7gXVck58yIZY1J95teswpINmJMPNm0A_PemYzXgbDsVOoZzKMyBosmFAY4B38GeUhye5PLWfSTPSJLMdefxjkHGhFRb8~.|https://eur02.safelinks.protection.outlook.com/?url=https%3A%2F%2Fclick.outbound.surveymonkey.com%2Ff%2Fa%2FSjk3J73hz3ZhkElAO2XzBQ~~%2FAAAAARA~%2FF0YGZK2tQB_wxbZmaKMnK8wnbFraaYHK4qtFA7FY9QnyUJjiTSQ6FBqlTS3yGCbEGLWjXQKBpeFccHVplI09oaxgogyVNN6lIs_EisbDNMnTjOfiHF23lZwTT4H96__K1XNdurXS2RCSdJyvChrwhzSEfAAOSBWh9zSPh-PtAc3xSVm99HnN-tI-e8SWuC2WrubF75SLEBWgbagtfaTRrfBlbM9acVPHWDvGh6rBmGoxcZOask-qywKO8_J_tdGA_UirSGG05IK9_em4kn8XYIZHCvkvDIN5Ru2E5fDzQrh_2nO_MdNcr40RhJXGS5WAJNPHnmqH0qQompGpkvNU8xkhOKACfrQn0QxTeHFrnN3kKneftuJor909fgvE7sEZKx5Q0R-I706HSnKPg5f7RA~~&amp;data=05%7C02%7Caa6381%40live.mdx.ac.uk%7Cc77665333ad74ce41d7908def9509e92%7C38e37b88a3a148cf9f056537427fed24%7C0%7C0%7C639222321820056827%7CUnknown%7CTWFpbGZsb3d8eyJFbXB0eU1hcGkiOnRydWUsIlYiOiIwLjAuMDAwMCIsIlAiOiJXaW4zMiIsIkFOIjoiTWFpbCIsIldUIjoyfQ%3D%3D%7C0%7C%7C%7C&amp;sdata=HNsYGnXqXRwtVnK6wVBBg2TX6c%2FjOyVHlwkXjiwOu8g%3D&amp;reserved=0|https://click.outbound.surveymonkey.com/f/a/Sjk3J73hz3ZhkElAO2XzBQ~~/AAAAARA~/F0YGZK2tQB_wxbZmaKMnK8wnbFraaYHK4qtFA7FY9QnyUJjiTSQ6FBqlTS3yGCbEGLWjXQKBpeFccHVplI09oaxgogyVNN6lIs_EisbDNMnTjOfiHF23lZwTT4H96__K1XNdurXS2RCSdJyvChrwhzSEfAAOSBWh9zSPh-PtAc3xSVm99HnN-tI-e8SWuC2WrubF75SLEBWgbagtfaTRrfBlbM9acVPHWDvGh6rBmGoxcZOask-qywKO8_J_tdGA_UirSGG05IK9_em4kn8XYIZHCvkvDIN5Ru2E5fDzQrh_2nO_MdNcr40RhJXGS5WAJNPHnmqH0qQompGpkvNU8xkhOKACfrQn0QxTeHFrnN3kKneftuJor909fgvE7sEZKx5Q0R-I706HSnKPg5f7RA~~|https://click.outbound.surveymonkey.com/f/a/Sjk3J73hz3ZhkElAO2XzBQ~~/AAAAARA~/F0YGZK2tQB_wxbZmaKMnK8wnbFraaYHK4qtFA7FY9QnyUJjiTSQ6FBqlTS3yGCbEGLWjXQKBpeFccHVplI09oaxgogyVNN6lIs_EisbDNMnTjOfiHF23lZwTT4H96__K1XNdurXS2RCSdJyvChrwhzSEfAAOSBWh9zSPh-PtAc3xSVm99HnN-tI-e8SWuC2WrubF75SLEBWgbagtfaTRrfBlbM9acVPHWDvGh6rBmGoxcZOask-qywKO8_J_tdGA_UirSGG05IK9_em4kn8XYIZHCvkvDIN5Ru2E5fDzQrh_2nO_MdNcr40RhJXGS5WAJNPHnmqH0qQompGpkvNU8xkhOKACfrQn0QxTeHFrnN3kKneftuJor909fgvE7sEZKx5Q0R-I706HSnKPg5f7RA~~.|https://eur02.safelinks.protection.outlook.com/?url=https%3A%2F%2Fclick.outbound.surveymonkey.com%2Ff%2Fa%2FPAK5Vg0DrAHIdpB4Rtqz-w~~%2FAAAAARA~%2FKESMZ7_baU9XPerO5ywU3r63nXKanUiMBeoQQGNb9fmqemINgRE01_9lyvZoaJ3qWjdxfWbpghoEJSzTBS1iXwKZ85AgNNDcKqkYNpQHbXFrgfuIvzU-0SD9mGCxV255GkBrb_Ux8VyQaUR2hZIXj3iF5Xh17llpoPq2lRw9As3-XC7CKTY9uA3rsDrbyrC9qbgdxOlRy91XAtyRV6HC-p9KjJdPCMwW4jDgDuKx28fQT-UCcYdaOiTsQNP9jNm9&amp;data=05%7C02%7Caa6381%40live.mdx.ac.uk%7Cc77665333ad74ce41d7908def9509e92%7C38e37b88a3a148cf9f056537427fed24%7C0%7C0%7C639222321820080935%7CUnknown%7CTWFpbGZsb3d8eyJFbXB0eU1hcGkiOnRydWUsIlYiOiIwLjAuMDAwMCIsIlAiOiJXaW4zMiIsIkFOIjoiTWFpbCIsIldUIjoyfQ%3D%3D%7C0%7C%7C%7C&amp;sdata=gqpsWxAVbyG%2BDq43PqxNbGJGyxpKQ7Wp1bNDAMwnl1I%3D&amp;reserved=0|https://click.outbound.surveymonkey.com/f/a/PAK5Vg0DrAHIdpB4Rtqz-w~~/AAAAARA~/KESMZ7_baU9XPerO5ywU3r63nXKanUiMBeoQQGNb9fmqemINgRE01_9lyvZoaJ3qWjdxfWbpghoEJSzTBS1iXwKZ85AgNNDcKqkYNpQHbXFrgfuIvzU-0SD9mGCxV255GkBrb_Ux8VyQaUR2hZIXj3iF5Xh17llpoPq2lRw9As3-XC7CKTY9uA3rsDrbyrC9qbgdxOlRy91XAtyRV6HC-p9KjJdPCMwW4jDgDuKx28fQT-UCcYdaOiTsQNP9jNm9|https://click.outbound.surveymonkey.com/f/a/PAK5Vg0DrAHIdpB4Rtqz-w~~/AAAAARA~/KESMZ7_baU9XPerO5ywU3r63nXKanUiMBeoQQGNb9fmqemINgRE01_9lyvZoaJ3qWjdxfWbpghoEJSzTBS1iXwKZ85AgNNDcKqkYNpQHbXFrgfuIvzU-0SD9mGCxV255GkBrb_Ux8VyQaUR2hZIXj3iF5Xh17llpoPq2lRw9As3-XC7CKTY9uA3rsDrbyrC9qbgdxOlRy91XAtyRV6HC-p9KjJdPCMwW4jDgDuKx28fQT-UCcYdaOiTsQNP9jNm9.|https://eur02.safelinks.protection.outlook.com/?url=https%3A%2F%2Fclick.outbound.surveymonkey.com%2Ff%2Fa%2FcylJxdjxLauAOcRe0arynw~~%2FAAAAARA~%2FPESizxkmxdtYjFjUO71bCXTsn31Oh81EBZR14sqLKuj-nDFHRr1OFyEdy-waNF6-wril2Xc1OE-SmOUz-v2x3AmrFZJnNYMDzTwjx9Q_CqYSZ1yrQagwHc21tufTPjqM1FlBQnFiEVgz50HebbJkWjelMVjiOxiC1mYZWvxHxjuG-fJq_Ut1WL_-Q0mvjmQe&amp;data=05%7C02%7Caa6381%40live.mdx.ac.uk%7Cc77665333ad74ce41d7908def9509e92%7C38e37b88a3a148cf9f056537427fed24%7C0%7C0%7C639222321820101571%7CUnknown%7CTWFpbGZsb3d8eyJFbXB0eU1hcGkiOnRydWUsIlYiOiIwLjAuMDAwMCIsIlAiOiJXaW4zMiIsIkFOIjoiTWFpbCIsIldUIjoyfQ%3D%3D%7C0%7C%7C%7C&amp;sdata=rxqRn7Epn8mfTwx4sHXfx5czG8h1ixsB2yMHoZMMCPI%3D&amp;reserved=0|https://click.outbound.surveymonkey.com/f/a/cylJxdjxLauAOcRe0arynw~~/AAAAARA~/PESizxkmxdtYjFjUO71bCXTsn31Oh81EBZR14sqLKuj-nDFHRr1OFyEdy-waNF6-wril2Xc1OE-SmOUz-v2x3AmrFZJnNYMDzTwjx9Q_CqYSZ1yrQagwHc21tufTPjqM1FlBQnFiEVgz50HebbJkWjelMVjiOxiC1mYZWvxHxjuG-fJq_Ut1WL_-Q0mvjmQe,none,none,none,0,0,0.0136,1,0.0068
cce@mdx.ac.ae,"Join the MDX Careers WhatsApp Community for Science & Technology Students!

Summarise this email","
	
You don't often get email from cce@mdx.ac.ae. Learn why this is important
	

Dear Student,


The MDX Careers WhatsApp Community for Science and Technology students is there for you! This community is your go-to space for career opportunities, employer events, workshops, internships, and important updates from the Centre for Careers and Employability.


If you haven't joined yet, we'd love to have you as part of the community. It's a great way to stay informed about opportunities and resources that can support your career journey. 


Join the Science and Technology Careers WhatsApp Community by clicking the link below: 
Join the WhatsApp Community!
If you face any issues while joining, please email us at careers@mdx.ac.ae.
Kindly continue to check your university email for all official",https://aka.ms/LearnAboutSenderIdentification|https://eur02.safelinks.protection.outlook.com/?url=http%3A%2F%2Furl8148.mdx.ac.ae%2Fls%2Fclick%3Fupn%3Du001.hhduUulMZKjYD7venOe2S0Z4q6yc6tzwoja04ul3055dz3dSOhFrmmGqE06hWTMnbrUVHDezdTvbIOCPzG9e-2BQ-3D-3DE3N9_-2FnxC0uuWwXVLvv-2FPcJIdQC9bKMk-2F8uXLPNfQ2WOqhE62uDMIO2D3ccNnJNXwTffdNjdEyvnDq7VLTV7VRHmI2dM-2FFP-2FcPE3pEC7iCZEAqHGp6aemWNkOaq6Y00nnzMwInB-2FY5anxPCHqXzfvgsTzGTYtXGWSQXj1oMDdaJrItIq277E6iUq5giEO5O0-2B6Qjhnqa-2BWPgCtYVxqTyZVv2wW0SMQyi8jWm-2BlaiXYgBKiAA6Pu9SfKr-2BqFeX4c1ru2bIn9kvYlRDf08H-2BNLxKl6jo5kWrYb4n-2FrzVvEiHnouE0mkCZzC9bj-2FUXwaNlJ8lgzz9jT9DhskP1y4VUxDWKXEwsQoMjtGdKc9M34WNkCrJ6CFHgqjNw8oTWqwmLAJhaRJJe7fIYMKMsULOEYLLbAbnz9BLP3xTiDXAX2TuJJKzjIY-2BWPcoRWb2ThxWU7B0i2cJPczUL9MXxEUEiU9pTlIQuPsVpeKs5Aj9xZ9PKtSFcnSjP-2BOmJTrxkJyygvuJ3dNboYS0r7JhyTBSquCLETb5-2FlC3VZdRxIet-2FFesvtJmH3LhRx5Sq-2BzfBteNEgohddUkat2kWyQGJ7lrn0LBohJ4-2BBWZvkBas9GClca7nPvfGmrtJaqFyFkZ7J5g0VWUugWUmibPFVtr-2FHD-2Fd7A1KojMeQToWtrEsIZtYYb2A0G-2FKIVjy1qzh4d-2BnT-2F8ynG9HQGy501XTVTImwQFKxGF7OYveuCLwbuun-2FtsM16d-2Bf6SexN4UVyRxphtfnJbesvdDbcOLA1dEVwsakeK1Aj2pjO-2Bi9djJHCeZx4lKIzDmDj0tuBsouEcZhYR77DosKfvKMFC94cSJ0FIm4SzN1DG8EjXWJ-2FZr11B1YKyZXsqQ7oI7wAQQFp9c79H5vVI6I7ASRJWfkObTs6h90U5bgsKciJiSaSl9ufaOPQt0tqTTG8b8Mmd9Rt-2BGTePKjMPp1zvOWAwdaUTYQLLfRwwyaFvxvmMUwrf0blpgk6u8K2ENDAAWczCyoauHaf98to3D09ZWmTKiUJfFgune5XsWQh8oeQfivYyIOjfRKTB01BrOAyUkM-3D&amp;data=05%7C02%7Caa6381%40live.mdx.ac.uk%7Cf09e3b942c2749add81208def908f309%7C38e37b88a3a148cf9f056537427fed24%7C0%7C0%7C639222014022597552%7CUnknown%7CTWFpbGZsb3d8eyJFbXB0eU1hcGkiOnRydWUsIlYiOiIwLjAuMDAwMCIsIlAiOiJXaW4zMiIsIkFOIjoiTWFpbCIsIldUIjoyfQ%3D%3D%7C0%7C%7C%7C&amp;sdata=QdEk7Bxj3%2FR6ZkFwjHRu1VeVq%2FgyOLU8ZAATh3w10Ew%3D&amp;reserved=0|http://url8148.mdx.ac.ae/ls/click?upn=u001.hhduUulMZKjYD7venOe2S0Z4q6yc6tzwoja04ul3055dz3dSOhFrmmGqE06hWTMnbrUVHDezdTvbIOCPzG9e-2BQ-3D-3DE3N9_-2FnxC0uuWwXVLvv-2FPcJIdQC9bKMk-2F8uXLPNfQ2WOqhE62uDMIO2D3ccNnJNXwTffdNjdEyvnDq7VLTV7VRHmI2dM-2FFP-2FcPE3pEC7iCZEAqHGp6aemWNkOaq6Y00nnzMwInB-2FY5anxPCHqXzfvgsTzGTYtXGWSQXj1oMDdaJrItIq277E6iUq5giEO5O0-2B6Qjhnqa-2BWPgCtYVxqTyZVv2wW0SMQyi8jWm-2BlaiXYgBKiAA6Pu9SfKr-2BqFeX4c1ru2bIn9kvYlRDf08H-2BNLxKl6jo5kWrYb4n-2FrzVvEiHnouE0mkCZzC9bj-2FUXwaNlJ8lgzz9jT9DhskP1y4VUxDWKXEwsQoMjtGdKc9M34WNkCrJ6CFHgqjNw8oTWqwmLAJhaRJJe7fIYMKMsULOEYLLbAbnz9BLP3xTiDXAX2TuJJKzjIY-2BWPcoRWb2ThxWU7B0i2cJPczUL9MXxEUEiU9pTlIQuPsVpeKs5Aj9xZ9PKtSFcnSjP-2BOmJTrxkJyygvuJ3dNboYS0r7JhyTBSquCLETb5-2FlC3VZdRxIet-2FFesvtJmH3LhRx5Sq-2BzfBteNEgohddUkat2kWyQGJ7lrn0LBohJ4-2BBWZvkBas9GClca7nPvfGmrtJaqFyFkZ7J5g0VWUugWUmibPFVtr-2FHD-2Fd7A1KojMeQToWtrEsIZtYYb2A0G-2FKIVjy1qzh4d-2BnT-2F8ynG9HQGy501XTVTImwQFKxGF7OYveuCLwbuun-2FtsM16d-2Bf6SexN4UVyRxphtfnJbesvdDbcOLA1dEVwsakeK1Aj2pjO-2Bi9djJHCeZx4lKIzDmDj0tuBsouEcZhYR77DosKfvKMFC94cSJ0FIm4SzN1DG8EjXWJ-2FZr11B1YKyZXsqQ7oI7wAQQFp9c79H5vVI6I7ASRJWfkObTs6h90U5bgsKciJiSaSl9ufaOPQt0tqTTG8b8Mmd9Rt-2BGTePKjMPp1zvOWAwdaUTYQLLfRwwyaFvxvmMUwrf0blpgk6u8K2ENDAAWczCyoauHaf98to3D09ZWmTKiUJfFgune5XsWQh8oeQfivYyIOjfRKTB01BrOAyUkM-3D|http://url8148.mdx.ac.ae/ls/click?upn=u001.hhduUulMZKjYD7venOe2S0Z4q6yc6tzwoja04ul3055dz3dSOhFrmmGqE06hWTMnbrUVHDezdTvbIOCPzG9e-2BQ-3D-3DE3N9_-2FnxC0uuWwXVLvv-2FPcJIdQC9bKMk-2F8uXLPNfQ2WOqhE62uDMIO2D3ccNnJNXwTffdNjdEyvnDq7VLTV7VRHmI2dM-2FFP-2FcPE3pEC7iCZEAqHGp6aemWNkOaq6Y00nnzMwInB-2FY5anxPCHqXzfvgsTzGTYtXGWSQXj1oMDdaJrItIq277E6iUq5giEO5O0-2B6Qjhnqa-2BWPgCtYVxqTyZVv2wW0SMQyi8jWm-2BlaiXYgBKiAA6Pu9SfKr-2BqFeX4c1ru2bIn9kvYlRDf08H-2BNLxKl6jo5kWrYb4n-2FrzVvEiHnouE0mkCZzC9bj-2FUXwaNlJ8lgzz9jT9DhskP1y4VUxDWKXEwsQoMjtGdKc9M34WNkCrJ6CFHgqjNw8oTWqwmLAJhaRJJe7fIYMKMsULOEYLLbAbnz9BLP3xTiDXAX2TuJJKzjIY-2BWPcoRWb2ThxWU7B0i2cJPczUL9MXxEUEiU9pTlIQuPsVpeKs5Aj9xZ9PKtSFcnSjP-2BOmJTrxkJyygvuJ3dNboYS0r7JhyTBSquCLETb5-2FlC3VZdRxIet-2FFesvtJmH3LhRx5Sq-2BzfBteNEgohddUkat2kWyQGJ7lrn0LBohJ4-2BBWZvkBas9GClca7nPvfGmrtJaqFyFkZ7J5g0VWUugWUmibPFVtr-2FHD-2Fd7A1KojMeQToWtrEsIZtYYb2A0G-2FKIVjy1qzh4d-2BnT-2F8ynG9HQGy501XTVTImwQFKxGF7OYveuCLwbuun-2FtsM16d-2Bf6SexN4UVyRxphtfnJbesvdDbcOLA1dEVwsakeK1Aj2pjO-2Bi9djJHCeZx4lKIzDmDj0tuBsouEcZhYR77DosKfvKMFC94cSJ0FIm4SzN1DG8EjXWJ-2FZr11B1YKyZXsqQ7oI7wAQQFp9c79H5vVI6I7ASRJWfkObTs6h90U5bgsKciJiSaSl9ufaOPQt0tqTTG8b8Mmd9Rt-2BGTePKjMPp1zvOWAwdaUTYQLLfRwwyaFvxvmMUwrf0blpgk6u8K2ENDAAWczCyoauHaf98to3D09ZWmTKiUJfFgune5XsWQh8oeQfivYyIOjfRKTB01BrOAyUkM-3D.|https://eur02.safelinks.protection.outlook.com/?url=http%3A%2F%2Furl8148.mdx.ac.ae%2Fls%2Fclick%3Fupn%3Du001.hhduUulMZKjYD7venOe2S4-2BhcR3nlGGaWsUd3sL-2FB7U8clDVtWCer56pEbKXyooZFYMBOHTxKJzOpoU3At5GfzmSXs3XwmnX-2FSWT9MWINK8Jobk1XPJPn2DRDfFl9jtw9lyT_-2FnxC0uuWwXVLvv-2FPcJIdQC9bKMk-2F8uXLPNfQ2WOqhE62uDMIO2D3ccNnJNXwTffdNjdEyvnDq7VLTV7VRHmI2dM-2FFP-2FcPE3pEC7iCZEAqHGp6aemWNkOaq6Y00nnzMwInB-2FY5anxPCHqXzfvgsTzGTYtXGWSQXj1oMDdaJrItIq277E6iUq5giEO5O0-2B6Qjhnqa-2BWPgCtYVxqTyZVv2wW0SMQyi8jWm-2BlaiXYgBKiAA6Pu9SfKr-2BqFeX4c1ru2bIn9kvYlRDf08H-2BNLxKl6jo5kWrYb4n-2FrzVvEiHnouE0mkCZzC9bj-2FUXwaNlJ8lgzz9jT9DhskP1y4VUxDWKXEwsQoMjtGdKc9M34WNkCrJ6CFHgqjNw8oTWqwmLAJhaRJJe7fIYMKMsULOEYLLbAbnz9BLP3xTiDXAX2TuJJKzjIY-2BWPcoRWb2ThxWU7B0i2cJPczUL9MXxEUEiU9pTlIQuPsVpeKs5Aj9xZ9PKtSFcnSjP-2BOmJTrxkJyygvuJ3dNboYS0r7JhyTBSquCLETb5-2FlC3VZdRxIet-2FFesvtJmH3LhRx5Sq-2BzfBteNEgohddUkat2kWyQGJ7lrn0LBohJ4-2BBWZvkBas9GClca7nPvfGmrtJaqFyFkZ7J5g0VWUugWUmibPFVtr-2FHD-2Fd7A1KojMeQToWtrEsIZtYYb2A0G-2FKIVjy1qzh4d-2BnT-2F8ynG9HQGy501XTVTImwQFKxGF7OYveuCLwbuun-2FtsM16d-2Bf6SexN4UVyRxphtfnJbesvdDbcOLA1dEVwsakeK1Aj2pjO-2Bi9djJHCeZx4lKIzDmDj0tuBsouEcZhYR77DosKfvKMFC94cSJ0FIm4SzN1DG8EjXWJ-2FZr11B1YKyZXsqQ7oI7wAQQFp9c79H5vVI6I7ASRJWfkObTs6h90U5bgsKciJiS0bynkTpTJC0suxas5GDtWi225bNWy71DVybI5jmmhoetmqEXUBsHhExCZl6B-2Fz2Ur6p4N8lcIcWZi8US1aDumMxuN1FkgOkpcXmiQ6D5Sx-2FTj0gunSLBQKhtX2Ul4fsykwgC5tRkME1O1ZVFfbobw-3D&amp;data=05%7C02%7Caa6381%40live.mdx.ac.uk%7Cf09e3b942c2749add81208def908f309%7C38e37b88a3a148cf9f056537427fed24%7C0%7C0%7C639222014022633811%7CUnknown%7CTWFpbGZsb3d8eyJFbXB0eU1hcGkiOnRydWUsIlYiOiIwLjAuMDAwMCIsIlAiOiJXaW4zMiIsIkFOIjoiTWFpbCIsIldUIjoyfQ%3D%3D%7C0%7C%7C%7C&amp;sdata=H4gnImCyOMqviuRTIShTAmY3xp4nH9gpC5ksC39puEg%3D&amp;reserved=0|http://url8148.mdx.ac.ae/ls/click?upn=u001.hhduUulMZKjYD7venOe2S4-2BhcR3nlGGaWsUd3sL-2FB7U8clDVtWCer56pEbKXyooZFYMBOHTxKJzOpoU3At5GfzmSXs3XwmnX-2FSWT9MWINK8Jobk1XPJPn2DRDfFl9jtw9lyT_-2FnxC0uuWwXVLvv-2FPcJIdQC9bKMk-2F8uXLPNfQ2WOqhE62uDMIO2D3ccNnJNXwTffdNjdEyvnDq7VLTV7VRHmI2dM-2FFP-2FcPE3pEC7iCZEAqHGp6aemWNkOaq6Y00nnzMwInB-2FY5anxPCHqXzfvgsTzGTYtXGWSQXj1oMDdaJrItIq277E6iUq5giEO5O0-2B6Qjhnqa-2BWPgCtYVxqTyZVv2wW0SMQyi8jWm-2BlaiXYgBKiAA6Pu9SfKr-2BqFeX4c1ru2bIn9kvYlRDf08H-2BNLxKl6jo5kWrYb4n-2FrzVvEiHnouE0mkCZzC9bj-2FUXwaNlJ8lgzz9jT9DhskP1y4VUxDWKXEwsQoMjtGdKc9M34WNkCrJ6CFHgqjNw8oTWqwmLAJhaRJJe7fIYMKMsULOEYLLbAbnz9BLP3xTiDXAX2TuJJKzjIY-2BWPcoRWb2ThxWU7B0i2cJPczUL9MXxEUEiU9pTlIQuPsVpeKs5Aj9xZ9PKtSFcnSjP-2BOmJTrxkJyygvuJ3dNboYS0r7JhyTBSquCLETb5-2FlC3VZdRxIet-2FFesvtJmH3LhRx5Sq-2BzfBteNEgohddUkat2kWyQGJ7lrn0LBohJ4-2BBWZvkBas9GClca7nPvfGmrtJaqFyFkZ7J5g0VWUugWUmibPFVtr-2FHD-2Fd7A1KojMeQToWtrEsIZtYYb2A0G-2FKIVjy1qzh4d-2BnT-2F8ynG9HQGy501XTVTImwQFKxGF7OYveuCLwbuun-2FtsM16d-2Bf6SexN4UVyRxphtfnJbesvdDbcOLA1dEVwsakeK1Aj2pjO-2Bi9djJHCeZx4lKIzDmDj0tuBsouEcZhYR77DosKfvKMFC94cSJ0FIm4SzN1DG8EjXWJ-2FZr11B1YKyZXsqQ7oI7wAQQFp9c79H5vVI6I7ASRJWfkObTs6h90U5bgsKciJiS0bynkTpTJC0suxas5GDtWi225bNWy71DVybI5jmmhoetmqEXUBsHhExCZl6B-2Fz2Ur6p4N8lcIcWZi8US1aDumMxuN1FkgOkpcXmiQ6D5Sx-2FTj0gunSLBQKhtX2Ul4fsykwgC5tRkME1O1ZVFfbobw-3D|http://url8148.mdx.ac.ae/ls/click?upn=u001.hhduUulMZKjYD7venOe2S4-2BhcR3nlGGaWsUd3sL-2FB7U8clDVtWCer56pEbKXyooZFYMBOHTxKJzOpoU3At5GfzmSXs3XwmnX-2FSWT9MWINK8Jobk1XPJPn2DRDfFl9jtw9lyT_-2FnxC0uuWwXVLvv-2FPcJIdQC9bKMk-2F8uXLPNfQ2WOqhE62uDMIO2D3ccNnJNXwTffdNjdEyvnDq7VLTV7VRHmI2dM-2FFP-2FcPE3pEC7iCZEAqHGp6aemWNkOaq6Y00nnzMwInB-2FY5anxPCHqXzfvgsTzGTYtXGWSQXj1oMDdaJrItIq277E6iUq5giEO5O0-2B6Qjhnqa-2BWPgCtYVxqTyZVv2wW0SMQyi8jWm-2BlaiXYgBKiAA6Pu9SfKr-2BqFeX4c1ru2bIn9kvYlRDf08H-2BNLxKl6jo5kWrYb4n-2FrzVvEiHnouE0mkCZzC9bj-2FUXwaNlJ8lgzz9jT9DhskP1y4VUxDWKXEwsQoMjtGdKc9M34WNkCrJ6CFHgqjNw8oTWqwmLAJhaRJJe7fIYMKMsULOEYLLbAbnz9BLP3xTiDXAX2TuJJKzjIY-2BWPcoRWb2ThxWU7B0i2cJPczUL9MXxEUEiU9pTlIQuPsVpeKs5Aj9xZ9PKtSFcnSjP-2BOmJTrxkJyygvuJ3dNboYS0r7JhyTBSquCLETb5-2FlC3VZdRxIet-2FFesvtJmH3LhRx5Sq-2BzfBteNEgohddUkat2kWyQGJ7lrn0LBohJ4-2BBWZvkBas9GClca7nPvfGmrtJaqFyFkZ7J5g0VWUugWUmibPFVtr-2FHD-2Fd7A1KojMeQToWtrEsIZtYYb2A0G-2FKIVjy1qzh4d-2BnT-2F8ynG9HQGy501XTVTImwQFKxGF7OYveuCLwbuun-2FtsM16d-2Bf6SexN4UVyRxphtfnJbesvdDbcOLA1dEVwsakeK1Aj2pjO-2Bi9djJHCeZx4lKIzDmDj0tuBsouEcZhYR77DosKfvKMFC94cSJ0FIm4SzN1DG8EjXWJ-2FZr11B1YKyZXsqQ7oI7wAQQFp9c79H5vVI6I7ASRJWfkObTs6h90U5bgsKciJiS0bynkTpTJC0suxas5GDtWi225bNWy71DVybI5jmmhoetmqEXUBsHhExCZl6B-2Fz2Ur6p4N8lcIcWZi8US1aDumMxuN1FkgOkpcXmiQ6D5Sx-2FTj0gunSLBQKhtX2Ul4fsykwgC5tRkME1O1ZVFfbobw-3D.|https://eur02.safelinks.protection.outlook.com/?url=http%3A%2F%2Furl8148.mdx.ac.ae%2Fwf%2Funsubscribe%3Fupn%3Du001.G5oppK3eC1WFntLY75qU6008sXDEyAqeOxYWQZzjV4trHR13GA1mN0b5rp7AfwsklW4dfsTvRxJJVJLDSGODdX6n-2Fznf6ASTEocecn0phdEzp9NZEX-2FRG0BFSV2mdzoNYMqWyFV4zwMIuUjO-2BofWNB48i3yXnhs-2BgPe7ba4JyfeC3Ea5hTo1mwI5839dHZuDuFY1oZi4geOhDG8PhE-2FuwzvAVG-2FlK9SHtRKJP-2FFi544QKqHX2R9TT2HBEEcnD5q0cfGJVCYSFr0CV0-2Fw5U4yzYe2RpRh-2B-2B9pIMmN1-2Fk3clxH3HetNtLozfaUZC7VaAkTFmY-2B5Nxb3zaiYuyp-2F4YKYO7wF0RXKvbtQurXz7An57oCIGXoKswjlXXsH6BVLQCN-2B1-2B3XFU5ifNLFMyxOtwa457wf6ZQdihLu1ClfGqUroS7uSgmolI3nF1IyPKe8wzoUxvQ2NMt4F9y-2FJhfsoixpW0OMYVWo3nXRF1O-2FuhA9uAy4G-2FABxHOo0VOUBW54XlCnVpONBZGIui4NovHxkq-2F2FIWDmINN5hI6LOxVbqYma-2FxtBz73dQdEybBvf1cKgAGoaIBMFOBrh8M7nXoxEx2c4ssyu-2B7S4-2B5VwmYZxCczRW1YqHra1ogAXlWqNZbl3w74xbd1dhe-2BC-2Fs9wnIkgLiUh0J1ZCdCsJtMsEHbpXmT0vQ19-2Fe2aQxhTOKx1p1FAcoLjBB8yXOwCXUqs2R-2Bmkiwsb5fCYLc1JL660nwHl0He3s-2Bs561TivjKCybWsnVj5k0pnUQGnIyxOeGVn8xkTu8Gtx39uT1olgyKfQ3D1UhNlr6rxH-2FcYvBtT5rxyWUOF6-2FPLeROv8y2FA19Ng0QKG959Mo9-2FJy4mRuZzB3JBlRQNNaqE-2Bhv-2Bs6QOCo0hiqWgtSHp89SQKnbeKzIIat0s9Yulu-2BgfNCt7I805v7uu1JD4n-2BtWvFWXLhGtYatkKO89tMHTfZPKUTyUuu-2FPdOiy9Ekpsza-2FxgvibQ-2FUOXUAiVv5sQqG2-2FXlxYw-2FX5-2BWVc0CUG2adKmXw7-2FE3qksW-2FX1QXplRy2MroGZuChuFfgIZQqHqP-2FRHpiBsAC6xoD8l3xmm&amp;data=05%7C02%7Caa6381%40live.mdx.ac.uk%7Cf09e3b942c2749add81208def908f309%7C38e37b88a3a148cf9f056537427fed24%7C0%7C0%7C639222014022665406%7CUnknown%7CTWFpbGZsb3d8eyJFbXB0eU1hcGkiOnRydWUsIlYiOiIwLjAuMDAwMCIsIlAiOiJXaW4zMiIsIkFOIjoiTWFpbCIsIldUIjoyfQ%3D%3D%7C0%7C%7C%7C&amp;sdata=1Ze%2Fv%2BpS%2FNO1U4KCyYpVtK2zUDSurlNFOOlpjtiMiuk%3D&amp;reserved=0|http://url8148.mdx.ac.ae/wf/unsubscribe?upn=u001.G5oppK3eC1WFntLY75qU6008sXDEyAqeOxYWQZzjV4trHR13GA1mN0b5rp7AfwsklW4dfsTvRxJJVJLDSGODdX6n-2Fznf6ASTEocecn0phdEzp9NZEX-2FRG0BFSV2mdzoNYMqWyFV4zwMIuUjO-2BofWNB48i3yXnhs-2BgPe7ba4JyfeC3Ea5hTo1mwI5839dHZuDuFY1oZi4geOhDG8PhE-2FuwzvAVG-2FlK9SHtRKJP-2FFi544QKqHX2R9TT2HBEEcnD5q0cfGJVCYSFr0CV0-2Fw5U4yzYe2RpRh-2B-2B9pIMmN1-2Fk3clxH3HetNtLozfaUZC7VaAkTFmY-2B5Nxb3zaiYuyp-2F4YKYO7wF0RXKvbtQurXz7An57oCIGXoKswjlXXsH6BVLQCN-2B1-2B3XFU5ifNLFMyxOtwa457wf6ZQdihLu1ClfGqUroS7uSgmolI3nF1IyPKe8wzoUxvQ2NMt4F9y-2FJhfsoixpW0OMYVWo3nXRF1O-2FuhA9uAy4G-2FABxHOo0VOUBW54XlCnVpONBZGIui4NovHxkq-2F2FIWDmINN5hI6LOxVbqYma-2FxtBz73dQdEybBvf1cKgAGoaIBMFOBrh8M7nXoxEx2c4ssyu-2B7S4-2B5VwmYZxCczRW1YqHra1ogAXlWqNZbl3w74xbd1dhe-2BC-2Fs9wnIkgLiUh0J1ZCdCsJtMsEHbpXmT0vQ19-2Fe2aQxhTOKx1p1FAcoLjBB8yXOwCXUqs2R-2Bmkiwsb5fCYLc1JL660nwHl0He3s-2Bs561TivjKCybWsnVj5k0pnUQGnIyxOeGVn8xkTu8Gtx39uT1olgyKfQ3D1UhNlr6rxH-2FcYvBtT5rxyWUOF6-2FPLeROv8y2FA19Ng0QKG959Mo9-2FJy4mRuZzB3JBlRQNNaqE-2Bhv-2Bs6QOCo0hiqWgtSHp89SQKnbeKzIIat0s9Yulu-2BgfNCt7I805v7uu1JD4n-2BtWvFWXLhGtYatkKO89tMHTfZPKUTyUuu-2FPdOiy9Ekpsza-2FxgvibQ-2FUOXUAiVv5sQqG2-2FXlxYw-2FX5-2BWVc0CUG2adKmXw7-2FE3qksW-2FX1QXplRy2MroGZuChuFfgIZQqHqP-2FRHpiBsAC6xoD8l3xmm|http://url8148.mdx.ac.ae/wf/unsubscribe?upn=u001.G5oppK3eC1WFntLY75qU6008sXDEyAqeOxYWQZzjV4trHR13GA1mN0b5rp7AfwsklW4dfsTvRxJJVJLDSGODdX6n-2Fznf6ASTEocecn0phdEzp9NZEX-2FRG0BFSV2mdzoNYMqWyFV4zwMIuUjO-2BofWNB48i3yXnhs-2BgPe7ba4JyfeC3Ea5hTo1mwI5839dHZuDuFY1oZi4geOhDG8PhE-2FuwzvAVG-2FlK9SHtRKJP-2FFi544QKqHX2R9TT2HBEEcnD5q0cfGJVCYSFr0CV0-2Fw5U4yzYe2RpRh-2B-2B9pIMmN1-2Fk3clxH3HetNtLozfaUZC7VaAkTFmY-2B5Nxb3zaiYuyp-2F4YKYO7wF0RXKvbtQurXz7An57oCIGXoKswjlXXsH6BVLQCN-2B1-2B3XFU5ifNLFMyxOtwa457wf6ZQdihLu1ClfGqUroS7uSgmolI3nF1IyPKe8wzoUxvQ2NMt4F9y-2FJhfsoixpW0OMYVWo3nXRF1O-2FuhA9uAy4G-2FABxHOo0VOUBW54XlCnVpONBZGIui4NovHxkq-2F2FIWDmINN5hI6LOxVbqYma-2FxtBz73dQdEybBvf1cKgAGoaIBMFOBrh8M7nXoxEx2c4ssyu-2B7S4-2B5VwmYZxCczRW1YqHra1ogAXlWqNZbl3w74xbd1dhe-2BC-2Fs9wnIkgLiUh0J1ZCdCsJtMsEHbpXmT0vQ19-2Fe2aQxhTOKx1p1FAcoLjBB8yXOwCXUqs2R-2Bmkiwsb5fCYLc1JL660nwHl0He3s-2Bs561TivjKCybWsnVj5k0pnUQGnIyxOeGVn8xkTu8Gtx39uT1olgyKfQ3D1UhNlr6rxH-2FcYvBtT5rxyWUOF6-2FPLeROv8y2FA19Ng0QKG959Mo9-2FJy4mRuZzB3JBlRQNNaqE-2Bhv-2Bs6QOCo0hiqWgtSHp89SQKnbeKzIIat0s9Yulu-2BgfNCt7I805v7uu1JD4n-2BtWvFWXLhGtYatkKO89tMHTfZPKUTyUuu-2FPdOiy9Ekpsza-2FxgvibQ-2FUOXUAiVv5sQqG2-2FXlxYw-2FX5-2BWVc0CUG2adKmXw7-2FE3qksW-2FX1QXplRy2MroGZuChuFfgIZQqHqP-2FRHpiBsAC6xoD8l3xmm.,none,none,none,0,0,0.2004,0,0.1002
surveymonkey@t.outbound.surveymonkey.com,"Your new survey responses

Summarise this email","

Review your new responses


Here are the survey responses that came in yesterday:

Post-Study Survey - CognitoMail Email Safety Study


Manage notifications
New responses


3
See responses


CognitoMail Email Safety Study


Manage notifications
New responses


3
See responses


Learn more


Daily Summary Notifications


You received this email as a registered user of SurveyMonkey. Do not reply to this email. Visit our Help Center to contact us.


© SurveyMonkey Inc Europe UC, 5 School House Lane East, Dublin 2, D02 N279, Ireland.  •  Privacy Notice",https://eur02.safelinks.protection.outlook.com/?url=https%3A%2F%2Fclick.outbound.surveymonkey.com%2Ff%2Fa%2F6c7FiNXefLcnTFgllcc4pw~~%2FAAAAARA~%2FqKGAqHx6sVoBurufrBrtW_kiZowj3thN4acNUWEUoLXjx6c-QFzkq15ngxU_aZsyYTIRLjlbf58FeMRR6rRqSBGmD9vDJnq0Wch_aSAN1qr19KZkBtjxLfX9rfOcslA_-tv8rQEzKE1wtpZCV-kRJZhlQqsiHQEFOJpg7cosnIOmYtruV5FkY1XesjA1LujWbNNxWo8KKzXTUb9XoeZh9cSvaE4DxRiqxSsgF34Jt95IctWyrHeQeEYnxidnFNfBAI8VXGEPNjYYX0pmz5tsyIMaPBZaXlRrdLhMHqRcwbgkfvt5Hmi4E8Wsmovn6eQg3PSprTzHLDhHyHZipqIoFLqBnofaCfeziKtcjygxs2kB0aui7aMeHXMH7fy0BID2WF-ap24FhTbPlxGm5TvNUg~~&amp;data=05%7C02%7Caa6381%40live.mdx.ac.uk%7Ce3da2109b4ba45cc571008def8875dab%7C38e37b88a3a148cf9f056537427fed24%7C0%7C0%7C639221457455776566%7CUnknown%7CTWFpbGZsb3d8eyJFbXB0eU1hcGkiOnRydWUsIlYiOiIwLjAuMDAwMCIsIlAiOiJXaW4zMiIsIkFOIjoiTWFpbCIsIldUIjoyfQ%3D%3D%7C0%7C%7C%7C&amp;sdata=Cl2e%2FuL31OzaZKwea%2BweOEvPdF%2FFhp7ik40crjx4R00%3D&amp;reserved=0|https://click.outbound.surveymonkey.com/f/a/6c7FiNXefLcnTFgllcc4pw~~/AAAAARA~/qKGAqHx6sVoBurufrBrtW_kiZowj3thN4acNUWEUoLXjx6c-QFzkq15ngxU_aZsyYTIRLjlbf58FeMRR6rRqSBGmD9vDJnq0Wch_aSAN1qr19KZkBtjxLfX9rfOcslA_-tv8rQEzKE1wtpZCV-kRJZhlQqsiHQEFOJpg7cosnIOmYtruV5FkY1XesjA1LujWbNNxWo8KKzXTUb9XoeZh9cSvaE4DxRiqxSsgF34Jt95IctWyrHeQeEYnxidnFNfBAI8VXGEPNjYYX0pmz5tsyIMaPBZaXlRrdLhMHqRcwbgkfvt5Hmi4E8Wsmovn6eQg3PSprTzHLDhHyHZipqIoFLqBnofaCfeziKtcjygxs2kB0aui7aMeHXMH7fy0BID2WF-ap24FhTbPlxGm5TvNUg~~|https://click.outbound.surveymonkey.com/f/a/6c7FiNXefLcnTFgllcc4pw~~/AAAAARA~/qKGAqHx6sVoBurufrBrtW_kiZowj3thN4acNUWEUoLXjx6c-QFzkq15ngxU_aZsyYTIRLjlbf58FeMRR6rRqSBGmD9vDJnq0Wch_aSAN1qr19KZkBtjxLfX9rfOcslA_-tv8rQEzKE1wtpZCV-kRJZhlQqsiHQEFOJpg7cosnIOmYtruV5FkY1XesjA1LujWbNNxWo8KKzXTUb9XoeZh9cSvaE4DxRiqxSsgF34Jt95IctWyrHeQeEYnxidnFNfBAI8VXGEPNjYYX0pmz5tsyIMaPBZaXlRrdLhMHqRcwbgkfvt5Hmi4E8Wsmovn6eQg3PSprTzHLDhHyHZipqIoFLqBnofaCfeziKtcjygxs2kB0aui7aMeHXMH7fy0BID2WF-ap24FhTbPlxGm5TvNUg~~.|https://eur02.safelinks.protection.outlook.com/?url=https%3A%2F%2Fclick.outbound.surveymonkey.com%2Ff%2Fa%2FhLrpx2cBwXveXGZhVNbtNg~~%2FAAAAARA~%2Fn7wqId71ao4O_SOmfnAt-3e6kdIler-FHxc7SA7QjCiYl-uNMqxg6jSITGJq-GfYdMjVySnBQyrxJ3AteEEotQ-Mb8Z4fmhni4tj1curseQKWY6UAoimu9l1CBULV4eN6mb_d1maNti_lB9LzGyWKls_9LZU_BFVqV83nrlsYmQnO-4d0JD_4ivmds29FBlwwL4dZqLopPWkcT49l9vscit1D8uMsaJP7lBhcMt_Finz5RH887gyN-DUTK99Z7fFQGwhsXJZT2i_u9-sco6KaUqEwy9CndsGCg52agQMOIEoSlXJxFY5Ci6isfrzWdB6TjL2IJxDwMJFzSFCei4KtSf6BVBXIoAca5bjR_Xbx6o~&amp;data=05%7C02%7Caa6381%40live.mdx.ac.uk%7Ce3da2109b4ba45cc571008def8875dab%7C38e37b88a3a148cf9f056537427fed24%7C0%7C0%7C639221457455822087%7CUnknown%7CTWFpbGZsb3d8eyJFbXB0eU1hcGkiOnRydWUsIlYiOiIwLjAuMDAwMCIsIlAiOiJXaW4zMiIsIkFOIjoiTWFpbCIsIldUIjoyfQ%3D%3D%7C0%7C%7C%7C&amp;sdata=wpvdkYxlcYwQJWbGjVjgMDPIo9EBlc%2FajhgUk5ppWvc%3D&amp;reserved=0|https://click.outbound.surveymonkey.com/f/a/hLrpx2cBwXveXGZhVNbtNg~~/AAAAARA~/n7wqId71ao4O_SOmfnAt-3e6kdIler-FHxc7SA7QjCiYl-uNMqxg6jSITGJq-GfYdMjVySnBQyrxJ3AteEEotQ-Mb8Z4fmhni4tj1curseQKWY6UAoimu9l1CBULV4eN6mb_d1maNti_lB9LzGyWKls_9LZU_BFVqV83nrlsYmQnO-4d0JD_4ivmds29FBlwwL4dZqLopPWkcT49l9vscit1D8uMsaJP7lBhcMt_Finz5RH887gyN-DUTK99Z7fFQGwhsXJZT2i_u9-sco6KaUqEwy9CndsGCg52agQMOIEoSlXJxFY5Ci6isfrzWdB6TjL2IJxDwMJFzSFCei4KtSf6BVBXIoAca5bjR_Xbx6o~|https://click.outbound.surveymonkey.com/f/a/hLrpx2cBwXveXGZhVNbtNg~~/AAAAARA~/n7wqId71ao4O_SOmfnAt-3e6kdIler-FHxc7SA7QjCiYl-uNMqxg6jSITGJq-GfYdMjVySnBQyrxJ3AteEEotQ-Mb8Z4fmhni4tj1curseQKWY6UAoimu9l1CBULV4eN6mb_d1maNti_lB9LzGyWKls_9LZU_BFVqV83nrlsYmQnO-4d0JD_4ivmds29FBlwwL4dZqLopPWkcT49l9vscit1D8uMsaJP7lBhcMt_Finz5RH887gyN-DUTK99Z7fFQGwhsXJZT2i_u9-sco6KaUqEwy9CndsGCg52agQMOIEoSlXJxFY5Ci6isfrzWdB6TjL2IJxDwMJFzSFCei4KtSf6BVBXIoAca5bjR_Xbx6o~.|https://eur02.safelinks.protection.outlook.com/?url=https%3A%2F%2Fclick.outbound.surveymonkey.com%2Ff%2Fa%2FBR3dLyv4H_v_Pg--mzajOg~~%2FAAAAARA~%2FqKGAqHx6sVoBurufrBrtW_kiZowj3thN4acNUWEUoLXjx6c-QFzkq15ngxU_aZsy7p6rFR2FzpQjpEexke1HIy0Pqcb6Uatsi69F1qPdNcW8Oyd_DpyfbpfkKg7teJZYGBeW08XeNhZeMry7bdaJaVWSpFByCJQBOrKTe521wn89f88Z6xd1MzpV8ATKQ0l7owncrfn2X8P_Q-CB-ciMo0YG5Ss96f7FzrETWSKzuG45gDAH28BD8SMeb-L3kNQPXZs-z0K40yVVnPq-5M0Ib_xRNnzJT4Ryhe03zxnIo1ylcjACcXMf3WkjGB4V_Nsd9oMJbf67P7o0tUSHsh-vsu-LQC_WMvpyUd9e0BjGi4eE9z6K3OLuUrs_h25Yng1IMwkEJMrbDj52HFyrRx-w1g~~&amp;data=05%7C02%7Caa6381%40live.mdx.ac.uk%7Ce3da2109b4ba45cc571008def8875dab%7C38e37b88a3a148cf9f056537427fed24%7C0%7C0%7C639221457455854698%7CUnknown%7CTWFpbGZsb3d8eyJFbXB0eU1hcGkiOnRydWUsIlYiOiIwLjAuMDAwMCIsIlAiOiJXaW4zMiIsIkFOIjoiTWFpbCIsIldUIjoyfQ%3D%3D%7C0%7C%7C%7C&amp;sdata=xrZDGBpXadtu8VUegsNOkUdetTleQfclDH85K9PeWSo%3D&amp;reserved=0|https://click.outbound.surveymonkey.com/f/a/BR3dLyv4H_v_Pg--mzajOg~~/AAAAARA~/qKGAqHx6sVoBurufrBrtW_kiZowj3thN4acNUWEUoLXjx6c-QFzkq15ngxU_aZsy7p6rFR2FzpQjpEexke1HIy0Pqcb6Uatsi69F1qPdNcW8Oyd_DpyfbpfkKg7teJZYGBeW08XeNhZeMry7bdaJaVWSpFByCJQBOrKTe521wn89f88Z6xd1MzpV8ATKQ0l7owncrfn2X8P_Q-CB-ciMo0YG5Ss96f7FzrETWSKzuG45gDAH28BD8SMeb-L3kNQPXZs-z0K40yVVnPq-5M0Ib_xRNnzJT4Ryhe03zxnIo1ylcjACcXMf3WkjGB4V_Nsd9oMJbf67P7o0tUSHsh-vsu-LQC_WMvpyUd9e0BjGi4eE9z6K3OLuUrs_h25Yng1IMwkEJMrbDj52HFyrRx-w1g~~|https://click.outbound.surveymonkey.com/f/a/BR3dLyv4H_v_Pg--mzajOg~~/AAAAARA~/qKGAqHx6sVoBurufrBrtW_kiZowj3thN4acNUWEUoLXjx6c-QFzkq15ngxU_aZsy7p6rFR2FzpQjpEexke1HIy0Pqcb6Uatsi69F1qPdNcW8Oyd_DpyfbpfkKg7teJZYGBeW08XeNhZeMry7bdaJaVWSpFByCJQBOrKTe521wn89f88Z6xd1MzpV8ATKQ0l7owncrfn2X8P_Q-CB-ciMo0YG5Ss96f7FzrETWSKzuG45gDAH28BD8SMeb-L3kNQPXZs-z0K40yVVnPq-5M0Ib_xRNnzJT4Ryhe03zxnIo1ylcjACcXMf3WkjGB4V_Nsd9oMJbf67P7o0tUSHsh-vsu-LQC_WMvpyUd9e0BjGi4eE9z6K3OLuUrs_h25Yng1IMwkEJMrbDj52HFyrRx-w1g~~.|https://eur02.safelinks.protection.outlook.com/?url=https%3A%2F%2Fclick.outbound.surveymonkey.com%2Ff%2Fa%2FP-f7JnL5i1lL-V_4zOYYsg~~%2FAAAAARA~%2Fn7wqId71ao4O_SOmfnAt-3e6kdIler-FHxc7SA7QjCgR6szMEr7OsZY3hkb9DjQoii5efn8YkXUNwQ57N1ymUERg8tvAcYhoiyE6SBHgR1NF4z2EnzBoRJTH2maqYXBRQ8TZ_ekNJVyNTG4qoXFdhQySMW2S-z9Cvd-4OU_4RfgX74-k6j-XZEqXRz63MRaFJ2WHhu3ahHcPf1A0P99IXn1r7N2g23iV45NqFWWhXh_nYJilNzuPnIaHt99YMLIJays3GzQYf2cRU3Kh1Ueps0zjYGc-xqu5BcEa2CLHuSlrs0_SoZIsEDc0yn7rVIGWdlV4Iim8Yq6dCJ7buN13_ctk4ImqOeH-P53E6REZCtE~&amp;data=05%7C02%7Caa6381%40live.mdx.ac.uk%7Ce3da2109b4ba45cc571008def8875dab%7C38e37b88a3a148cf9f056537427fed24%7C0%7C0%7C639221457455884678%7CUnknown%7CTWFpbGZsb3d8eyJFbXB0eU1hcGkiOnRydWUsIlYiOiIwLjAuMDAwMCIsIlAiOiJXaW4zMiIsIkFOIjoiTWFpbCIsIldUIjoyfQ%3D%3D%7C0%7C%7C%7C&amp;sdata=fBjnfZMQ%2FeyF19eQjYqBNSIVL67CtMjrLbk4YYwUfD0%3D&amp;reserved=0|https://click.outbound.surveymonkey.com/f/a/P-f7JnL5i1lL-V_4zOYYsg~~/AAAAARA~/n7wqId71ao4O_SOmfnAt-3e6kdIler-FHxc7SA7QjCgR6szMEr7OsZY3hkb9DjQoii5efn8YkXUNwQ57N1ymUERg8tvAcYhoiyE6SBHgR1NF4z2EnzBoRJTH2maqYXBRQ8TZ_ekNJVyNTG4qoXFdhQySMW2S-z9Cvd-4OU_4RfgX74-k6j-XZEqXRz63MRaFJ2WHhu3ahHcPf1A0P99IXn1r7N2g23iV45NqFWWhXh_nYJilNzuPnIaHt99YMLIJays3GzQYf2cRU3Kh1Ueps0zjYGc-xqu5BcEa2CLHuSlrs0_SoZIsEDc0yn7rVIGWdlV4Iim8Yq6dCJ7buN13_ctk4ImqOeH-P53E6REZCtE~|https://click.outbound.surveymonkey.com/f/a/P-f7JnL5i1lL-V_4zOYYsg~~/AAAAARA~/n7wqId71ao4O_SOmfnAt-3e6kdIler-FHxc7SA7QjCgR6szMEr7OsZY3hkb9DjQoii5efn8YkXUNwQ57N1ymUERg8tvAcYhoiyE6SBHgR1NF4z2EnzBoRJTH2maqYXBRQ8TZ_ekNJVyNTG4qoXFdhQySMW2S-z9Cvd-4OU_4RfgX74-k6j-XZEqXRz63MRaFJ2WHhu3ahHcPf1A0P99IXn1r7N2g23iV45NqFWWhXh_nYJilNzuPnIaHt99YMLIJays3GzQYf2cRU3Kh1Ueps0zjYGc-xqu5BcEa2CLHuSlrs0_SoZIsEDc0yn7rVIGWdlV4Iim8Yq6dCJ7buN13_ctk4ImqOeH-P53E6REZCtE~.|https://eur02.safelinks.protection.outlook.com/?url=https%3A%2F%2Fclick.outbound.surveymonkey.com%2Ff%2Fa%2F2BB40UDqfAJcoR30Ezc6hQ~~%2FAAAAARA~%2FZSevk6jbmjAx_M8Skv955UBkpmgpeuD97iG8-Y9Vq7oysLiX6N7KRY9n9MnG_IXZEkgK-PoPHaCl_j5y_qB5siuuiFSORBG7UU9G83Ddys9_5CevtltNhOva5c7rfMJZOUWcEze64Ee5yaqxVu8U0kqQ8tZzdAHRy9d983FWjH5l7pEBwjUlLcRITrnQz9fDtyeqoM4DvXQY1QfLCH2sdssfINfFiCBUYkEuh21S7tsyyH1PR-tipYZoCICaZZQWMfNxhnK26xnbGQmKr97D-BDGjMM5Hrxu7y5-5QPAXusBRqaqzTyMUGmWd0FGepNZ3KLBVnD1jhnKxqLDvcU13N6Skgyxrm9Bv8etgnjVef0-hRQzCo9cN38Hk88KGC5_QuOuEyBe6wnI9oudYpeaXA~~&amp;data=05%7C02%7Caa6381%40live.mdx.ac.uk%7Ce3da2109b4ba45cc571008def8875dab%7C38e37b88a3a148cf9f056537427fed24%7C0%7C0%7C639221457455913875%7CUnknown%7CTWFpbGZsb3d8eyJFbXB0eU1hcGkiOnRydWUsIlYiOiIwLjAuMDAwMCIsIlAiOiJXaW4zMiIsIkFOIjoiTWFpbCIsIldUIjoyfQ%3D%3D%7C0%7C%7C%7C&amp;sdata=EgwfH%2FVJ%2FDXuSY95b%2BnP%2Bm3MHK4fRXxF9FZ5gSrjSyw%3D&amp;reserved=0|https://click.outbound.surveymonkey.com/f/a/2BB40UDqfAJcoR30Ezc6hQ~~/AAAAARA~/ZSevk6jbmjAx_M8Skv955UBkpmgpeuD97iG8-Y9Vq7oysLiX6N7KRY9n9MnG_IXZEkgK-PoPHaCl_j5y_qB5siuuiFSORBG7UU9G83Ddys9_5CevtltNhOva5c7rfMJZOUWcEze64Ee5yaqxVu8U0kqQ8tZzdAHRy9d983FWjH5l7pEBwjUlLcRITrnQz9fDtyeqoM4DvXQY1QfLCH2sdssfINfFiCBUYkEuh21S7tsyyH1PR-tipYZoCICaZZQWMfNxhnK26xnbGQmKr97D-BDGjMM5Hrxu7y5-5QPAXusBRqaqzTyMUGmWd0FGepNZ3KLBVnD1jhnKxqLDvcU13N6Skgyxrm9Bv8etgnjVef0-hRQzCo9cN38Hk88KGC5_QuOuEyBe6wnI9oudYpeaXA~~|https://click.outbound.surveymonkey.com/f/a/2BB40UDqfAJcoR30Ezc6hQ~~/AAAAARA~/ZSevk6jbmjAx_M8Skv955UBkpmgpeuD97iG8-Y9Vq7oysLiX6N7KRY9n9MnG_IXZEkgK-PoPHaCl_j5y_qB5siuuiFSORBG7UU9G83Ddys9_5CevtltNhOva5c7rfMJZOUWcEze64Ee5yaqxVu8U0kqQ8tZzdAHRy9d983FWjH5l7pEBwjUlLcRITrnQz9fDtyeqoM4DvXQY1QfLCH2sdssfINfFiCBUYkEuh21S7tsyyH1PR-tipYZoCICaZZQWMfNxhnK26xnbGQmKr97D-BDGjMM5Hrxu7y5-5QPAXusBRqaqzTyMUGmWd0FGepNZ3KLBVnD1jhnKxqLDvcU13N6Skgyxrm9Bv8etgnjVef0-hRQzCo9cN38Hk88KGC5_QuOuEyBe6wnI9oudYpeaXA~~.|https://eur02.safelinks.protection.outlook.com/?url=https%3A%2F%2Fclick.outbound.surveymonkey.com%2Ff%2Fa%2FTuBy-T5H4kGWzs_YSgW4QQ~~%2FAAAAARA~%2FNRqb2JiJ42Vi5Y3CCgcIyfDhLVL0lHpqp3SuzP-XiSKUVVgEDItAOH1fA4o_qemMwk-T4wkAT0BXDSV5pYQRJ4fq6iiN2i2eZlvZn0dPbjpiwbE9Xf2hs5H_jCA5YY1qzGExnTiO83pFCJmKUNCsYYV28hPvjlZK39jc5SEa_zInMlpw17kVJF0YLSKi-ZIEJAoltAIx1pNvDWMr0z9XTrSQTdnplYLxFf01B1QsmQroFujjNty-8F146ynqds4D&amp;data=05%7C02%7Caa6381%40live.mdx.ac.uk%7Ce3da2109b4ba45cc571008def8875dab%7C38e37b88a3a148cf9f056537427fed24%7C0%7C0%7C639221457455944338%7CUnknown%7CTWFpbGZsb3d8eyJFbXB0eU1hcGkiOnRydWUsIlYiOiIwLjAuMDAwMCIsIlAiOiJXaW4zMiIsIkFOIjoiTWFpbCIsIldUIjoyfQ%3D%3D%7C0%7C%7C%7C&amp;sdata=lth%2Fpx%2Bfcu4xq1HsArIHFVB3Vcydwg026aFlVa53pBs%3D&amp;reserved=0|https://click.outbound.surveymonkey.com/f/a/TuBy-T5H4kGWzs_YSgW4QQ~~/AAAAARA~/NRqb2JiJ42Vi5Y3CCgcIyfDhLVL0lHpqp3SuzP-XiSKUVVgEDItAOH1fA4o_qemMwk-T4wkAT0BXDSV5pYQRJ4fq6iiN2i2eZlvZn0dPbjpiwbE9Xf2hs5H_jCA5YY1qzGExnTiO83pFCJmKUNCsYYV28hPvjlZK39jc5SEa_zInMlpw17kVJF0YLSKi-ZIEJAoltAIx1pNvDWMr0z9XTrSQTdnplYLxFf01B1QsmQroFujjNty-8F146ynqds4D|https://click.outbound.surveymonkey.com/f/a/TuBy-T5H4kGWzs_YSgW4QQ~~/AAAAARA~/NRqb2JiJ42Vi5Y3CCgcIyfDhLVL0lHpqp3SuzP-XiSKUVVgEDItAOH1fA4o_qemMwk-T4wkAT0BXDSV5pYQRJ4fq6iiN2i2eZlvZn0dPbjpiwbE9Xf2hs5H_jCA5YY1qzGExnTiO83pFCJmKUNCsYYV28hPvjlZK39jc5SEa_zInMlpw17kVJF0YLSKi-ZIEJAoltAIx1pNvDWMr0z9XTrSQTdnplYLxFf01B1QsmQroFujjNty-8F146ynqds4D.|https://eur02.safelinks.protection.outlook.com/?url=https%3A%2F%2Fclick.outbound.surveymonkey.com%2Ff%2Fa%2FKIC1qtIEiG4CgKJw5IxkyA~~%2FAAAAARA~%2FHnGT4_M0kPyxNvkCJ2oQ1qmoMA9cnN6TLEq1nKyfZ2lioj8YZnYFXxNiJrzKAbppydPVg0FfdGHIgumkDrIwZq5WTaOaWbjb2hy_dUH_mdMMPp2EcSv_IS7qLXziWPTw4y76nDzOtuTcVNEjvKeExXtrYLsizYX4Q9a9t4oAkNi4sRTdxB4tQnYw9otKzxCe&amp;data=05%7C02%7Caa6381%40live.mdx.ac.uk%7Ce3da2109b4ba45cc571008def8875dab%7C38e37b88a3a148cf9f056537427fed24%7C0%7C0%7C639221457455973834%7CUnknown%7CTWFpbGZsb3d8eyJFbXB0eU1hcGkiOnRydWUsIlYiOiIwLjAuMDAwMCIsIlAiOiJXaW4zMiIsIkFOIjoiTWFpbCIsIldUIjoyfQ%3D%3D%7C0%7C%7C%7C&amp;sdata=m1hDqj4hgNwfuyLUNq7vhT4Ud%2Fq4XB%2BZ1nFVtVQ1R5w%3D&amp;reserved=0|https://click.outbound.surveymonkey.com/f/a/KIC1qtIEiG4CgKJw5IxkyA~~/AAAAARA~/HnGT4_M0kPyxNvkCJ2oQ1qmoMA9cnN6TLEq1nKyfZ2lioj8YZnYFXxNiJrzKAbppydPVg0FfdGHIgumkDrIwZq5WTaOaWbjb2hy_dUH_mdMMPp2EcSv_IS7qLXziWPTw4y76nDzOtuTcVNEjvKeExXtrYLsizYX4Q9a9t4oAkNi4sRTdxB4tQnYw9otKzxCe,none,none,none,0,0,0.0158,1,0.0079
ces@mdx.ac.ae,"Starting in 30 Minutes! Missed Our Resume Workshop? Join Us Virtually | MDX Summer Skills Series

Summarise this email","
Dear Student,


Did you miss our previous resume workshop? We've got you covered!


Join Marwa Iqbal, Coordinator of the Careers & Employability Services team, for another virtual session of ""Craft a Resume That Gets Noticed.""
MS Teams Link
Whether you're preparing for internships, placements, part-time work, or graduate opportunities, this workshop will provide practical guidance on tailoring your resume to specific roles, highlighting your achievements with impact, avoiding common mistakes, and presenting yourself confidently to employers in today's competitive job market.  


This is a great opportunity to strengthen your resume and gain valuable insights that can support your future career goals. 


Students who attend will receive a certificate of participation.


Haven't registered",https://eur02.safelinks.protection.outlook.com/?url=http%3A%2F%2Furl8148.mdx.ac.ae%2Fls%2Fclick%3Fupn%3Du001.hhduUulMZKjYD7venOe2S5kZNpxyp2KK6jn9x9AqKSoMiHd7jandmzeCWDsTLSN1u7odbptdnzEcLisoo3lGBhToO9qbmHhFPEg2lMLRIB8-3Dun3m_-2FnxC0uuWwXVLvv-2FPcJIdQC9bKMk-2F8uXLPNfQ2WOqhE62uDMIO2D3ccNnJNXwTffdNjdEyvnDq7VLTV7VRHmI2dM-2FFP-2FcPE3pEC7iCZEAqHGp6aemWNkOaq6Y00nnzMwInB-2FY5anxPCHqXzfvgsTzGTYtXGWSQXj1oMDdaJrItIq-2B4ZueDqmPBVpm6EJ6LWLVDn6C1pABqPq-2BIqff0mAdrJzn4s13R6MKfhMIOFNGilaemMCJPN2GpPHHh3REw3d5qMQyikwq1u6FDqWeBa715gloLjP5fCpxGlv5DUxU41MUKpjmJpWjmVD8boI3r3LBeKw5V1O7hKdpWYxpfs-2BE3Ntl9JCSCGn-2BHqP8ThtqTZXb6Ym-2FkHL5-2F9pfPG11IAD43SjXuAACbCtjW40ULccp4jT5I5nLzgZImEmDf-2BT026moENmtlqD-2B9zlTdtv-2FK-2B4y4AV9MfCVlSfWK0doPaQWVnYf6AleO-2Fhz-2FHr9LJ4YLNrSUQWxNHFdTdCFbB1LjDC5REUZiB05YfW9ZS8ZQSnbvCg713F24Pz26XbSaVVgDHBmufB46hML6zQ40YmT2hpKhwjRalxutgcBgbzoHpUMLSfkDiSWWsoJazBV8RWeytuQfMrQIS7c98csZxZ8u7-2BafBd4GxQPJeR2ZaGKLH3dzOgHZ-2Bdq3LSkBhJUZ8mYM73VttpDPkmQwSIgoVVzAxtPYRQe5z5-2FwfK7OYhRYCoULxcH63JdC4Ihk-2BxrEqJWn7lXihXyi-2FKaQJBiU5OBDpQ4QBKtwQ96BZ2JrmEIGI-2F-2B4lt-2BMALSR53-2Bz6EeGyxRN3JD7PmV6fNW178MIrpdLRiLlKM0i0v0nMeueaRJL4TXIkt6b6XLSOg-2FMJEO9r8NfWm6GXFnc41Mycgyv2R1CocZBzsKUuWylbypIboG2rivW0VknywLPEqIB4MCpKfawwr1Ke8mpgxh4YjZtup87ffOhM1hJn7eMMP0fl5UCgR7EI8Z7iXJuVQnnLq-2FuDwqb5IagLL1uNVCdnFADikMrhBMaszuA67LPZg22sDBMJA8dxaqdOYuvrPoVN3U7sMVxK5bIvpsKs6wlWIQ5AKGezXz&amp;data=05%7C02%7Caa6381%40live.mdx.ac.uk%7Cfda9dbd2941e4ba6cd4908def6ca60c9%7C38e37b88a3a148cf9f056537427fed24%7C0%7C0%7C639219546255860884%7CUnknown%7CTWFpbGZsb3d8eyJFbXB0eU1hcGkiOnRydWUsIlYiOiIwLjAuMDAwMCIsIlAiOiJXaW4zMiIsIkFOIjoiTWFpbCIsIldUIjoyfQ%3D%3D%7C0%7C%7C%7C&amp;sdata=0epUtqwlIvvog7rE0cl%2FCIV7K%2Bcoe%2Frt8ep2uK%2BRfyM%3D&amp;reserved=0|http://url8148.mdx.ac.ae/ls/click?upn=u001.hhduUulMZKjYD7venOe2S5kZNpxyp2KK6jn9x9AqKSoMiHd7jandmzeCWDsTLSN1u7odbptdnzEcLisoo3lGBhToO9qbmHhFPEg2lMLRIB8-3Dun3m_-2FnxC0uuWwXVLvv-2FPcJIdQC9bKMk-2F8uXLPNfQ2WOqhE62uDMIO2D3ccNnJNXwTffdNjdEyvnDq7VLTV7VRHmI2dM-2FFP-2FcPE3pEC7iCZEAqHGp6aemWNkOaq6Y00nnzMwInB-2FY5anxPCHqXzfvgsTzGTYtXGWSQXj1oMDdaJrItIq-2B4ZueDqmPBVpm6EJ6LWLVDn6C1pABqPq-2BIqff0mAdrJzn4s13R6MKfhMIOFNGilaemMCJPN2GpPHHh3REw3d5qMQyikwq1u6FDqWeBa715gloLjP5fCpxGlv5DUxU41MUKpjmJpWjmVD8boI3r3LBeKw5V1O7hKdpWYxpfs-2BE3Ntl9JCSCGn-2BHqP8ThtqTZXb6Ym-2FkHL5-2F9pfPG11IAD43SjXuAACbCtjW40ULccp4jT5I5nLzgZImEmDf-2BT026moENmtlqD-2B9zlTdtv-2FK-2B4y4AV9MfCVlSfWK0doPaQWVnYf6AleO-2Fhz-2FHr9LJ4YLNrSUQWxNHFdTdCFbB1LjDC5REUZiB05YfW9ZS8ZQSnbvCg713F24Pz26XbSaVVgDHBmufB46hML6zQ40YmT2hpKhwjRalxutgcBgbzoHpUMLSfkDiSWWsoJazBV8RWeytuQfMrQIS7c98csZxZ8u7-2BafBd4GxQPJeR2ZaGKLH3dzOgHZ-2Bdq3LSkBhJUZ8mYM73VttpDPkmQwSIgoVVzAxtPYRQe5z5-2FwfK7OYhRYCoULxcH63JdC4Ihk-2BxrEqJWn7lXihXyi-2FKaQJBiU5OBDpQ4QBKtwQ96BZ2JrmEIGI-2F-2B4lt-2BMALSR53-2Bz6EeGyxRN3JD7PmV6fNW178MIrpdLRiLlKM0i0v0nMeueaRJL4TXIkt6b6XLSOg-2FMJEO9r8NfWm6GXFnc41Mycgyv2R1CocZBzsKUuWylbypIboG2rivW0VknywLPEqIB4MCpKfawwr1Ke8mpgxh4YjZtup87ffOhM1hJn7eMMP0fl5UCgR7EI8Z7iXJuVQnnLq-2FuDwqb5IagLL1uNVCdnFADikMrhBMaszuA67LPZg22sDBMJA8dxaqdOYuvrPoVN3U7sMVxK5bIvpsKs6wlWIQ5AKGezXz|http://url8148.mdx.ac.ae/ls/click?upn=u001.hhduUulMZKjYD7venOe2S5kZNpxyp2KK6jn9x9AqKSoMiHd7jandmzeCWDsTLSN1u7odbptdnzEcLisoo3lGBhToO9qbmHhFPEg2lMLRIB8-3Dun3m_-2FnxC0uuWwXVLvv-2FPcJIdQC9bKMk-2F8uXLPNfQ2WOqhE62uDMIO2D3ccNnJNXwTffdNjdEyvnDq7VLTV7VRHmI2dM-2FFP-2FcPE3pEC7iCZEAqHGp6aemWNkOaq6Y00nnzMwInB-2FY5anxPCHqXzfvgsTzGTYtXGWSQXj1oMDdaJrItIq-2B4ZueDqmPBVpm6EJ6LWLVDn6C1pABqPq-2BIqff0mAdrJzn4s13R6MKfhMIOFNGilaemMCJPN2GpPHHh3REw3d5qMQyikwq1u6FDqWeBa715gloLjP5fCpxGlv5DUxU41MUKpjmJpWjmVD8boI3r3LBeKw5V1O7hKdpWYxpfs-2BE3Ntl9JCSCGn-2BHqP8ThtqTZXb6Ym-2FkHL5-2F9pfPG11IAD43SjXuAACbCtjW40ULccp4jT5I5nLzgZImEmDf-2BT026moENmtlqD-2B9zlTdtv-2FK-2B4y4AV9MfCVlSfWK0doPaQWVnYf6AleO-2Fhz-2FHr9LJ4YLNrSUQWxNHFdTdCFbB1LjDC5REUZiB05YfW9ZS8ZQSnbvCg713F24Pz26XbSaVVgDHBmufB46hML6zQ40YmT2hpKhwjRalxutgcBgbzoHpUMLSfkDiSWWsoJazBV8RWeytuQfMrQIS7c98csZxZ8u7-2BafBd4GxQPJeR2ZaGKLH3dzOgHZ-2Bdq3LSkBhJUZ8mYM73VttpDPkmQwSIgoVVzAxtPYRQe5z5-2FwfK7OYhRYCoULxcH63JdC4Ihk-2BxrEqJWn7lXihXyi-2FKaQJBiU5OBDpQ4QBKtwQ96BZ2JrmEIGI-2F-2B4lt-2BMALSR53-2Bz6EeGyxRN3JD7PmV6fNW178MIrpdLRiLlKM0i0v0nMeueaRJL4TXIkt6b6XLSOg-2FMJEO9r8NfWm6GXFnc41Mycgyv2R1CocZBzsKUuWylbypIboG2rivW0VknywLPEqIB4MCpKfawwr1Ke8mpgxh4YjZtup87ffOhM1hJn7eMMP0fl5UCgR7EI8Z7iXJuVQnnLq-2FuDwqb5IagLL1uNVCdnFADikMrhBMaszuA67LPZg22sDBMJA8dxaqdOYuvrPoVN3U7sMVxK5bIvpsKs6wlWIQ5AKGezXz.|https://eur02.safelinks.protection.outlook.com/?url=http%3A%2F%2Furl8148.mdx.ac.ae%2Fwf%2Funsubscribe%3Fupn%3Du001.G5oppK3eC1WFntLY75qU6008sXDEyAqeOxYWQZzjV4trHR13GA1mN0b5rp7AfwsklW4dfsTvRxJJVJLDSGODdX6n-2Fznf6ASTEocecn0phdEzp9NZEX-2FRG0BFSV2mdzoNYMqWyFV4zwMIuUjO-2BofWNB48i3yXnhs-2BgPe7ba4Jyfd-2FDaWAzXn56HVk8U02EHYBscJkTB7Rvy3QY33hM68VpIMCIChcekkeIItdGzqryqgzOAJ5VNBIOJAt0BdtOxMED625Hl-2BV-2BfHocR1aOPdbYB-2F0RZkY8Szoq4ViatI1j8BXMYJzSG1ss43lEqHyHIJpIRF2jAYNkYnGjt8sRmAgvf6tzqbHReTQMD79v2I7t0sxj0wV00uAHYbme56mi71WAmMJ7k1wU9T4cKYqBhSkA2msTaSTlQwzPxJr0YFL-2FbbLP89R6LjUCKRvojVlYLy1UjoxftmVeJLRHDnzAfnXzmt99u-2Bdrcug3Ejo6BIaUBmHIEAlax44p4P5Mrf-2BbTZYJMCWrMiNzIVSDR26pgzNEvbO0G-2BZ3wp-2BjnnhOPPlkwqvZytXIRYaEm-2F4iNVmqZtqKHK-2B2jT5lRoKc2CDa6gFQtlLFnwSQDufA0UYa7kaat341l7iLodKwv8dx0uHs6UW3dSCXrK-2BAhXzlG9qLW6KwFfpb6ItnpbXWWWBshDW2bP3dHllWG7XrfgkfXhBZTSLt75HBTT40xGG2o7jSSCoO0PO-2FbTyjutGjrgJ3gAIswWXdeSlv5Jn8ldTDPdCA34lueqZ5277JwZABWGGe36c9iOBeUO5YnfOuJoMb59uOxm9iSwY-2Fxs0HRMLUUeqglGdZ1s7MESek2HJ4qxtm9KyzPZ-2FHjNe4jVuZdTwXbo5ojFdypkW1j6-2BX6UUfXnMclCCdc-2FT0D1oIvVzIDeKIx6-2FDOjmtVsif8Gxo7uAdmfdDpt8AStxNrwalvLWaFUy3nwtKSELlF0JhZM7cshb9myfWKNe5ZBbXVDTkyVncNPG5vEpZVl4wsAmTLTg-2BR2typw2xYmAHNwMFOGCa-2BCA0Ilk6zZzzRdI33qvXHDxEaqvfBZwdQedvl-2FitjS1-2BGj3fZfi&amp;data=05%7C02%7Caa6381%40live.mdx.ac.uk%7Cfda9dbd2941e4ba6cd4908def6ca60c9%7C38e37b88a3a148cf9f056537427fed24%7C0%7C0%7C639219546255926032%7CUnknown%7CTWFpbGZsb3d8eyJFbXB0eU1hcGkiOnRydWUsIlYiOiIwLjAuMDAwMCIsIlAiOiJXaW4zMiIsIkFOIjoiTWFpbCIsIldUIjoyfQ%3D%3D%7C0%7C%7C%7C&amp;sdata=Qoon%2BMp%2BKBj4heMxKAtFHG7g2XHyuG1zJtLfUY63DR8%3D&amp;reserved=0|http://url8148.mdx.ac.ae/wf/unsubscribe?upn=u001.G5oppK3eC1WFntLY75qU6008sXDEyAqeOxYWQZzjV4trHR13GA1mN0b5rp7AfwsklW4dfsTvRxJJVJLDSGODdX6n-2Fznf6ASTEocecn0phdEzp9NZEX-2FRG0BFSV2mdzoNYMqWyFV4zwMIuUjO-2BofWNB48i3yXnhs-2BgPe7ba4Jyfd-2FDaWAzXn56HVk8U02EHYBscJkTB7Rvy3QY33hM68VpIMCIChcekkeIItdGzqryqgzOAJ5VNBIOJAt0BdtOxMED625Hl-2BV-2BfHocR1aOPdbYB-2F0RZkY8Szoq4ViatI1j8BXMYJzSG1ss43lEqHyHIJpIRF2jAYNkYnGjt8sRmAgvf6tzqbHReTQMD79v2I7t0sxj0wV00uAHYbme56mi71WAmMJ7k1wU9T4cKYqBhSkA2msTaSTlQwzPxJr0YFL-2FbbLP89R6LjUCKRvojVlYLy1UjoxftmVeJLRHDnzAfnXzmt99u-2Bdrcug3Ejo6BIaUBmHIEAlax44p4P5Mrf-2BbTZYJMCWrMiNzIVSDR26pgzNEvbO0G-2BZ3wp-2BjnnhOPPlkwqvZytXIRYaEm-2F4iNVmqZtqKHK-2B2jT5lRoKc2CDa6gFQtlLFnwSQDufA0UYa7kaat341l7iLodKwv8dx0uHs6UW3dSCXrK-2BAhXzlG9qLW6KwFfpb6ItnpbXWWWBshDW2bP3dHllWG7XrfgkfXhBZTSLt75HBTT40xGG2o7jSSCoO0PO-2FbTyjutGjrgJ3gAIswWXdeSlv5Jn8ldTDPdCA34lueqZ5277JwZABWGGe36c9iOBeUO5YnfOuJoMb59uOxm9iSwY-2Fxs0HRMLUUeqglGdZ1s7MESek2HJ4qxtm9KyzPZ-2FHjNe4jVuZdTwXbo5ojFdypkW1j6-2BX6UUfXnMclCCdc-2FT0D1oIvVzIDeKIx6-2FDOjmtVsif8Gxo7uAdmfdDpt8AStxNrwalvLWaFUy3nwtKSELlF0JhZM7cshb9myfWKNe5ZBbXVDTkyVncNPG5vEpZVl4wsAmTLTg-2BR2typw2xYmAHNwMFOGCa-2BCA0Ilk6zZzzRdI33qvXHDxEaqvfBZwdQedvl-2FitjS1-2BGj3fZfi|http://url8148.mdx.ac.ae/wf/unsubscribe?upn=u001.G5oppK3eC1WFntLY75qU6008sXDEyAqeOxYWQZzjV4trHR13GA1mN0b5rp7AfwsklW4dfsTvRxJJVJLDSGODdX6n-2Fznf6ASTEocecn0phdEzp9NZEX-2FRG0BFSV2mdzoNYMqWyFV4zwMIuUjO-2BofWNB48i3yXnhs-2BgPe7ba4Jyfd-2FDaWAzXn56HVk8U02EHYBscJkTB7Rvy3QY33hM68VpIMCIChcekkeIItdGzqryqgzOAJ5VNBIOJAt0BdtOxMED625Hl-2BV-2BfHocR1aOPdbYB-2F0RZkY8Szoq4ViatI1j8BXMYJzSG1ss43lEqHyHIJpIRF2jAYNkYnGjt8sRmAgvf6tzqbHReTQMD79v2I7t0sxj0wV00uAHYbme56mi71WAmMJ7k1wU9T4cKYqBhSkA2msTaSTlQwzPxJr0YFL-2FbbLP89R6LjUCKRvojVlYLy1UjoxftmVeJLRHDnzAfnXzmt99u-2Bdrcug3Ejo6BIaUBmHIEAlax44p4P5Mrf-2BbTZYJMCWrMiNzIVSDR26pgzNEvbO0G-2BZ3wp-2BjnnhOPPlkwqvZytXIRYaEm-2F4iNVmqZtqKHK-2B2jT5lRoKc2CDa6gFQtlLFnwSQDufA0UYa7kaat341l7iLodKwv8dx0uHs6UW3dSCXrK-2BAhXzlG9qLW6KwFfpb6ItnpbXWWWBshDW2bP3dHllWG7XrfgkfXhBZTSLt75HBTT40xGG2o7jSSCoO0PO-2FbTyjutGjrgJ3gAIswWXdeSlv5Jn8ldTDPdCA34lueqZ5277JwZABWGGe36c9iOBeUO5YnfOuJoMb59uOxm9iSwY-2Fxs0HRMLUUeqglGdZ1s7MESek2HJ4qxtm9KyzPZ-2FHjNe4jVuZdTwXbo5ojFdypkW1j6-2BX6UUfXnMclCCdc-2FT0D1oIvVzIDeKIx6-2FDOjmtVsif8Gxo7uAdmfdDpt8AStxNrwalvLWaFUy3nwtKSELlF0JhZM7cshb9myfWKNe5ZBbXVDTkyVncNPG5vEpZVl4wsAmTLTg-2BR2typw2xYmAHNwMFOGCa-2BCA0Ilk6zZzzRdI33qvXHDxEaqvfBZwdQedvl-2FitjS1-2BGj3fZfi.,none,none,none,0,0,0.069,0,0.0345
noreply@formresponse.com,"We have received your response for Student Refund Request

Summarise this email","
	
You don't often get email from noreply@formresponse.com. Learn why this is important
	



		Student Refund Request
	
Name	Amritha Anand
Email	AA6381@live.mdx.ac.uk
Student ID #	M01094449
Mobile Number #	0502326929
Programme	MSc in Cyber Security and Emerging Threats
Refund Type	Parking card
Refund Payment Method	Bank Transfer
	Yes
Beneficiary Account Name	Amritha Anand
Beneficiary Address	2304
23
Damac Tower 108
JVC
Dubai
Country: United Arab Emirates

Mobile Number #	0502326929
Beneficiary's Nationality	India
Bank Name	Abu Dhabi Commercial Bank PJSC
Bank Address	Near Sharjah Central Post Office
Ibrahim Mohammed Al Medfa'a St
Al Soor
Hay Al Qasimiah
Sharjah
Country: United Arab Emirates

Bank Account Currency	AED
IBAN or Account Number #	AE400030013589035910001
SWIFT Code	ADCBAEAA
Sca",https://aka.ms/LearnAboutSenderIdentification|https://eur02.safelinks.protection.outlook.com/?url=https%3A%2F%2Fmdx.jotform.com%2Fuploads%2FF.Mark%2F91251389021452%2F6619831602112527585%2FAmritha%2520PP%25202021-2030.pdf&amp;data=05%7C02%7CAA6381%40live.mdx.ac.uk%7C2530b4cd42c44addf68d08def51e4f83%7C38e37b88a3a148cf9f056537427fed24%7C0%7C0%7C639217707964905085%7CUnknown%7CTWFpbGZsb3d8eyJFbXB0eU1hcGkiOnRydWUsIlYiOiIwLjAuMDAwMCIsIlAiOiJXaW4zMiIsIkFOIjoiTWFpbCIsIldUIjoyfQ%3D%3D%7C0%7C%7C%7C&amp;sdata=pIot%2BNJQAMKPujyRiVqBhJsjpkC3bQ4QmPX3ShiTHZY%3D&amp;reserved=0|https://mdx.jotform.com/uploads/F.Mark/91251389021452/6619831602112527585/Amritha%20PP%202021-2030.pdf|https://mdx.jotform.com/uploads/F.Mark/91251389021452/6619831602112527585/Amritha%20PP%202021-2030.pdf.,none,none,none,0,0,0.426,0,0.213
ces@mdx.ac.ae,"Join us online: Real-World Insights into Technology Transformation: What We Should Know!

Summarise this email","
Dear Student,


As part of the MDX Summer Skills Series 2026, we invite you to join our exclusive industry speaker session featuring Michael Trojanski, Co-Founder of Intelligent Growth Studio, who will present ""Real-World Insights into Technology Transformation.""


Gain practical insights into how technology is transforming industries, explore the skills employers value in today's digital world, and learn from real-world examples of business transformation. The session will also include career advice, industry lessons, and an interactive Q&A to help you prepare for the future of work. 
Register Now!
All attendees will receive a certificate of participation, making this a valuable addition to your professional development portfolio. 

Careers and Employability Services

Middlesex Universi",https://eur02.safelinks.protection.outlook.com/?url=http%3A%2F%2Furl8148.mdx.ac.ae%2Fls%2Fclick%3Fupn%3Du001.hhduUulMZKjYD7venOe2S0Z4q6yc6tzwoja04ul3056DoEuEtB-2FmeccimK7cBroI7kke5lhK9NHoSfUc2YrDUg-3D-3DKmDN_-2FnxC0uuWwXVLvv-2FPcJIdQC9bKMk-2F8uXLPNfQ2WOqhE62uDMIO2D3ccNnJNXwTffdNjdEyvnDq7VLTV7VRHmI2dM-2FFP-2FcPE3pEC7iCZEAqHGp6aemWNkOaq6Y00nnzMwInB-2FY5anxPCHqXzfvgsTzGcqSeQafpBdOTSKQqyYRyqSl2LcuTegENoFf1X4Ws9PKMpcKptLThxCYmqXXp3rurQxRKMhEABtCzAmvXnk0g3m5b3bcCSV3NxzL0-2Fo31t729kwVbx8ZweJg0s8pqNoGXGa76V82cxH-2F7p7RVPhL7gTMJNgn1iIBtl1kPJHKKoQrWwjkhMEUESPxMk67YJGYNSQMtefVJJTX1fb-2BA7KKNXDq7c1lc2TPmxfbMgJQ1Gx5OeJ057HF2d6K4TNWcH-2B2WOA066VkLXUuYBh-2Fh16PaVAxt6kvaDpJ9oVAHfBJFviB5S7Ptpte8VlNwroXjPZoB2xaBhpJ3Jgpw-2BwtP2fQdWz-2F3DHWnE-2FCGvtK97cGQepXfXW-2BInw8I7dcKBVZx8t7DljYC7Xz52OKDFcYy8GjXKqI54RpUSIiRO-2FLrRV672uV1kFmz7VtH9Qnp9M4ueISac3V1qEaX3UX9DbH-2FqTHFTh38CO-2FRqsA4z7JuqEzdiIfdD9eIqbY4MzRIryYTx4nmEhveQvXZjls2PooLwTjYOQJxHKAfDGg7M33IOrH8XUvAoGhY9wmVuGmWiDiPXE5dqN9YProiFZ6Uim1Aoa25GVxtAPe8aXA849cfEMWhccy-2FMDSMZ-2BdxxbEv6-2BtRF47ARltq4cooTSXnT1w-2B39Kj5BCIdj0pLBGfXfvLTu8yh2L0wohGcOsy52fKxQkltYDxKGHxsSpcn8kvJzRqM1w-2FkhrTs5mnn-2B2yBnHpdGb2p-2F4POZ2M1RFA7XIcgz37Oj9RzvUoiP-2BkLO9hHXeGIcDTXw1GMeUzzOBCaQcwY-2Fe0ZtnmAPkF-2BulpinXwbogTQBmHGalvuc-2BGeCMNmfnUN9XRT-2FLQCPEdICE7LLY9qSQOzgmJX4HpN2RfdIDAvA6-2BrJQIhSPE1vYkzP1af1sTOg56ic-3D&amp;data=05%7C02%7Caa6381%40live.mdx.ac.uk%7Cb06eae5dbcdb42cb940308def2b6d427%7C38e37b88a3a148cf9f056537427fed24%7C0%7C0%7C639215064242055561%7CUnknown%7CTWFpbGZsb3d8eyJFbXB0eU1hcGkiOnRydWUsIlYiOiIwLjAuMDAwMCIsIlAiOiJXaW4zMiIsIkFOIjoiTWFpbCIsIldUIjoyfQ%3D%3D%7C0%7C%7C%7C&amp;sdata=VGqbcAGqSMXsg0n7OXmzaBnoHxSXIs%2BuLvCNN9Uc%2Fp4%3D&amp;reserved=0|http://url8148.mdx.ac.ae/ls/click?upn=u001.hhduUulMZKjYD7venOe2S0Z4q6yc6tzwoja04ul3056DoEuEtB-2FmeccimK7cBroI7kke5lhK9NHoSfUc2YrDUg-3D-3DKmDN_-2FnxC0uuWwXVLvv-2FPcJIdQC9bKMk-2F8uXLPNfQ2WOqhE62uDMIO2D3ccNnJNXwTffdNjdEyvnDq7VLTV7VRHmI2dM-2FFP-2FcPE3pEC7iCZEAqHGp6aemWNkOaq6Y00nnzMwInB-2FY5anxPCHqXzfvgsTzGcqSeQafpBdOTSKQqyYRyqSl2LcuTegENoFf1X4Ws9PKMpcKptLThxCYmqXXp3rurQxRKMhEABtCzAmvXnk0g3m5b3bcCSV3NxzL0-2Fo31t729kwVbx8ZweJg0s8pqNoGXGa76V82cxH-2F7p7RVPhL7gTMJNgn1iIBtl1kPJHKKoQrWwjkhMEUESPxMk67YJGYNSQMtefVJJTX1fb-2BA7KKNXDq7c1lc2TPmxfbMgJQ1Gx5OeJ057HF2d6K4TNWcH-2B2WOA066VkLXUuYBh-2Fh16PaVAxt6kvaDpJ9oVAHfBJFviB5S7Ptpte8VlNwroXjPZoB2xaBhpJ3Jgpw-2BwtP2fQdWz-2F3DHWnE-2FCGvtK97cGQepXfXW-2BInw8I7dcKBVZx8t7DljYC7Xz52OKDFcYy8GjXKqI54RpUSIiRO-2FLrRV672uV1kFmz7VtH9Qnp9M4ueISac3V1qEaX3UX9DbH-2FqTHFTh38CO-2FRqsA4z7JuqEzdiIfdD9eIqbY4MzRIryYTx4nmEhveQvXZjls2PooLwTjYOQJxHKAfDGg7M33IOrH8XUvAoGhY9wmVuGmWiDiPXE5dqN9YProiFZ6Uim1Aoa25GVxtAPe8aXA849cfEMWhccy-2FMDSMZ-2BdxxbEv6-2BtRF47ARltq4cooTSXnT1w-2B39Kj5BCIdj0pLBGfXfvLTu8yh2L0wohGcOsy52fKxQkltYDxKGHxsSpcn8kvJzRqM1w-2FkhrTs5mnn-2B2yBnHpdGb2p-2F4POZ2M1RFA7XIcgz37Oj9RzvUoiP-2BkLO9hHXeGIcDTXw1GMeUzzOBCaQcwY-2Fe0ZtnmAPkF-2BulpinXwbogTQBmHGalvuc-2BGeCMNmfnUN9XRT-2FLQCPEdICE7LLY9qSQOzgmJX4HpN2RfdIDAvA6-2BrJQIhSPE1vYkzP1af1sTOg56ic-3D|http://url8148.mdx.ac.ae/ls/click?upn=u001.hhduUulMZKjYD7venOe2S0Z4q6yc6tzwoja04ul3056DoEuEtB-2FmeccimK7cBroI7kke5lhK9NHoSfUc2YrDUg-3D-3DKmDN_-2FnxC0uuWwXVLvv-2FPcJIdQC9bKMk-2F8uXLPNfQ2WOqhE62uDMIO2D3ccNnJNXwTffdNjdEyvnDq7VLTV7VRHmI2dM-2FFP-2FcPE3pEC7iCZEAqHGp6aemWNkOaq6Y00nnzMwInB-2FY5anxPCHqXzfvgsTzGcqSeQafpBdOTSKQqyYRyqSl2LcuTegENoFf1X4Ws9PKMpcKptLThxCYmqXXp3rurQxRKMhEABtCzAmvXnk0g3m5b3bcCSV3NxzL0-2Fo31t729kwVbx8ZweJg0s8pqNoGXGa76V82cxH-2F7p7RVPhL7gTMJNgn1iIBtl1kPJHKKoQrWwjkhMEUESPxMk67YJGYNSQMtefVJJTX1fb-2BA7KKNXDq7c1lc2TPmxfbMgJQ1Gx5OeJ057HF2d6K4TNWcH-2B2WOA066VkLXUuYBh-2Fh16PaVAxt6kvaDpJ9oVAHfBJFviB5S7Ptpte8VlNwroXjPZoB2xaBhpJ3Jgpw-2BwtP2fQdWz-2F3DHWnE-2FCGvtK97cGQepXfXW-2BInw8I7dcKBVZx8t7DljYC7Xz52OKDFcYy8GjXKqI54RpUSIiRO-2FLrRV672uV1kFmz7VtH9Qnp9M4ueISac3V1qEaX3UX9DbH-2FqTHFTh38CO-2FRqsA4z7JuqEzdiIfdD9eIqbY4MzRIryYTx4nmEhveQvXZjls2PooLwTjYOQJxHKAfDGg7M33IOrH8XUvAoGhY9wmVuGmWiDiPXE5dqN9YProiFZ6Uim1Aoa25GVxtAPe8aXA849cfEMWhccy-2FMDSMZ-2BdxxbEv6-2BtRF47ARltq4cooTSXnT1w-2B39Kj5BCIdj0pLBGfXfvLTu8yh2L0wohGcOsy52fKxQkltYDxKGHxsSpcn8kvJzRqM1w-2FkhrTs5mnn-2B2yBnHpdGb2p-2F4POZ2M1RFA7XIcgz37Oj9RzvUoiP-2BkLO9hHXeGIcDTXw1GMeUzzOBCaQcwY-2Fe0ZtnmAPkF-2BulpinXwbogTQBmHGalvuc-2BGeCMNmfnUN9XRT-2FLQCPEdICE7LLY9qSQOzgmJX4HpN2RfdIDAvA6-2BrJQIhSPE1vYkzP1af1sTOg56ic-3D.|https://eur02.safelinks.protection.outlook.com/?url=http%3A%2F%2Furl8148.mdx.ac.ae%2Fwf%2Funsubscribe%3Fupn%3Du001.G5oppK3eC1WFntLY75qU6008sXDEyAqeOxYWQZzjV4trHR13GA1mN0b5rp7AfwsklW4dfsTvRxJJVJLDSGODdX6n-2Fznf6ASTEocecn0phdEzp9NZEX-2FRG0BFSV2mdzoNYMqWyFV4zwMIuUjO-2BofWNDdSzI7Q4hd9bjU5f6hnXvuf6H6Pf4WkeKKqhNyYgx9nkwUv7HTgAoX-2BbOktUikxGS1vjw9-2BJdLKrzCCFfq5BWxIR87TMIA9z66ZKBIGwsqBaLYTsFiRikIDeFM-2FtSCYAD93S0I3BWD1LvQ0Dc8hsMDgx2AvzUQJW88XaIpClGQuToh6bxMOrVOt-2BVQ4r303jCZbo3lnN-2FY-2Ftsb844rh7EM85rGUFrHVkSk2Xr9CBb8dAvXvMCYSn6bCwzauollGBsvN4SaqCJ-2BTVvUr46XIMNwHw-2FjYzcstLflBob847-2FQG6qRvh0s6WzK4x6zrXAQGyzugezylIKGqAl2BKJv9LqdsNmYPENqdyKICDQpnb7V8PuQr8-2Brzo5Up9KXw0SjT-2BQ4WdySu2uEWAKPGdrkY2ObGFP-2FQaxoJ6rf2B2Hl3KFbLoXgmeK-2BoN7-2BpKnSr7QErL6FSIns2h1maFBXdZq7viqbZ9VBHArCTMytFsDu5idZ756K9N7384dGg6kxCqJieyCCQ-2FuVpZQ-2F1NE5M-2BxacXbbHi6e1auR5MPRxhkcv6VkPDp8pUxdutwRVXcZNxjIOPtNxP4uJb4UxByiMfgvVuhGNsss-2FmwA0X7H1KFXcnuq8EhKa9kcj7LPA9-2FL-2B7AhOikSxMkMSg2YY6S6OYRGErfei6JabIDAVRIfySiTJuXtnZJx-2BAwa7xUMhZ0w3-2By79cL6BpQB3pQ431HHUpCcriO2G2bE3kreiQPCY5PPdkp7eUfpuz-2F9VlWKowLvphGguJMTNMCHOUiltetm1BFZvjM8spR7g8j8IGuocQJTStcBo6xZSE9jk6E7K7xBFSxbgJo-2FOV0KzOXrOrnupKV4-2Fzt1-2BaFCtoVnJ9UXttPbFi2XhKpbbF2kkK5wYS57Ug0uOxU8y-2Bq-2FLxjUZVd1wA8wxxjnKL980S5GnDDmxJy7fmR2&amp;data=05%7C02%7Caa6381%40live.mdx.ac.uk%7Cb06eae5dbcdb42cb940308def2b6d427%7C38e37b88a3a148cf9f056537427fed24%7C0%7C0%7C639215064242096445%7CUnknown%7CTWFpbGZsb3d8eyJFbXB0eU1hcGkiOnRydWUsIlYiOiIwLjAuMDAwMCIsIlAiOiJXaW4zMiIsIkFOIjoiTWFpbCIsIldUIjoyfQ%3D%3D%7C0%7C%7C%7C&amp;sdata=Dwnq9YnmtdWqg9Na29Fs%2B3OB3wrhqKMbp25ghcOKHXQ%3D&amp;reserved=0|http://url8148.mdx.ac.ae/wf/unsubscribe?upn=u001.G5oppK3eC1WFntLY75qU6008sXDEyAqeOxYWQZzjV4trHR13GA1mN0b5rp7AfwsklW4dfsTvRxJJVJLDSGODdX6n-2Fznf6ASTEocecn0phdEzp9NZEX-2FRG0BFSV2mdzoNYMqWyFV4zwMIuUjO-2BofWNDdSzI7Q4hd9bjU5f6hnXvuf6H6Pf4WkeKKqhNyYgx9nkwUv7HTgAoX-2BbOktUikxGS1vjw9-2BJdLKrzCCFfq5BWxIR87TMIA9z66ZKBIGwsqBaLYTsFiRikIDeFM-2FtSCYAD93S0I3BWD1LvQ0Dc8hsMDgx2AvzUQJW88XaIpClGQuToh6bxMOrVOt-2BVQ4r303jCZbo3lnN-2FY-2Ftsb844rh7EM85rGUFrHVkSk2Xr9CBb8dAvXvMCYSn6bCwzauollGBsvN4SaqCJ-2BTVvUr46XIMNwHw-2FjYzcstLflBob847-2FQG6qRvh0s6WzK4x6zrXAQGyzugezylIKGqAl2BKJv9LqdsNmYPENqdyKICDQpnb7V8PuQr8-2Brzo5Up9KXw0SjT-2BQ4WdySu2uEWAKPGdrkY2ObGFP-2FQaxoJ6rf2B2Hl3KFbLoXgmeK-2BoN7-2BpKnSr7QErL6FSIns2h1maFBXdZq7viqbZ9VBHArCTMytFsDu5idZ756K9N7384dGg6kxCqJieyCCQ-2FuVpZQ-2F1NE5M-2BxacXbbHi6e1auR5MPRxhkcv6VkPDp8pUxdutwRVXcZNxjIOPtNxP4uJb4UxByiMfgvVuhGNsss-2FmwA0X7H1KFXcnuq8EhKa9kcj7LPA9-2FL-2B7AhOikSxMkMSg2YY6S6OYRGErfei6JabIDAVRIfySiTJuXtnZJx-2BAwa7xUMhZ0w3-2By79cL6BpQB3pQ431HHUpCcriO2G2bE3kreiQPCY5PPdkp7eUfpuz-2F9VlWKowLvphGguJMTNMCHOUiltetm1BFZvjM8spR7g8j8IGuocQJTStcBo6xZSE9jk6E7K7xBFSxbgJo-2FOV0KzOXrOrnupKV4-2Fzt1-2BaFCtoVnJ9UXttPbFi2XhKpbbF2kkK5wYS57Ug0uOxU8y-2Bq-2FLxjUZVd1wA8wxxjnKL980S5GnDDmxJy7fmR2|http://url8148.mdx.ac.ae/wf/unsubscribe?upn=u001.G5oppK3eC1WFntLY75qU6008sXDEyAqeOxYWQZzjV4trHR13GA1mN0b5rp7AfwsklW4dfsTvRxJJVJLDSGODdX6n-2Fznf6ASTEocecn0phdEzp9NZEX-2FRG0BFSV2mdzoNYMqWyFV4zwMIuUjO-2BofWNDdSzI7Q4hd9bjU5f6hnXvuf6H6Pf4WkeKKqhNyYgx9nkwUv7HTgAoX-2BbOktUikxGS1vjw9-2BJdLKrzCCFfq5BWxIR87TMIA9z66ZKBIGwsqBaLYTsFiRikIDeFM-2FtSCYAD93S0I3BWD1LvQ0Dc8hsMDgx2AvzUQJW88XaIpClGQuToh6bxMOrVOt-2BVQ4r303jCZbo3lnN-2FY-2Ftsb844rh7EM85rGUFrHVkSk2Xr9CBb8dAvXvMCYSn6bCwzauollGBsvN4SaqCJ-2BTVvUr46XIMNwHw-2FjYzcstLflBob847-2FQG6qRvh0s6WzK4x6zrXAQGyzugezylIKGqAl2BKJv9LqdsNmYPENqdyKICDQpnb7V8PuQr8-2Brzo5Up9KXw0SjT-2BQ4WdySu2uEWAKPGdrkY2ObGFP-2FQaxoJ6rf2B2Hl3KFbLoXgmeK-2BoN7-2BpKnSr7QErL6FSIns2h1maFBXdZq7viqbZ9VBHArCTMytFsDu5idZ756K9N7384dGg6kxCqJieyCCQ-2FuVpZQ-2F1NE5M-2BxacXbbHi6e1auR5MPRxhkcv6VkPDp8pUxdutwRVXcZNxjIOPtNxP4uJb4UxByiMfgvVuhGNsss-2FmwA0X7H1KFXcnuq8EhKa9kcj7LPA9-2FL-2B7AhOikSxMkMSg2YY6S6OYRGErfei6JabIDAVRIfySiTJuXtnZJx-2BAwa7xUMhZ0w3-2By79cL6BpQB3pQ431HHUpCcriO2G2bE3kreiQPCY5PPdkp7eUfpuz-2F9VlWKowLvphGguJMTNMCHOUiltetm1BFZvjM8spR7g8j8IGuocQJTStcBo6xZSE9jk6E7K7xBFSxbgJo-2FOV0KzOXrOrnupKV4-2Fzt1-2BaFCtoVnJ9UXttPbFi2XhKpbbF2kkK5wYS57Ug0uOxU8y-2Bq-2FLxjUZVd1wA8wxxjnKL980S5GnDDmxJy7fmR2.,none,none,none,0,0,0.0456,0,0.0228
no-reply@mdx.ac.ae,"Deadline Extended | IEEE Conference 2026 Digi-Health Workshop

Summarise this email","
Hi Amritha,


📢 CALL FOR PAPERS: 
Undergraduate and Postgraduate students are invited to submit their original research, reviews, case studies or technical frameworks in the realm of preventative digital health, connected care, smart diagnostics and healthcare resilience.


The deadline has now been extended, so don't miss out!


DEADLINE: 10 August 2026
Submit Now
The 12th IEEE International Smart Cities Conference: Shaping Sustainable Futures will take place in Porto, Portugal on 27-30 October 2026. 


As part of the conference, the Middlesex University Dubai Digi-Health Lab will be hosting a workshop on Preventative Digital Health in Smart Cities: Connected Care Technologies for Healthier, More Resilient Cities. 


Topics being discussed will include: 
Preventative and Personalised He",https://eur02.safelinks.protection.outlook.com/?url=https%3A%2F%2Furl8303.mdx.ac.ae%2Fls%2Fclick%3Fupn%3Du001.qKO7kt4vmTGNswDJmump2QeSr6eFRqKFWPprrTh-2FdFHF8VJPm5ViAT6zztlF4KbKY6TfvMMk-2BgMwU9nelJ4How-3D-3Dsjf8_-2FnxC0uuWwXVLvv-2FPcJIdQC9bKMk-2F8uXLPNfQ2WOqhE62uDMIO2D3ccNnJNXwTffdNjdEyvnDq7VLTV7VRHmI2bAs8TKD0ZSsp2fCl4TsG1L3T5J2O-2BdkCYZgDkRRMHCCLh-2FzboLHZZpoJIQ6jsR3j1EdtiSVHRsfdCwuGJEOTG50dtGpg1xtfXPO9t8p2BlKJk5DyfE8muunZ80u4AhwyLByRSF5bTPsMLp1h1KtiXBW9aGU4C5Ranp5xAznRns68TuAlR-2FNtj7LjygRnIVWeCkAFn6U1979vZdtuIkki3-2BlMv2jAOTwgDDMAgmYIgqjHTR48nJr6-2BDCBmQ4Ef-2F9JC4lcxcm76rhJdSEfagIrPGzAUbI2rlGx8syrIF9Dp06J35XXwRFwJQKa85BNPZmazSW-2BPdXDQxXseykutS6Ckb82DqAOPfdVUrq6Z1r2u9Y-2BET3to7-2BPfCg995RyDt22pU1KBVUcgNGkYIozHU-2BMFQbmTZtdSq77uqhiLLcp-2BsLbOUa4WiKRUHdoaTmAk2JpTa19pT0mslc7fnxkzPJDue4vo3S8pQGYmHralDeCk-2FhZDCwrPt4xOr6BOjsNSR0Ll7n3UsD2BKrTl4XnxDqlQEASuMXkd0S4oACqs7NNm2rMipQFwa3TMPxMNnVkhB5w9rDezKWRvqG-2FEWDiDJJi2gZtwmcostgXNVVXUkPH1IOr0dgWGH2mBJeHHFXPoT-2B80urdz4FBl8u-2BC9VVz6sP930Bvuwqt7fN4ml7106icMoUFRTSnug1IgAnQWQYoE7N4ltzlS1ryt0IUy7qP1C7AxZTQMFN-2BaLnM0Vvo6jvmptkNbWPAAnETkGPyRAwbyUO2unXmYzC8wgdZPaY5Ywgon5cmE79zQItYJhxEbCn1NiBr4f1MqS10qm-2F9-2FcX0rwOAB-2BePQNXDEln-2BFHXUssL3q3pcSUvlj3VlnA7cGM7c81PBegpqSnHvInYOcZCrcqgSRroOp09JiQrA2fEJ2cUX3PO0whBjcosnZ6YWaAHpVQ&amp;data=05%7C02%7Caa6381%40live.mdx.ac.uk%7C747f463582034f5a28b808deec8f804b%7C38e37b88a3a148cf9f056537427fed24%7C0%7C0%7C639208298275184820%7CUnknown%7CTWFpbGZsb3d8eyJFbXB0eU1hcGkiOnRydWUsIlYiOiIwLjAuMDAwMCIsIlAiOiJXaW4zMiIsIkFOIjoiTWFpbCIsIldUIjoyfQ%3D%3D%7C0%7C%7C%7C&amp;sdata=ArXbVu6j3zrnSKPfzkWxR%2BLFZFU%2B9M3EHA%2BzV3%2B3bTo%3D&amp;reserved=0|https://url8303.mdx.ac.ae/ls/click?upn=u001.qKO7kt4vmTGNswDJmump2QeSr6eFRqKFWPprrTh-2FdFHF8VJPm5ViAT6zztlF4KbKY6TfvMMk-2BgMwU9nelJ4How-3D-3Dsjf8_-2FnxC0uuWwXVLvv-2FPcJIdQC9bKMk-2F8uXLPNfQ2WOqhE62uDMIO2D3ccNnJNXwTffdNjdEyvnDq7VLTV7VRHmI2bAs8TKD0ZSsp2fCl4TsG1L3T5J2O-2BdkCYZgDkRRMHCCLh-2FzboLHZZpoJIQ6jsR3j1EdtiSVHRsfdCwuGJEOTG50dtGpg1xtfXPO9t8p2BlKJk5DyfE8muunZ80u4AhwyLByRSF5bTPsMLp1h1KtiXBW9aGU4C5Ranp5xAznRns68TuAlR-2FNtj7LjygRnIVWeCkAFn6U1979vZdtuIkki3-2BlMv2jAOTwgDDMAgmYIgqjHTR48nJr6-2BDCBmQ4Ef-2F9JC4lcxcm76rhJdSEfagIrPGzAUbI2rlGx8syrIF9Dp06J35XXwRFwJQKa85BNPZmazSW-2BPdXDQxXseykutS6Ckb82DqAOPfdVUrq6Z1r2u9Y-2BET3to7-2BPfCg995RyDt22pU1KBVUcgNGkYIozHU-2BMFQbmTZtdSq77uqhiLLcp-2BsLbOUa4WiKRUHdoaTmAk2JpTa19pT0mslc7fnxkzPJDue4vo3S8pQGYmHralDeCk-2FhZDCwrPt4xOr6BOjsNSR0Ll7n3UsD2BKrTl4XnxDqlQEASuMXkd0S4oACqs7NNm2rMipQFwa3TMPxMNnVkhB5w9rDezKWRvqG-2FEWDiDJJi2gZtwmcostgXNVVXUkPH1IOr0dgWGH2mBJeHHFXPoT-2B80urdz4FBl8u-2BC9VVz6sP930Bvuwqt7fN4ml7106icMoUFRTSnug1IgAnQWQYoE7N4ltzlS1ryt0IUy7qP1C7AxZTQMFN-2BaLnM0Vvo6jvmptkNbWPAAnETkGPyRAwbyUO2unXmYzC8wgdZPaY5Ywgon5cmE79zQItYJhxEbCn1NiBr4f1MqS10qm-2F9-2FcX0rwOAB-2BePQNXDEln-2BFHXUssL3q3pcSUvlj3VlnA7cGM7c81PBegpqSnHvInYOcZCrcqgSRroOp09JiQrA2fEJ2cUX3PO0whBjcosnZ6YWaAHpVQ|https://url8303.mdx.ac.ae/ls/click?upn=u001.qKO7kt4vmTGNswDJmump2QeSr6eFRqKFWPprrTh-2FdFHF8VJPm5ViAT6zztlF4KbKY6TfvMMk-2BgMwU9nelJ4How-3D-3Dsjf8_-2FnxC0uuWwXVLvv-2FPcJIdQC9bKMk-2F8uXLPNfQ2WOqhE62uDMIO2D3ccNnJNXwTffdNjdEyvnDq7VLTV7VRHmI2bAs8TKD0ZSsp2fCl4TsG1L3T5J2O-2BdkCYZgDkRRMHCCLh-2FzboLHZZpoJIQ6jsR3j1EdtiSVHRsfdCwuGJEOTG50dtGpg1xtfXPO9t8p2BlKJk5DyfE8muunZ80u4AhwyLByRSF5bTPsMLp1h1KtiXBW9aGU4C5Ranp5xAznRns68TuAlR-2FNtj7LjygRnIVWeCkAFn6U1979vZdtuIkki3-2BlMv2jAOTwgDDMAgmYIgqjHTR48nJr6-2BDCBmQ4Ef-2F9JC4lcxcm76rhJdSEfagIrPGzAUbI2rlGx8syrIF9Dp06J35XXwRFwJQKa85BNPZmazSW-2BPdXDQxXseykutS6Ckb82DqAOPfdVUrq6Z1r2u9Y-2BET3to7-2BPfCg995RyDt22pU1KBVUcgNGkYIozHU-2BMFQbmTZtdSq77uqhiLLcp-2BsLbOUa4WiKRUHdoaTmAk2JpTa19pT0mslc7fnxkzPJDue4vo3S8pQGYmHralDeCk-2FhZDCwrPt4xOr6BOjsNSR0Ll7n3UsD2BKrTl4XnxDqlQEASuMXkd0S4oACqs7NNm2rMipQFwa3TMPxMNnVkhB5w9rDezKWRvqG-2FEWDiDJJi2gZtwmcostgXNVVXUkPH1IOr0dgWGH2mBJeHHFXPoT-2B80urdz4FBl8u-2BC9VVz6sP930Bvuwqt7fN4ml7106icMoUFRTSnug1IgAnQWQYoE7N4ltzlS1ryt0IUy7qP1C7AxZTQMFN-2BaLnM0Vvo6jvmptkNbWPAAnETkGPyRAwbyUO2unXmYzC8wgdZPaY5Ywgon5cmE79zQItYJhxEbCn1NiBr4f1MqS10qm-2F9-2FcX0rwOAB-2BePQNXDEln-2BFHXUssL3q3pcSUvlj3VlnA7cGM7c81PBegpqSnHvInYOcZCrcqgSRroOp09JiQrA2fEJ2cUX3PO0whBjcosnZ6YWaAHpVQ.|https://eur02.safelinks.protection.outlook.com/?url=https%3A%2F%2Furl8303.mdx.ac.ae%2Fls%2Fclick%3Fupn%3Du001.qKO7kt4vmTGNswDJmump2QeSr6eFRqKFWPprrTh-2FdFFRf9SP395zRldcD-2FyjknpSFDai5vhFmUH52MjSE2Kv-2Bw-3D-3DrH8F_-2FnxC0uuWwXVLvv-2FPcJIdQC9bKMk-2F8uXLPNfQ2WOqhE62uDMIO2D3ccNnJNXwTffdNjdEyvnDq7VLTV7VRHmI2bAs8TKD0ZSsp2fCl4TsG1L3T5J2O-2BdkCYZgDkRRMHCCLh-2FzboLHZZpoJIQ6jsR3j1EdtiSVHRsfdCwuGJEOTG50dtGpg1xtfXPO9t8p2BlKJk5DyfE8muunZ80u4AhwyLByRSF5bTPsMLp1h1KtiXBW9aGU4C5Ranp5xAznRns68TuAlR-2FNtj7LjygRnIVWeCkAFn6U1979vZdtuIkki3-2BlMv2jAOTwgDDMAgmYIgqjHTR48nJr6-2BDCBmQ4Ef-2F9JC4lcxcm76rhJdSEfagIrPGzAUbI2rlGx8syrIF9Dp06J35XXwRFwJQKa85BNPZmazSW-2BPdXDQxXseykutS6Ckb82DqAOPfdVUrq6Z1r2u9Y-2BET3to7-2BPfCg995RyDt22pU1KBVUcgNGkYIozHU-2BMFQbmTZtdSq77uqhiLLcp-2BsLbOUa4WiKRUHdoaTmAk2JpTa19pT0mslc7fnxkzPJDue4vo3S8pQGYmHralDeCk-2FhZDCwrPt4xOr6BOjsNSR0Ll7n3UsD2BKrTl4XnxDqlQEASuMXkd0S4oACqs7NNm2rMipQFwa3TMPxMNnVkhB5w9rDezKWRvqG-2FEWDiDJJi2gZtwmcostgXNVVXUkPH1IOr0dgWGH2mBJeHHFXPoT-2B80urdz4FBl8u-2BC9VVz6sP930Bvuwqt7fN4ml7106icMoUFRTSnug1IgAnQWQYoE7N4ltzlS1ryt0IUy7qP1C7AxZTQMFN-2BaLnM0Vvo6jvmptkNbWPAAnETkGPyRAwbyUO2unXmYzC8wgdZPaY5YwgoktU6CBF7uH7pp-2FOj7rmpKFngDlO8e6dWsGegMki7sdIFmYByh3sNlKyXuZrjIi5okOQ6eRySA0cmI0nnXgD4VAga6tgDhzdTuWkvv-2F9cOmZuTfD4n3xgR-2BlOcQ-2FdkSg4fh-2BsjleZ-2Bpm9QZOCWCFoGK&amp;data=05%7C02%7Caa6381%40live.mdx.ac.uk%7C747f463582034f5a28b808deec8f804b%7C38e37b88a3a148cf9f056537427fed24%7C0%7C0%7C639208298275248950%7CUnknown%7CTWFpbGZsb3d8eyJFbXB0eU1hcGkiOnRydWUsIlYiOiIwLjAuMDAwMCIsIlAiOiJXaW4zMiIsIkFOIjoiTWFpbCIsIldUIjoyfQ%3D%3D%7C0%7C%7C%7C&amp;sdata=QMY1hqu2eLCSTH4V%2BSjiugIroyFAMJUQXBI60oKOFRA%3D&amp;reserved=0|https://url8303.mdx.ac.ae/ls/click?upn=u001.qKO7kt4vmTGNswDJmump2QeSr6eFRqKFWPprrTh-2FdFFRf9SP395zRldcD-2FyjknpSFDai5vhFmUH52MjSE2Kv-2Bw-3D-3DrH8F_-2FnxC0uuWwXVLvv-2FPcJIdQC9bKMk-2F8uXLPNfQ2WOqhE62uDMIO2D3ccNnJNXwTffdNjdEyvnDq7VLTV7VRHmI2bAs8TKD0ZSsp2fCl4TsG1L3T5J2O-2BdkCYZgDkRRMHCCLh-2FzboLHZZpoJIQ6jsR3j1EdtiSVHRsfdCwuGJEOTG50dtGpg1xtfXPO9t8p2BlKJk5DyfE8muunZ80u4AhwyLByRSF5bTPsMLp1h1KtiXBW9aGU4C5Ranp5xAznRns68TuAlR-2FNtj7LjygRnIVWeCkAFn6U1979vZdtuIkki3-2BlMv2jAOTwgDDMAgmYIgqjHTR48nJr6-2BDCBmQ4Ef-2F9JC4lcxcm76rhJdSEfagIrPGzAUbI2rlGx8syrIF9Dp06J35XXwRFwJQKa85BNPZmazSW-2BPdXDQxXseykutS6Ckb82DqAOPfdVUrq6Z1r2u9Y-2BET3to7-2BPfCg995RyDt22pU1KBVUcgNGkYIozHU-2BMFQbmTZtdSq77uqhiLLcp-2BsLbOUa4WiKRUHdoaTmAk2JpTa19pT0mslc7fnxkzPJDue4vo3S8pQGYmHralDeCk-2FhZDCwrPt4xOr6BOjsNSR0Ll7n3UsD2BKrTl4XnxDqlQEASuMXkd0S4oACqs7NNm2rMipQFwa3TMPxMNnVkhB5w9rDezKWRvqG-2FEWDiDJJi2gZtwmcostgXNVVXUkPH1IOr0dgWGH2mBJeHHFXPoT-2B80urdz4FBl8u-2BC9VVz6sP930Bvuwqt7fN4ml7106icMoUFRTSnug1IgAnQWQYoE7N4ltzlS1ryt0IUy7qP1C7AxZTQMFN-2BaLnM0Vvo6jvmptkNbWPAAnETkGPyRAwbyUO2unXmYzC8wgdZPaY5YwgoktU6CBF7uH7pp-2FOj7rmpKFngDlO8e6dWsGegMki7sdIFmYByh3sNlKyXuZrjIi5okOQ6eRySA0cmI0nnXgD4VAga6tgDhzdTuWkvv-2F9cOmZuTfD4n3xgR-2BlOcQ-2FdkSg4fh-2BsjleZ-2Bpm9QZOCWCFoGK|https://url8303.mdx.ac.ae/ls/click?upn=u001.qKO7kt4vmTGNswDJmump2QeSr6eFRqKFWPprrTh-2FdFFRf9SP395zRldcD-2FyjknpSFDai5vhFmUH52MjSE2Kv-2Bw-3D-3DrH8F_-2FnxC0uuWwXVLvv-2FPcJIdQC9bKMk-2F8uXLPNfQ2WOqhE62uDMIO2D3ccNnJNXwTffdNjdEyvnDq7VLTV7VRHmI2bAs8TKD0ZSsp2fCl4TsG1L3T5J2O-2BdkCYZgDkRRMHCCLh-2FzboLHZZpoJIQ6jsR3j1EdtiSVHRsfdCwuGJEOTG50dtGpg1xtfXPO9t8p2BlKJk5DyfE8muunZ80u4AhwyLByRSF5bTPsMLp1h1KtiXBW9aGU4C5Ranp5xAznRns68TuAlR-2FNtj7LjygRnIVWeCkAFn6U1979vZdtuIkki3-2BlMv2jAOTwgDDMAgmYIgqjHTR48nJr6-2BDCBmQ4Ef-2F9JC4lcxcm76rhJdSEfagIrPGzAUbI2rlGx8syrIF9Dp06J35XXwRFwJQKa85BNPZmazSW-2BPdXDQxXseykutS6Ckb82DqAOPfdVUrq6Z1r2u9Y-2BET3to7-2BPfCg995RyDt22pU1KBVUcgNGkYIozHU-2BMFQbmTZtdSq77uqhiLLcp-2BsLbOUa4WiKRUHdoaTmAk2JpTa19pT0mslc7fnxkzPJDue4vo3S8pQGYmHralDeCk-2FhZDCwrPt4xOr6BOjsNSR0Ll7n3UsD2BKrTl4XnxDqlQEASuMXkd0S4oACqs7NNm2rMipQFwa3TMPxMNnVkhB5w9rDezKWRvqG-2FEWDiDJJi2gZtwmcostgXNVVXUkPH1IOr0dgWGH2mBJeHHFXPoT-2B80urdz4FBl8u-2BC9VVz6sP930Bvuwqt7fN4ml7106icMoUFRTSnug1IgAnQWQYoE7N4ltzlS1ryt0IUy7qP1C7AxZTQMFN-2BaLnM0Vvo6jvmptkNbWPAAnETkGPyRAwbyUO2unXmYzC8wgdZPaY5YwgoktU6CBF7uH7pp-2FOj7rmpKFngDlO8e6dWsGegMki7sdIFmYByh3sNlKyXuZrjIi5okOQ6eRySA0cmI0nnXgD4VAga6tgDhzdTuWkvv-2F9cOmZuTfD4n3xgR-2BlOcQ-2FdkSg4fh-2BsjleZ-2Bpm9QZOCWCFoGK.|https://eur02.safelinks.protection.outlook.com/?url=https%3A%2F%2Furl8303.mdx.ac.ae%2Fls%2Fclick%3Fupn%3Du001.qKO7kt4vmTGNswDJmump2QeSr6eFRqKFWPprrTh-2FdFHF8VJPm5ViAT6zztlF4KbKY6TfvMMk-2BgMwU9nelJ4How-3D-3DOYfp_-2FnxC0uuWwXVLvv-2FPcJIdQC9bKMk-2F8uXLPNfQ2WOqhE62uDMIO2D3ccNnJNXwTffdNjdEyvnDq7VLTV7VRHmI2bAs8TKD0ZSsp2fCl4TsG1L3T5J2O-2BdkCYZgDkRRMHCCLh-2FzboLHZZpoJIQ6jsR3j1EdtiSVHRsfdCwuGJEOTG50dtGpg1xtfXPO9t8p2BlKJk5DyfE8muunZ80u4AhwyLByRSF5bTPsMLp1h1KtiXBW9aGU4C5Ranp5xAznRns68TuAlR-2FNtj7LjygRnIVWeCkAFn6U1979vZdtuIkki3-2BlMv2jAOTwgDDMAgmYIgqjHTR48nJr6-2BDCBmQ4Ef-2F9JC4lcxcm76rhJdSEfagIrPGzAUbI2rlGx8syrIF9Dp06J35XXwRFwJQKa85BNPZmazSW-2BPdXDQxXseykutS6Ckb82DqAOPfdVUrq6Z1r2u9Y-2BET3to7-2BPfCg995RyDt22pU1KBVUcgNGkYIozHU-2BMFQbmTZtdSq77uqhiLLcp-2BsLbOUa4WiKRUHdoaTmAk2JpTa19pT0mslc7fnxkzPJDue4vo3S8pQGYmHralDeCk-2FhZDCwrPt4xOr6BOjsNSR0Ll7n3UsD2BKrTl4XnxDqlQEASuMXkd0S4oACqs7NNm2rMipQFwa3TMPxMNnVkhB5w9rDezKWRvqG-2FEWDiDJJi2gZtwmcostgXNVVXUkPH1IOr0dgWGH2mBJeHHFXPoT-2B80urdz4FBl8u-2BC9VVz6sP930Bvuwqt7fN4ml7106icMoUFRTSnug1IgAnQWQYoE7N4ltzlS1ryt0IUy7qP1C7AxZTQMFN-2BaLnM0Vvo6jvmptkNbWPAAnETkGPyRAwbyUO2unXmYzC8wgdZPaY5YwgoncDjuwQE00AN9554-2FMl-2BfEc3ZqcHbZFFhEA49uEwUHHIfz5Xfjcup0rVVToKF-2BIUKy2-2BrWsilQVAg7Iz2VyDmywS64Qi-2F9cf1tDOBkghQinOxlcwHMNvWhqOCaaPf9XHufICczrWGU4xHj6QaneaqZ&amp;data=05%7C02%7Caa6381%40live.mdx.ac.uk%7C747f463582034f5a28b808deec8f804b%7C38e37b88a3a148cf9f056537427fed24%7C0%7C0%7C639208298275310591%7CUnknown%7CTWFpbGZsb3d8eyJFbXB0eU1hcGkiOnRydWUsIlYiOiIwLjAuMDAwMCIsIlAiOiJXaW4zMiIsIkFOIjoiTWFpbCIsIldUIjoyfQ%3D%3D%7C0%7C%7C%7C&amp;sdata=yCAEWlieq%2B3%2BRs7eKRJHdd1jy%2Bocu2KfTzFPsMEqQJM%3D&amp;reserved=0|https://url8303.mdx.ac.ae/ls/click?upn=u001.qKO7kt4vmTGNswDJmump2QeSr6eFRqKFWPprrTh-2FdFHF8VJPm5ViAT6zztlF4KbKY6TfvMMk-2BgMwU9nelJ4How-3D-3DOYfp_-2FnxC0uuWwXVLvv-2FPcJIdQC9bKMk-2F8uXLPNfQ2WOqhE62uDMIO2D3ccNnJNXwTffdNjdEyvnDq7VLTV7VRHmI2bAs8TKD0ZSsp2fCl4TsG1L3T5J2O-2BdkCYZgDkRRMHCCLh-2FzboLHZZpoJIQ6jsR3j1EdtiSVHRsfdCwuGJEOTG50dtGpg1xtfXPO9t8p2BlKJk5DyfE8muunZ80u4AhwyLByRSF5bTPsMLp1h1KtiXBW9aGU4C5Ranp5xAznRns68TuAlR-2FNtj7LjygRnIVWeCkAFn6U1979vZdtuIkki3-2BlMv2jAOTwgDDMAgmYIgqjHTR48nJr6-2BDCBmQ4Ef-2F9JC4lcxcm76rhJdSEfagIrPGzAUbI2rlGx8syrIF9Dp06J35XXwRFwJQKa85BNPZmazSW-2BPdXDQxXseykutS6Ckb82DqAOPfdVUrq6Z1r2u9Y-2BET3to7-2BPfCg995RyDt22pU1KBVUcgNGkYIozHU-2BMFQbmTZtdSq77uqhiLLcp-2BsLbOUa4WiKRUHdoaTmAk2JpTa19pT0mslc7fnxkzPJDue4vo3S8pQGYmHralDeCk-2FhZDCwrPt4xOr6BOjsNSR0Ll7n3UsD2BKrTl4XnxDqlQEASuMXkd0S4oACqs7NNm2rMipQFwa3TMPxMNnVkhB5w9rDezKWRvqG-2FEWDiDJJi2gZtwmcostgXNVVXUkPH1IOr0dgWGH2mBJeHHFXPoT-2B80urdz4FBl8u-2BC9VVz6sP930Bvuwqt7fN4ml7106icMoUFRTSnug1IgAnQWQYoE7N4ltzlS1ryt0IUy7qP1C7AxZTQMFN-2BaLnM0Vvo6jvmptkNbWPAAnETkGPyRAwbyUO2unXmYzC8wgdZPaY5YwgoncDjuwQE00AN9554-2FMl-2BfEc3ZqcHbZFFhEA49uEwUHHIfz5Xfjcup0rVVToKF-2BIUKy2-2BrWsilQVAg7Iz2VyDmywS64Qi-2F9cf1tDOBkghQinOxlcwHMNvWhqOCaaPf9XHufICczrWGU4xHj6QaneaqZ|https://url8303.mdx.ac.ae/ls/click?upn=u001.qKO7kt4vmTGNswDJmump2QeSr6eFRqKFWPprrTh-2FdFHF8VJPm5ViAT6zztlF4KbKY6TfvMMk-2BgMwU9nelJ4How-3D-3DOYfp_-2FnxC0uuWwXVLvv-2FPcJIdQC9bKMk-2F8uXLPNfQ2WOqhE62uDMIO2D3ccNnJNXwTffdNjdEyvnDq7VLTV7VRHmI2bAs8TKD0ZSsp2fCl4TsG1L3T5J2O-2BdkCYZgDkRRMHCCLh-2FzboLHZZpoJIQ6jsR3j1EdtiSVHRsfdCwuGJEOTG50dtGpg1xtfXPO9t8p2BlKJk5DyfE8muunZ80u4AhwyLByRSF5bTPsMLp1h1KtiXBW9aGU4C5Ranp5xAznRns68TuAlR-2FNtj7LjygRnIVWeCkAFn6U1979vZdtuIkki3-2BlMv2jAOTwgDDMAgmYIgqjHTR48nJr6-2BDCBmQ4Ef-2F9JC4lcxcm76rhJdSEfagIrPGzAUbI2rlGx8syrIF9Dp06J35XXwRFwJQKa85BNPZmazSW-2BPdXDQxXseykutS6Ckb82DqAOPfdVUrq6Z1r2u9Y-2BET3to7-2BPfCg995RyDt22pU1KBVUcgNGkYIozHU-2BMFQbmTZtdSq77uqhiLLcp-2BsLbOUa4WiKRUHdoaTmAk2JpTa19pT0mslc7fnxkzPJDue4vo3S8pQGYmHralDeCk-2FhZDCwrPt4xOr6BOjsNSR0Ll7n3UsD2BKrTl4XnxDqlQEASuMXkd0S4oACqs7NNm2rMipQFwa3TMPxMNnVkhB5w9rDezKWRvqG-2FEWDiDJJi2gZtwmcostgXNVVXUkPH1IOr0dgWGH2mBJeHHFXPoT-2B80urdz4FBl8u-2BC9VVz6sP930Bvuwqt7fN4ml7106icMoUFRTSnug1IgAnQWQYoE7N4ltzlS1ryt0IUy7qP1C7AxZTQMFN-2BaLnM0Vvo6jvmptkNbWPAAnETkGPyRAwbyUO2unXmYzC8wgdZPaY5YwgoncDjuwQE00AN9554-2FMl-2BfEc3ZqcHbZFFhEA49uEwUHHIfz5Xfjcup0rVVToKF-2BIUKy2-2BrWsilQVAg7Iz2VyDmywS64Qi-2F9cf1tDOBkghQinOxlcwHMNvWhqOCaaPf9XHufICczrWGU4xHj6QaneaqZ.|https://eur02.safelinks.protection.outlook.com/?url=https%3A%2F%2Furl8303.mdx.ac.ae%2Fls%2Fclick%3Fupn%3Du001.qKO7kt4vmTGNswDJmump2fh-2BeZ-2F6zb8vRHYIwIAJ5uUHwMxG5KS6iMrYHQ32jxScFd-2FRC9FhMba5YQ8ztd8m3d-2FwQSAzrSccjSrGWCTlAm2rF76rAZXmY9dwjhQXcVXGAWBWmb3WeSn6BRQsEFS5eQ-3D-3DQ_OU_-2FnxC0uuWwXVLvv-2FPcJIdQC9bKMk-2F8uXLPNfQ2WOqhE62uDMIO2D3ccNnJNXwTffdNjdEyvnDq7VLTV7VRHmI2bAs8TKD0ZSsp2fCl4TsG1L3T5J2O-2BdkCYZgDkRRMHCCLh-2FzboLHZZpoJIQ6jsR3j1EdtiSVHRsfdCwuGJEOTG50dtGpg1xtfXPO9t8p2BlKJk5DyfE8muunZ80u4AhwyLByRSF5bTPsMLp1h1KtiXBW9aGU4C5Ranp5xAznRns68TuAlR-2FNtj7LjygRnIVWeCkAFn6U1979vZdtuIkki3-2BlMv2jAOTwgDDMAgmYIgqjHTR48nJr6-2BDCBmQ4Ef-2F9JC4lcxcm76rhJdSEfagIrPGzAUbI2rlGx8syrIF9Dp06J35XXwRFwJQKa85BNPZmazSW-2BPdXDQxXseykutS6Ckb82DqAOPfdVUrq6Z1r2u9Y-2BET3to7-2BPfCg995RyDt22pU1KBVUcgNGkYIozHU-2BMFQbmTZtdSq77uqhiLLcp-2BsLbOUa4WiKRUHdoaTmAk2JpTa19pT0mslc7fnxkzPJDue4vo3S8pQGYmHralDeCk-2FhZDCwrPt4xOr6BOjsNSR0Ll7n3UsD2BKrTl4XnxDqlQEASuMXkd0S4oACqs7NNm2rMipQFwa3TMPxMNnVkhB5w9rDezKWRvqG-2FEWDiDJJi2gZtwmcostgXNVVXUkPH1IOr0dgWGH2mBJeHHFXPoT-2B80urdz4FBl8u-2BC9VVz6sP930Bvuwqt7fN4ml7106icMoUFRTSnug1IgAnQWQYoE7N4ltzlS1ryt0IUy7qP1C7AxZTQMFN-2BaLnM0Vvo6jvmptkNbWPAAnETkGPyRAwbyUO2unXmYzC8wgdZPaY5YwgomvB0dNDek-2F-2FdT6q-2FFaOvtQ17bDuDptM5luCT2EK0KRuS-2BZuiCEbPgc4SPnpXLaGOMMLwQxWpP6FGx6AkW5msAr7jt4krAvE1yTW-2BxraulrFo-2FGo-2B-2FkJ8xia0uSjelzsut6jb42-2B8kMi36L50MQGRmq&amp;data=05%7C02%7Caa6381%40live.mdx.ac.uk%7C747f463582034f5a28b808deec8f804b%7C38e37b88a3a148cf9f056537427fed24%7C0%7C0%7C639208298275374572%7CUnknown%7CTWFpbGZsb3d8eyJFbXB0eU1hcGkiOnRydWUsIlYiOiIwLjAuMDAwMCIsIlAiOiJXaW4zMiIsIkFOIjoiTWFpbCIsIldUIjoyfQ%3D%3D%7C0%7C%7C%7C&amp;sdata=hvaU3kruVMxYp5gFsb0TszgGCq6VSj5b6kxs1gK3sIc%3D&amp;reserved=0|https://url8303.mdx.ac.ae/ls/click?upn=u001.qKO7kt4vmTGNswDJmump2fh-2BeZ-2F6zb8vRHYIwIAJ5uUHwMxG5KS6iMrYHQ32jxScFd-2FRC9FhMba5YQ8ztd8m3d-2FwQSAzrSccjSrGWCTlAm2rF76rAZXmY9dwjhQXcVXGAWBWmb3WeSn6BRQsEFS5eQ-3D-3DQ_OU_-2FnxC0uuWwXVLvv-2FPcJIdQC9bKMk-2F8uXLPNfQ2WOqhE62uDMIO2D3ccNnJNXwTffdNjdEyvnDq7VLTV7VRHmI2bAs8TKD0ZSsp2fCl4TsG1L3T5J2O-2BdkCYZgDkRRMHCCLh-2FzboLHZZpoJIQ6jsR3j1EdtiSVHRsfdCwuGJEOTG50dtGpg1xtfXPO9t8p2BlKJk5DyfE8muunZ80u4AhwyLByRSF5bTPsMLp1h1KtiXBW9aGU4C5Ranp5xAznRns68TuAlR-2FNtj7LjygRnIVWeCkAFn6U1979vZdtuIkki3-2BlMv2jAOTwgDDMAgmYIgqjHTR48nJr6-2BDCBmQ4Ef-2F9JC4lcxcm76rhJdSEfagIrPGzAUbI2rlGx8syrIF9Dp06J35XXwRFwJQKa85BNPZmazSW-2BPdXDQxXseykutS6Ckb82DqAOPfdVUrq6Z1r2u9Y-2BET3to7-2BPfCg995RyDt22pU1KBVUcgNGkYIozHU-2BMFQbmTZtdSq77uqhiLLcp-2BsLbOUa4WiKRUHdoaTmAk2JpTa19pT0mslc7fnxkzPJDue4vo3S8pQGYmHralDeCk-2FhZDCwrPt4xOr6BOjsNSR0Ll7n3UsD2BKrTl4XnxDqlQEASuMXkd0S4oACqs7NNm2rMipQFwa3TMPxMNnVkhB5w9rDezKWRvqG-2FEWDiDJJi2gZtwmcostgXNVVXUkPH1IOr0dgWGH2mBJeHHFXPoT-2B80urdz4FBl8u-2BC9VVz6sP930Bvuwqt7fN4ml7106icMoUFRTSnug1IgAnQWQYoE7N4ltzlS1ryt0IUy7qP1C7AxZTQMFN-2BaLnM0Vvo6jvmptkNbWPAAnETkGPyRAwbyUO2unXmYzC8wgdZPaY5YwgomvB0dNDek-2F-2FdT6q-2FFaOvtQ17bDuDptM5luCT2EK0KRuS-2BZuiCEbPgc4SPnpXLaGOMMLwQxWpP6FGx6AkW5msAr7jt4krAvE1yTW-2BxraulrFo-2FGo-2B-2FkJ8xia0uSjelzsut6jb42-2B8kMi36L50MQGRmq|https://url8303.mdx.ac.ae/ls/click?upn=u001.qKO7kt4vmTGNswDJmump2fh-2BeZ-2F6zb8vRHYIwIAJ5uUHwMxG5KS6iMrYHQ32jxScFd-2FRC9FhMba5YQ8ztd8m3d-2FwQSAzrSccjSrGWCTlAm2rF76rAZXmY9dwjhQXcVXGAWBWmb3WeSn6BRQsEFS5eQ-3D-3DQ_OU_-2FnxC0uuWwXVLvv-2FPcJIdQC9bKMk-2F8uXLPNfQ2WOqhE62uDMIO2D3ccNnJNXwTffdNjdEyvnDq7VLTV7VRHmI2bAs8TKD0ZSsp2fCl4TsG1L3T5J2O-2BdkCYZgDkRRMHCCLh-2FzboLHZZpoJIQ6jsR3j1EdtiSVHRsfdCwuGJEOTG50dtGpg1xtfXPO9t8p2BlKJk5DyfE8muunZ80u4AhwyLByRSF5bTPsMLp1h1KtiXBW9aGU4C5Ranp5xAznRns68TuAlR-2FNtj7LjygRnIVWeCkAFn6U1979vZdtuIkki3-2BlMv2jAOTwgDDMAgmYIgqjHTR48nJr6-2BDCBmQ4Ef-2F9JC4lcxcm76rhJdSEfagIrPGzAUbI2rlGx8syrIF9Dp06J35XXwRFwJQKa85BNPZmazSW-2BPdXDQxXseykutS6Ckb82DqAOPfdVUrq6Z1r2u9Y-2BET3to7-2BPfCg995RyDt22pU1KBVUcgNGkYIozHU-2BMFQbmTZtdSq77uqhiLLcp-2BsLbOUa4WiKRUHdoaTmAk2JpTa19pT0mslc7fnxkzPJDue4vo3S8pQGYmHralDeCk-2FhZDCwrPt4xOr6BOjsNSR0Ll7n3UsD2BKrTl4XnxDqlQEASuMXkd0S4oACqs7NNm2rMipQFwa3TMPxMNnVkhB5w9rDezKWRvqG-2FEWDiDJJi2gZtwmcostgXNVVXUkPH1IOr0dgWGH2mBJeHHFXPoT-2B80urdz4FBl8u-2BC9VVz6sP930Bvuwqt7fN4ml7106icMoUFRTSnug1IgAnQWQYoE7N4ltzlS1ryt0IUy7qP1C7AxZTQMFN-2BaLnM0Vvo6jvmptkNbWPAAnETkGPyRAwbyUO2unXmYzC8wgdZPaY5YwgomvB0dNDek-2F-2FdT6q-2FFaOvtQ17bDuDptM5luCT2EK0KRuS-2BZuiCEbPgc4SPnpXLaGOMMLwQxWpP6FGx6AkW5msAr7jt4krAvE1yTW-2BxraulrFo-2FGo-2B-2FkJ8xia0uSjelzsut6jb42-2B8kMi36L50MQGRmq.|https://eur02.safelinks.protection.outlook.com/?url=https%3A%2F%2Furl8303.mdx.ac.ae%2Fls%2Fclick%3Fupn%3Du001.qKO7kt4vmTGNswDJmump2TS0qLj6btDp4SYw8mKyxZzwduqLixVV2FgdY-2B9T8TdwjScNYmlNga5-2FHOhtz-2Bghvg-3D-3DQlia_-2FnxC0uuWwXVLvv-2FPcJIdQC9bKMk-2F8uXLPNfQ2WOqhE62uDMIO2D3ccNnJNXwTffdNjdEyvnDq7VLTV7VRHmI2bAs8TKD0ZSsp2fCl4TsG1L3T5J2O-2BdkCYZgDkRRMHCCLh-2FzboLHZZpoJIQ6jsR3j1EdtiSVHRsfdCwuGJEOTG50dtGpg1xtfXPO9t8p2BlKJk5DyfE8muunZ80u4AhwyLByRSF5bTPsMLp1h1KtiXBW9aGU4C5Ranp5xAznRns68TuAlR-2FNtj7LjygRnIVWeCkAFn6U1979vZdtuIkki3-2BlMv2jAOTwgDDMAgmYIgqjHTR48nJr6-2BDCBmQ4Ef-2F9JC4lcxcm76rhJdSEfagIrPGzAUbI2rlGx8syrIF9Dp06J35XXwRFwJQKa85BNPZmazSW-2BPdXDQxXseykutS6Ckb82DqAOPfdVUrq6Z1r2u9Y-2BET3to7-2BPfCg995RyDt22pU1KBVUcgNGkYIozHU-2BMFQbmTZtdSq77uqhiLLcp-2BsLbOUa4WiKRUHdoaTmAk2JpTa19pT0mslc7fnxkzPJDue4vo3S8pQGYmHralDeCk-2FhZDCwrPt4xOr6BOjsNSR0Ll7n3UsD2BKrTl4XnxDqlQEASuMXkd0S4oACqs7NNm2rMipQFwa3TMPxMNnVkhB5w9rDezKWRvqG-2FEWDiDJJi2gZtwmcostgXNVVXUkPH1IOr0dgWGH2mBJeHHFXPoT-2B80urdz4FBl8u-2BC9VVz6sP930Bvuwqt7fN4ml7106icMoUFRTSnug1IgAnQWQYoE7N4ltzlS1ryt0IUy7qP1C7AxZTQMFN-2BaLnM0Vvo6jvmptkNbWPAAnETkGPyRAwbyUO2unXmYzC8wgdZPaY5YwgomKOKZRwa9Du1EjycSn29tjHttiWK4k0rn2yL0p8y6MZC9bwlTNPhPM0ZzJFSsk-2Bl85vUUj58pEWufoKcQcaH-2F5KfrwZ0pRG3CHDq7p99WD68Np6yMDGoUp16GNOi8n5qdCvGg64SaTXCLtTs94DlBE&amp;data=05%7C02%7Caa6381%40live.mdx.ac.uk%7C747f463582034f5a28b808deec8f804b%7C38e37b88a3a148cf9f056537427fed24%7C0%7C0%7C639208298275437894%7CUnknown%7CTWFpbGZsb3d8eyJFbXB0eU1hcGkiOnRydWUsIlYiOiIwLjAuMDAwMCIsIlAiOiJXaW4zMiIsIkFOIjoiTWFpbCIsIldUIjoyfQ%3D%3D%7C0%7C%7C%7C&amp;sdata=1mqDOFkTLnfvklWoZp%2B%2B43aSR76iHSQOsJiGvz%2Bk0Qc%3D&amp;reserved=0|https://url8303.mdx.ac.ae/ls/click?upn=u001.qKO7kt4vmTGNswDJmump2TS0qLj6btDp4SYw8mKyxZzwduqLixVV2FgdY-2B9T8TdwjScNYmlNga5-2FHOhtz-2Bghvg-3D-3DQlia_-2FnxC0uuWwXVLvv-2FPcJIdQC9bKMk-2F8uXLPNfQ2WOqhE62uDMIO2D3ccNnJNXwTffdNjdEyvnDq7VLTV7VRHmI2bAs8TKD0ZSsp2fCl4TsG1L3T5J2O-2BdkCYZgDkRRMHCCLh-2FzboLHZZpoJIQ6jsR3j1EdtiSVHRsfdCwuGJEOTG50dtGpg1xtfXPO9t8p2BlKJk5DyfE8muunZ80u4AhwyLByRSF5bTPsMLp1h1KtiXBW9aGU4C5Ranp5xAznRns68TuAlR-2FNtj7LjygRnIVWeCkAFn6U1979vZdtuIkki3-2BlMv2jAOTwgDDMAgmYIgqjHTR48nJr6-2BDCBmQ4Ef-2F9JC4lcxcm76rhJdSEfagIrPGzAUbI2rlGx8syrIF9Dp06J35XXwRFwJQKa85BNPZmazSW-2BPdXDQxXseykutS6Ckb82DqAOPfdVUrq6Z1r2u9Y-2BET3to7-2BPfCg995RyDt22pU1KBVUcgNGkYIozHU-2BMFQbmTZtdSq77uqhiLLcp-2BsLbOUa4WiKRUHdoaTmAk2JpTa19pT0mslc7fnxkzPJDue4vo3S8pQGYmHralDeCk-2FhZDCwrPt4xOr6BOjsNSR0Ll7n3UsD2BKrTl4XnxDqlQEASuMXkd0S4oACqs7NNm2rMipQFwa3TMPxMNnVkhB5w9rDezKWRvqG-2FEWDiDJJi2gZtwmcostgXNVVXUkPH1IOr0dgWGH2mBJeHHFXPoT-2B80urdz4FBl8u-2BC9VVz6sP930Bvuwqt7fN4ml7106icMoUFRTSnug1IgAnQWQYoE7N4ltzlS1ryt0IUy7qP1C7AxZTQMFN-2BaLnM0Vvo6jvmptkNbWPAAnETkGPyRAwbyUO2unXmYzC8wgdZPaY5YwgomKOKZRwa9Du1EjycSn29tjHttiWK4k0rn2yL0p8y6MZC9bwlTNPhPM0ZzJFSsk-2Bl85vUUj58pEWufoKcQcaH-2F5KfrwZ0pRG3CHDq7p99WD68Np6yMDGoUp16GNOi8n5qdCvGg64SaTXCLtTs94DlBE|https://url8303.mdx.ac.ae/ls/click?upn=u001.qKO7kt4vmTGNswDJmump2TS0qLj6btDp4SYw8mKyxZzwduqLixVV2FgdY-2B9T8TdwjScNYmlNga5-2FHOhtz-2Bghvg-3D-3DQlia_-2FnxC0uuWwXVLvv-2FPcJIdQC9bKMk-2F8uXLPNfQ2WOqhE62uDMIO2D3ccNnJNXwTffdNjdEyvnDq7VLTV7VRHmI2bAs8TKD0ZSsp2fCl4TsG1L3T5J2O-2BdkCYZgDkRRMHCCLh-2FzboLHZZpoJIQ6jsR3j1EdtiSVHRsfdCwuGJEOTG50dtGpg1xtfXPO9t8p2BlKJk5DyfE8muunZ80u4AhwyLByRSF5bTPsMLp1h1KtiXBW9aGU4C5Ranp5xAznRns68TuAlR-2FNtj7LjygRnIVWeCkAFn6U1979vZdtuIkki3-2BlMv2jAOTwgDDMAgmYIgqjHTR48nJr6-2BDCBmQ4Ef-2F9JC4lcxcm76rhJdSEfagIrPGzAUbI2rlGx8syrIF9Dp06J35XXwRFwJQKa85BNPZmazSW-2BPdXDQxXseykutS6Ckb82DqAOPfdVUrq6Z1r2u9Y-2BET3to7-2BPfCg995RyDt22pU1KBVUcgNGkYIozHU-2BMFQbmTZtdSq77uqhiLLcp-2BsLbOUa4WiKRUHdoaTmAk2JpTa19pT0mslc7fnxkzPJDue4vo3S8pQGYmHralDeCk-2FhZDCwrPt4xOr6BOjsNSR0Ll7n3UsD2BKrTl4XnxDqlQEASuMXkd0S4oACqs7NNm2rMipQFwa3TMPxMNnVkhB5w9rDezKWRvqG-2FEWDiDJJi2gZtwmcostgXNVVXUkPH1IOr0dgWGH2mBJeHHFXPoT-2B80urdz4FBl8u-2BC9VVz6sP930Bvuwqt7fN4ml7106icMoUFRTSnug1IgAnQWQYoE7N4ltzlS1ryt0IUy7qP1C7AxZTQMFN-2BaLnM0Vvo6jvmptkNbWPAAnETkGPyRAwbyUO2unXmYzC8wgdZPaY5YwgomKOKZRwa9Du1EjycSn29tjHttiWK4k0rn2yL0p8y6MZC9bwlTNPhPM0ZzJFSsk-2Bl85vUUj58pEWufoKcQcaH-2F5KfrwZ0pRG3CHDq7p99WD68Np6yMDGoUp16GNOi8n5qdCvGg64SaTXCLtTs94DlBE.|https://eur02.safelinks.protection.outlook.com/?url=https%3A%2F%2Furl8303.mdx.ac.ae%2Fls%2Fclick%3Fupn%3Du001.qKO7kt4vmTGNswDJmump2U7d8o-2BPbZbw0bGpPf6kJhKQH-2BGVZsvxobNDwn4PbC0NTHOW397O-2FXf2RUU8-2BvWoBA-3D-3D7iRx_-2FnxC0uuWwXVLvv-2FPcJIdQC9bKMk-2F8uXLPNfQ2WOqhE62uDMIO2D3ccNnJNXwTffdNjdEyvnDq7VLTV7VRHmI2bAs8TKD0ZSsp2fCl4TsG1L3T5J2O-2BdkCYZgDkRRMHCCLh-2FzboLHZZpoJIQ6jsR3j1EdtiSVHRsfdCwuGJEOTG50dtGpg1xtfXPO9t8p2BlKJk5DyfE8muunZ80u4AhwyLByRSF5bTPsMLp1h1KtiXBW9aGU4C5Ranp5xAznRns68TuAlR-2FNtj7LjygRnIVWeCkAFn6U1979vZdtuIkki3-2BlMv2jAOTwgDDMAgmYIgqjHTR48nJr6-2BDCBmQ4Ef-2F9JC4lcxcm76rhJdSEfagIrPGzAUbI2rlGx8syrIF9Dp06J35XXwRFwJQKa85BNPZmazSW-2BPdXDQxXseykutS6Ckb82DqAOPfdVUrq6Z1r2u9Y-2BET3to7-2BPfCg995RyDt22pU1KBVUcgNGkYIozHU-2BMFQbmTZtdSq77uqhiLLcp-2BsLbOUa4WiKRUHdoaTmAk2JpTa19pT0mslc7fnxkzPJDue4vo3S8pQGYmHralDeCk-2FhZDCwrPt4xOr6BOjsNSR0Ll7n3UsD2BKrTl4XnxDqlQEASuMXkd0S4oACqs7NNm2rMipQFwa3TMPxMNnVkhB5w9rDezKWRvqG-2FEWDiDJJi2gZtwmcostgXNVVXUkPH1IOr0dgWGH2mBJeHHFXPoT-2B80urdz4FBl8u-2BC9VVz6sP930Bvuwqt7fN4ml7106icMoUFRTSnug1IgAnQWQYoE7N4ltzlS1ryt0IUy7qP1C7AxZTQMFN-2BaLnM0Vvo6jvmptkNbWPAAnETkGPyRAwbyUO2unXmYzC8wgdZPaY5Ywgoks8IeACcLtWkmRAiyFaAo11DP-2FjAQGkGonkaJn6CAGrmzo-2BzQUMGcjkSO3X6LUCrlUWZojFgl4tTGxUUUfQug35YYXzSlarqzpqOqHKiALt4CW-2Bg-2BzksMm4slcZCzWZ-2FhAVgNh2idr7WSMGU95jLO3&amp;data=05%7C02%7Caa6381%40live.mdx.ac.uk%7C747f463582034f5a28b808deec8f804b%7C38e37b88a3a148cf9f056537427fed24%7C0%7C0%7C639208298275480411%7CUnknown%7CTWFpbGZsb3d8eyJFbXB0eU1hcGkiOnRydWUsIlYiOiIwLjAuMDAwMCIsIlAiOiJXaW4zMiIsIkFOIjoiTWFpbCIsIldUIjoyfQ%3D%3D%7C0%7C%7C%7C&amp;sdata=5Zgf1P1Hxulk%2FCPJCVLQIF7bDA4Zme8ov2dSoXNXzu8%3D&amp;reserved=0|https://url8303.mdx.ac.ae/ls/click?upn=u001.qKO7kt4vmTGNswDJmump2U7d8o-2BPbZbw0bGpPf6kJhKQH-2BGVZsvxobNDwn4PbC0NTHOW397O-2FXf2RUU8-2BvWoBA-3D-3D7iRx_-2FnxC0uuWwXVLvv-2FPcJIdQC9bKMk-2F8uXLPNfQ2WOqhE62uDMIO2D3ccNnJNXwTffdNjdEyvnDq7VLTV7VRHmI2bAs8TKD0ZSsp2fCl4TsG1L3T5J2O-2BdkCYZgDkRRMHCCLh-2FzboLHZZpoJIQ6jsR3j1EdtiSVHRsfdCwuGJEOTG50dtGpg1xtfXPO9t8p2BlKJk5DyfE8muunZ80u4AhwyLByRSF5bTPsMLp1h1KtiXBW9aGU4C5Ranp5xAznRns68TuAlR-2FNtj7LjygRnIVWeCkAFn6U1979vZdtuIkki3-2BlMv2jAOTwgDDMAgmYIgqjHTR48nJr6-2BDCBmQ4Ef-2F9JC4lcxcm76rhJdSEfagIrPGzAUbI2rlGx8syrIF9Dp06J35XXwRFwJQKa85BNPZmazSW-2BPdXDQxXseykutS6Ckb82DqAOPfdVUrq6Z1r2u9Y-2BET3to7-2BPfCg995RyDt22pU1KBVUcgNGkYIozHU-2BMFQbmTZtdSq77uqhiLLcp-2BsLbOUa4WiKRUHdoaTmAk2JpTa19pT0mslc7fnxkzPJDue4vo3S8pQGYmHralDeCk-2FhZDCwrPt4xOr6BOjsNSR0Ll7n3UsD2BKrTl4XnxDqlQEASuMXkd0S4oACqs7NNm2rMipQFwa3TMPxMNnVkhB5w9rDezKWRvqG-2FEWDiDJJi2gZtwmcostgXNVVXUkPH1IOr0dgWGH2mBJeHHFXPoT-2B80urdz4FBl8u-2BC9VVz6sP930Bvuwqt7fN4ml7106icMoUFRTSnug1IgAnQWQYoE7N4ltzlS1ryt0IUy7qP1C7AxZTQMFN-2BaLnM0Vvo6jvmptkNbWPAAnETkGPyRAwbyUO2unXmYzC8wgdZPaY5Ywgoks8IeACcLtWkmRAiyFaAo11DP-2FjAQGkGonkaJn6CAGrmzo-2BzQUMGcjkSO3X6LUCrlUWZojFgl4tTGxUUUfQug35YYXzSlarqzpqOqHKiALt4CW-2Bg-2BzksMm4slcZCzWZ-2FhAVgNh2idr7WSMGU95jLO3|https://url8303.mdx.ac.ae/ls/click?upn=u001.qKO7kt4vmTGNswDJmump2U7d8o-2BPbZbw0bGpPf6kJhKQH-2BGVZsvxobNDwn4PbC0NTHOW397O-2FXf2RUU8-2BvWoBA-3D-3D7iRx_-2FnxC0uuWwXVLvv-2FPcJIdQC9bKMk-2F8uXLPNfQ2WOqhE62uDMIO2D3ccNnJNXwTffdNjdEyvnDq7VLTV7VRHmI2bAs8TKD0ZSsp2fCl4TsG1L3T5J2O-2BdkCYZgDkRRMHCCLh-2FzboLHZZpoJIQ6jsR3j1EdtiSVHRsfdCwuGJEOTG50dtGpg1xtfXPO9t8p2BlKJk5DyfE8muunZ80u4AhwyLByRSF5bTPsMLp1h1KtiXBW9aGU4C5Ranp5xAznRns68TuAlR-2FNtj7LjygRnIVWeCkAFn6U1979vZdtuIkki3-2BlMv2jAOTwgDDMAgmYIgqjHTR48nJr6-2BDCBmQ4Ef-2F9JC4lcxcm76rhJdSEfagIrPGzAUbI2rlGx8syrIF9Dp06J35XXwRFwJQKa85BNPZmazSW-2BPdXDQxXseykutS6Ckb82DqAOPfdVUrq6Z1r2u9Y-2BET3to7-2BPfCg995RyDt22pU1KBVUcgNGkYIozHU-2BMFQbmTZtdSq77uqhiLLcp-2BsLbOUa4WiKRUHdoaTmAk2JpTa19pT0mslc7fnxkzPJDue4vo3S8pQGYmHralDeCk-2FhZDCwrPt4xOr6BOjsNSR0Ll7n3UsD2BKrTl4XnxDqlQEASuMXkd0S4oACqs7NNm2rMipQFwa3TMPxMNnVkhB5w9rDezKWRvqG-2FEWDiDJJi2gZtwmcostgXNVVXUkPH1IOr0dgWGH2mBJeHHFXPoT-2B80urdz4FBl8u-2BC9VVz6sP930Bvuwqt7fN4ml7106icMoUFRTSnug1IgAnQWQYoE7N4ltzlS1ryt0IUy7qP1C7AxZTQMFN-2BaLnM0Vvo6jvmptkNbWPAAnETkGPyRAwbyUO2unXmYzC8wgdZPaY5Ywgoks8IeACcLtWkmRAiyFaAo11DP-2FjAQGkGonkaJn6CAGrmzo-2BzQUMGcjkSO3X6LUCrlUWZojFgl4tTGxUUUfQug35YYXzSlarqzpqOqHKiALt4CW-2Bg-2BzksMm4slcZCzWZ-2FhAVgNh2idr7WSMGU95jLO3.|https://eur02.safelinks.protection.outlook.com/?url=https%3A%2F%2Furl8303.mdx.ac.ae%2Fls%2Fclick%3Fupn%3Du001.qKO7kt4vmTGNswDJmump2WMQRURHWeSWso-2FeW3ShGDs-2FFV97OS63uE1QA7XPGBo2btAqvNI77A4Mwi4yqLQTJw-3D-3DppdS_-2FnxC0uuWwXVLvv-2FPcJIdQC9bKMk-2F8uXLPNfQ2WOqhE62uDMIO2D3ccNnJNXwTffdNjdEyvnDq7VLTV7VRHmI2bAs8TKD0ZSsp2fCl4TsG1L3T5J2O-2BdkCYZgDkRRMHCCLh-2FzboLHZZpoJIQ6jsR3j1EdtiSVHRsfdCwuGJEOTG50dtGpg1xtfXPO9t8p2BlKJk5DyfE8muunZ80u4AhwyLByRSF5bTPsMLp1h1KtiXBW9aGU4C5Ranp5xAznRns68TuAlR-2FNtj7LjygRnIVWeCkAFn6U1979vZdtuIkki3-2BlMv2jAOTwgDDMAgmYIgqjHTR48nJr6-2BDCBmQ4Ef-2F9JC4lcxcm76rhJdSEfagIrPGzAUbI2rlGx8syrIF9Dp06J35XXwRFwJQKa85BNPZmazSW-2BPdXDQxXseykutS6Ckb82DqAOPfdVUrq6Z1r2u9Y-2BET3to7-2BPfCg995RyDt22pU1KBVUcgNGkYIozHU-2BMFQbmTZtdSq77uqhiLLcp-2BsLbOUa4WiKRUHdoaTmAk2JpTa19pT0mslc7fnxkzPJDue4vo3S8pQGYmHralDeCk-2FhZDCwrPt4xOr6BOjsNSR0Ll7n3UsD2BKrTl4XnxDqlQEASuMXkd0S4oACqs7NNm2rMipQFwa3TMPxMNnVkhB5w9rDezKWRvqG-2FEWDiDJJi2gZtwmcostgXNVVXUkPH1IOr0dgWGH2mBJeHHFXPoT-2B80urdz4FBl8u-2BC9VVz6sP930Bvuwqt7fN4ml7106icMoUFRTSnug1IgAnQWQYoE7N4ltzlS1ryt0IUy7qP1C7AxZTQMFN-2BaLnM0Vvo6jvmptkNbWPAAnETkGPyRAwbyUO2unXmYzC8wgdZPaY5YwgokZ-2B-2FoqW1uV97ki1ROlLtUIJADIhbFsKDw65uBmiNU-2FXoT6aGuvD97WDBaImE4rDUxhi2cRfHwfRy10MTVBw7fVLcH7wBh9rqJMtgpLsuqpMK8fQqmrsn8wYh0ga-2BEvTD-2BWBVf-2B-2FkEjFBq1-2BJlHoF-2Bk&amp;data=05%7C02%7Caa6381%40live.mdx.ac.uk%7C747f463582034f5a28b808deec8f804b%7C38e37b88a3a148cf9f056537427fed24%7C0%7C0%7C639208298275509554%7CUnknown%7CTWFpbGZsb3d8eyJFbXB0eU1hcGkiOnRydWUsIlYiOiIwLjAuMDAwMCIsIlAiOiJXaW4zMiIsIkFOIjoiTWFpbCIsIldUIjoyfQ%3D%3D%7C0%7C%7C%7C&amp;sdata=OL1tUIJFs4p8ZgnPvK%2Fu%2Fik5nNqnNneYAnOYCxOv5X4%3D&amp;reserved=0|https://url8303.mdx.ac.ae/ls/click?upn=u001.qKO7kt4vmTGNswDJmump2WMQRURHWeSWso-2FeW3ShGDs-2FFV97OS63uE1QA7XPGBo2btAqvNI77A4Mwi4yqLQTJw-3D-3DppdS_-2FnxC0uuWwXVLvv-2FPcJIdQC9bKMk-2F8uXLPNfQ2WOqhE62uDMIO2D3ccNnJNXwTffdNjdEyvnDq7VLTV7VRHmI2bAs8TKD0ZSsp2fCl4TsG1L3T5J2O-2BdkCYZgDkRRMHCCLh-2FzboLHZZpoJIQ6jsR3j1EdtiSVHRsfdCwuGJEOTG50dtGpg1xtfXPO9t8p2BlKJk5DyfE8muunZ80u4AhwyLByRSF5bTPsMLp1h1KtiXBW9aGU4C5Ranp5xAznRns68TuAlR-2FNtj7LjygRnIVWeCkAFn6U1979vZdtuIkki3-2BlMv2jAOTwgDDMAgmYIgqjHTR48nJr6-2BDCBmQ4Ef-2F9JC4lcxcm76rhJdSEfagIrPGzAUbI2rlGx8syrIF9Dp06J35XXwRFwJQKa85BNPZmazSW-2BPdXDQxXseykutS6Ckb82DqAOPfdVUrq6Z1r2u9Y-2BET3to7-2BPfCg995RyDt22pU1KBVUcgNGkYIozHU-2BMFQbmTZtdSq77uqhiLLcp-2BsLbOUa4WiKRUHdoaTmAk2JpTa19pT0mslc7fnxkzPJDue4vo3S8pQGYmHralDeCk-2FhZDCwrPt4xOr6BOjsNSR0Ll7n3UsD2BKrTl4XnxDqlQEASuMXkd0S4oACqs7NNm2rMipQFwa3TMPxMNnVkhB5w9rDezKWRvqG-2FEWDiDJJi2gZtwmcostgXNVVXUkPH1IOr0dgWGH2mBJeHHFXPoT-2B80urdz4FBl8u-2BC9VVz6sP930Bvuwqt7fN4ml7106icMoUFRTSnug1IgAnQWQYoE7N4ltzlS1ryt0IUy7qP1C7AxZTQMFN-2BaLnM0Vvo6jvmptkNbWPAAnETkGPyRAwbyUO2unXmYzC8wgdZPaY5YwgokZ-2B-2FoqW1uV97ki1ROlLtUIJADIhbFsKDw65uBmiNU-2FXoT6aGuvD97WDBaImE4rDUxhi2cRfHwfRy10MTVBw7fVLcH7wBh9rqJMtgpLsuqpMK8fQqmrsn8wYh0ga-2BEvTD-2BWBVf-2B-2FkEjFBq1-2BJlHoF-2Bk,none,none,none,1,0,0.7796,1,0.3898
executive.edu@mdx.ac.ae,"Graduate with More Than a Master's Degree

Summarise this email","
	
You don't often get email from executive.edu@mdx.ac.ae. Learn why this is important
	

Hi Amritha,  


Looking for a way to stand out before you graduate? 
 
As a Middlesex University Dubai postgraduate student, you have the opportunity to gain a CMI Level 7 Certificate in Strategic Management and Leadership Practice alongside your master's degree and, for a limited time, benefit from an exclusive 50% discount. 
 
Whether you're building on a business background or bringing expertise from another discipline, this qualification can complement your postgraduate studies by developing the strategic leadership and management skills employers value across a wide range of industries. 


Course Details


Start Date: 3 October 2026
Duration: Four modules delivered over 10 months.
Delivery: Hyb",https://aka.ms/LearnAboutSenderIdentification|https://eur02.safelinks.protection.outlook.com/?url=https%3A%2F%2Furl8303.mdx.ac.ae%2Fls%2Fclick%3Fupn%3Du001.qKO7kt4vmTGNswDJmump2QfEa0a-2FqI5-2FU3CBHGMUDL8u0iNaE4WjgqEpZ77UeRi8PfpEnCJsZR28XKAFMgq3rHYxqO3BOeA-2B-2BIsoP2m1l-2Fm6U-2FdLPG3zEBk6zADA062jZrFkLuQbz7Gg7bFo9yfWlLyOcXaaTJDtGSPK6ZfPJmQ-3DdV0h_-2FnxC0uuWwXVLvv-2FPcJIdQC9bKMk-2F8uXLPNfQ2WOqhE62uDMIO2D3ccNnJNXwTffdNjdEyvnDq7VLTV7VRHmI2bAs8TKD0ZSsp2fCl4TsG1L3T5J2O-2BdkCYZgDkRRMHCCLh-2FzboLHZZpoJIQ6jsR3j8TReUNg5KfQzNXtMmuleJLGs12E-2BNvLshNsaaI51FB43r7ABmkxwRTA9PtxwLmk7trJ9topqs6z4DeY36sWECUa0rzXyPtk4byTFHaA3n87cGMHpVZqUUySmZxhPhbUWQ56mAis5cuD-2FHhgN6pPjbmvTrFhbbi5YczgqnkdM9sQb666phhk3FaW035vr-2FdvQJ84h41s2jFDWAuICBeXALlpT-2BOTuqTX3ciDibM-2FkCKhuFdouJc0wxZEnYCHajX8mRuXZfy6duy8n1uvmtRynQXzlhVCwjNwLFCTuvvIpNSazds1uefI2FZyvqGuAYC4Dm43Ic22biePv-2FArto40ekomfgkb-2Fnsqcbk68e1DKFRwS7APA4gRFlULLppSWJ-2BnlWN-2F3RpWx3Z3ZYHqpInLfQxuiXHLYX7RroKw4uT7oGTP8JPrS7DGuI1EFquMFBBjQqKOWYkhBCHYWgMxuLNF3jPpfqufSHMuizk9p-2FRT9MI-2BpoyZlOe-2FVEELHSiAJ6OCLArPnEKskeot2Y9JALV3t1B2KmlZNyiki-2FARUCT0l5IBDfMcH3H7OP0jjLR8NjB7xi7ZZOe8XVD1V2AH0827fepiWYoWCAhQFuaInjPKtEMacUCwVSfwcjwQiDFTYZyci2l1UAE3gfnKvZbG00WCyGNcuy6I37tzrZP8hr0PXWqWL5uH2z3kQOfRytsRfI89vkz5DydK-2FqnDLJBKBdecQOy-2FzwIjLd3Ym1m9BYkY9K2g94-2B0KiOw0UBds-2BS7dInB5gOEJ-2FPIuyxe9q2QM-2F-2FgfYxb5FO4xIZLL1bh-2FESAyLO5EGMQkWc-2F8G8ncrobSAT8JQ-3D-3D&amp;data=05%7C02%7Caa6381%40live.mdx.ac.uk%7Cc10529a75ee9441ff17708dee7b684c4%7C38e37b88a3a148cf9f056537427fed24%7C0%7C0%7C639202968316275828%7CUnknown%7CTWFpbGZsb3d8eyJFbXB0eU1hcGkiOnRydWUsIlYiOiIwLjAuMDAwMCIsIlAiOiJXaW4zMiIsIkFOIjoiTWFpbCIsIldUIjoyfQ%3D%3D%7C0%7C%7C%7C&amp;sdata=tkjrjYHFEkYom%2BauWhBMy53pR6A6djUBxBroDPc9xT8%3D&amp;reserved=0|https://url8303.mdx.ac.ae/ls/click?upn=u001.qKO7kt4vmTGNswDJmump2QfEa0a-2FqI5-2FU3CBHGMUDL8u0iNaE4WjgqEpZ77UeRi8PfpEnCJsZR28XKAFMgq3rHYxqO3BOeA-2B-2BIsoP2m1l-2Fm6U-2FdLPG3zEBk6zADA062jZrFkLuQbz7Gg7bFo9yfWlLyOcXaaTJDtGSPK6ZfPJmQ-3DdV0h_-2FnxC0uuWwXVLvv-2FPcJIdQC9bKMk-2F8uXLPNfQ2WOqhE62uDMIO2D3ccNnJNXwTffdNjdEyvnDq7VLTV7VRHmI2bAs8TKD0ZSsp2fCl4TsG1L3T5J2O-2BdkCYZgDkRRMHCCLh-2FzboLHZZpoJIQ6jsR3j8TReUNg5KfQzNXtMmuleJLGs12E-2BNvLshNsaaI51FB43r7ABmkxwRTA9PtxwLmk7trJ9topqs6z4DeY36sWECUa0rzXyPtk4byTFHaA3n87cGMHpVZqUUySmZxhPhbUWQ56mAis5cuD-2FHhgN6pPjbmvTrFhbbi5YczgqnkdM9sQb666phhk3FaW035vr-2FdvQJ84h41s2jFDWAuICBeXALlpT-2BOTuqTX3ciDibM-2FkCKhuFdouJc0wxZEnYCHajX8mRuXZfy6duy8n1uvmtRynQXzlhVCwjNwLFCTuvvIpNSazds1uefI2FZyvqGuAYC4Dm43Ic22biePv-2FArto40ekomfgkb-2Fnsqcbk68e1DKFRwS7APA4gRFlULLppSWJ-2BnlWN-2F3RpWx3Z3ZYHqpInLfQxuiXHLYX7RroKw4uT7oGTP8JPrS7DGuI1EFquMFBBjQqKOWYkhBCHYWgMxuLNF3jPpfqufSHMuizk9p-2FRT9MI-2BpoyZlOe-2FVEELHSiAJ6OCLArPnEKskeot2Y9JALV3t1B2KmlZNyiki-2FARUCT0l5IBDfMcH3H7OP0jjLR8NjB7xi7ZZOe8XVD1V2AH0827fepiWYoWCAhQFuaInjPKtEMacUCwVSfwcjwQiDFTYZyci2l1UAE3gfnKvZbG00WCyGNcuy6I37tzrZP8hr0PXWqWL5uH2z3kQOfRytsRfI89vkz5DydK-2FqnDLJBKBdecQOy-2FzwIjLd3Ym1m9BYkY9K2g94-2B0KiOw0UBds-2BS7dInB5gOEJ-2FPIuyxe9q2QM-2F-2FgfYxb5FO4xIZLL1bh-2FESAyLO5EGMQkWc-2F8G8ncrobSAT8JQ-3D-3D|https://url8303.mdx.ac.ae/ls/click?upn=u001.qKO7kt4vmTGNswDJmump2QfEa0a-2FqI5-2FU3CBHGMUDL8u0iNaE4WjgqEpZ77UeRi8PfpEnCJsZR28XKAFMgq3rHYxqO3BOeA-2B-2BIsoP2m1l-2Fm6U-2FdLPG3zEBk6zADA062jZrFkLuQbz7Gg7bFo9yfWlLyOcXaaTJDtGSPK6ZfPJmQ-3DdV0h_-2FnxC0uuWwXVLvv-2FPcJIdQC9bKMk-2F8uXLPNfQ2WOqhE62uDMIO2D3ccNnJNXwTffdNjdEyvnDq7VLTV7VRHmI2bAs8TKD0ZSsp2fCl4TsG1L3T5J2O-2BdkCYZgDkRRMHCCLh-2FzboLHZZpoJIQ6jsR3j8TReUNg5KfQzNXtMmuleJLGs12E-2BNvLshNsaaI51FB43r7ABmkxwRTA9PtxwLmk7trJ9topqs6z4DeY36sWECUa0rzXyPtk4byTFHaA3n87cGMHpVZqUUySmZxhPhbUWQ56mAis5cuD-2FHhgN6pPjbmvTrFhbbi5YczgqnkdM9sQb666phhk3FaW035vr-2FdvQJ84h41s2jFDWAuICBeXALlpT-2BOTuqTX3ciDibM-2FkCKhuFdouJc0wxZEnYCHajX8mRuXZfy6duy8n1uvmtRynQXzlhVCwjNwLFCTuvvIpNSazds1uefI2FZyvqGuAYC4Dm43Ic22biePv-2FArto40ekomfgkb-2Fnsqcbk68e1DKFRwS7APA4gRFlULLppSWJ-2BnlWN-2F3RpWx3Z3ZYHqpInLfQxuiXHLYX7RroKw4uT7oGTP8JPrS7DGuI1EFquMFBBjQqKOWYkhBCHYWgMxuLNF3jPpfqufSHMuizk9p-2FRT9MI-2BpoyZlOe-2FVEELHSiAJ6OCLArPnEKskeot2Y9JALV3t1B2KmlZNyiki-2FARUCT0l5IBDfMcH3H7OP0jjLR8NjB7xi7ZZOe8XVD1V2AH0827fepiWYoWCAhQFuaInjPKtEMacUCwVSfwcjwQiDFTYZyci2l1UAE3gfnKvZbG00WCyGNcuy6I37tzrZP8hr0PXWqWL5uH2z3kQOfRytsRfI89vkz5DydK-2FqnDLJBKBdecQOy-2FzwIjLd3Ym1m9BYkY9K2g94-2B0KiOw0UBds-2BS7dInB5gOEJ-2FPIuyxe9q2QM-2F-2FgfYxb5FO4xIZLL1bh-2FESAyLO5EGMQkWc-2F8G8ncrobSAT8JQ-3D-3D.|https://eur02.safelinks.protection.outlook.com/?url=https%3A%2F%2Furl8303.mdx.ac.ae%2Fls%2Fclick%3Fupn%3Du001.qKO7kt4vmTGNswDJmump2QfEa0a-2FqI5-2FU3CBHGMUDL964WS8k7uYzlzrdDUdExYngMq6_-2FnxC0uuWwXVLvv-2FPcJIdQC9bKMk-2F8uXLPNfQ2WOqhE62uDMIO2D3ccNnJNXwTffdNjdEyvnDq7VLTV7VRHmI2bAs8TKD0ZSsp2fCl4TsG1L3T5J2O-2BdkCYZgDkRRMHCCLh-2FzboLHZZpoJIQ6jsR3j8TReUNg5KfQzNXtMmuleJLGs12E-2BNvLshNsaaI51FB43r7ABmkxwRTA9PtxwLmk7trJ9topqs6z4DeY36sWECUa0rzXyPtk4byTFHaA3n87cGMHpVZqUUySmZxhPhbUWQ56mAis5cuD-2FHhgN6pPjbmvTrFhbbi5YczgqnkdM9sQb666phhk3FaW035vr-2FdvQJ84h41s2jFDWAuICBeXALlpT-2BOTuqTX3ciDibM-2FkCKhuFdouJc0wxZEnYCHajX8mRuXZfy6duy8n1uvmtRynQXzlhVCwjNwLFCTuvvIpNSazds1uefI2FZyvqGuAYC4Dm43Ic22biePv-2FArto40ekomfgkb-2Fnsqcbk68e1DKFRwS7APA4gRFlULLppSWJ-2BnlWN-2F3RpWx3Z3ZYHqpInLfQxuiXHLYX7RroKw4uT7oGTP8JPrS7DGuI1EFquMFBBjQqKOWYkhBCHYWgMxuLNF3jPpfqufSHMuizk9p-2FRT9MI-2BpoyZlOe-2FVEELHSiAJ6OCLArPnEKskeot2Y9JALV3t1B2KmlZNyiki-2FARUCT0l5IBDfMcH3H7OP0jjLR8NjB7xi7ZZOe8XVD1V2AH0827fepiWYoWCAhQFuaInjPKtEMacUCwVSfwcjwQiDFTYZyci2l1UAE3gfnKvZbG00WCyGNcuy6I37tzrZP8hr0PXWqWL5uH2z3kQOfRytsRfI89vpqPD0nbbTTOqs6AfOQSH8wCi84qdPybxE15eoSDE3kPpMIr2jckctzlz80smVuVeNCkXZoP0XLwpnw2lkFAbkOuzkYmWe-2Fc40TZlzxVwH5EN75yo5j386Y66h7sMTrWnQ-3D-3D&amp;data=05%7C02%7Caa6381%40live.mdx.ac.uk%7Cc10529a75ee9441ff17708dee7b684c4%7C38e37b88a3a148cf9f056537427fed24%7C0%7C0%7C639202968316307643%7CUnknown%7CTWFpbGZsb3d8eyJFbXB0eU1hcGkiOnRydWUsIlYiOiIwLjAuMDAwMCIsIlAiOiJXaW4zMiIsIkFOIjoiTWFpbCIsIldUIjoyfQ%3D%3D%7C0%7C%7C%7C&amp;sdata=JXPcTWKG1l4oFbSEMVX%2BnPIahoXIAY9aYqvyRUn%2BfCA%3D&amp;reserved=0|https://url8303.mdx.ac.ae/ls/click?upn=u001.qKO7kt4vmTGNswDJmump2QfEa0a-2FqI5-2FU3CBHGMUDL964WS8k7uYzlzrdDUdExYngMq6_-2FnxC0uuWwXVLvv-2FPcJIdQC9bKMk-2F8uXLPNfQ2WOqhE62uDMIO2D3ccNnJNXwTffdNjdEyvnDq7VLTV7VRHmI2bAs8TKD0ZSsp2fCl4TsG1L3T5J2O-2BdkCYZgDkRRMHCCLh-2FzboLHZZpoJIQ6jsR3j8TReUNg5KfQzNXtMmuleJLGs12E-2BNvLshNsaaI51FB43r7ABmkxwRTA9PtxwLmk7trJ9topqs6z4DeY36sWECUa0rzXyPtk4byTFHaA3n87cGMHpVZqUUySmZxhPhbUWQ56mAis5cuD-2FHhgN6pPjbmvTrFhbbi5YczgqnkdM9sQb666phhk3FaW035vr-2FdvQJ84h41s2jFDWAuICBeXALlpT-2BOTuqTX3ciDibM-2FkCKhuFdouJc0wxZEnYCHajX8mRuXZfy6duy8n1uvmtRynQXzlhVCwjNwLFCTuvvIpNSazds1uefI2FZyvqGuAYC4Dm43Ic22biePv-2FArto40ekomfgkb-2Fnsqcbk68e1DKFRwS7APA4gRFlULLppSWJ-2BnlWN-2F3RpWx3Z3ZYHqpInLfQxuiXHLYX7RroKw4uT7oGTP8JPrS7DGuI1EFquMFBBjQqKOWYkhBCHYWgMxuLNF3jPpfqufSHMuizk9p-2FRT9MI-2BpoyZlOe-2FVEELHSiAJ6OCLArPnEKskeot2Y9JALV3t1B2KmlZNyiki-2FARUCT0l5IBDfMcH3H7OP0jjLR8NjB7xi7ZZOe8XVD1V2AH0827fepiWYoWCAhQFuaInjPKtEMacUCwVSfwcjwQiDFTYZyci2l1UAE3gfnKvZbG00WCyGNcuy6I37tzrZP8hr0PXWqWL5uH2z3kQOfRytsRfI89vpqPD0nbbTTOqs6AfOQSH8wCi84qdPybxE15eoSDE3kPpMIr2jckctzlz80smVuVeNCkXZoP0XLwpnw2lkFAbkOuzkYmWe-2Fc40TZlzxVwH5EN75yo5j386Y66h7sMTrWnQ-3D-3D|https://url8303.mdx.ac.ae/ls/click?upn=u001.qKO7kt4vmTGNswDJmump2QfEa0a-2FqI5-2FU3CBHGMUDL964WS8k7uYzlzrdDUdExYngMq6_-2FnxC0uuWwXVLvv-2FPcJIdQC9bKMk-2F8uXLPNfQ2WOqhE62uDMIO2D3ccNnJNXwTffdNjdEyvnDq7VLTV7VRHmI2bAs8TKD0ZSsp2fCl4TsG1L3T5J2O-2BdkCYZgDkRRMHCCLh-2FzboLHZZpoJIQ6jsR3j8TReUNg5KfQzNXtMmuleJLGs12E-2BNvLshNsaaI51FB43r7ABmkxwRTA9PtxwLmk7trJ9topqs6z4DeY36sWECUa0rzXyPtk4byTFHaA3n87cGMHpVZqUUySmZxhPhbUWQ56mAis5cuD-2FHhgN6pPjbmvTrFhbbi5YczgqnkdM9sQb666phhk3FaW035vr-2FdvQJ84h41s2jFDWAuICBeXALlpT-2BOTuqTX3ciDibM-2FkCKhuFdouJc0wxZEnYCHajX8mRuXZfy6duy8n1uvmtRynQXzlhVCwjNwLFCTuvvIpNSazds1uefI2FZyvqGuAYC4Dm43Ic22biePv-2FArto40ekomfgkb-2Fnsqcbk68e1DKFRwS7APA4gRFlULLppSWJ-2BnlWN-2F3RpWx3Z3ZYHqpInLfQxuiXHLYX7RroKw4uT7oGTP8JPrS7DGuI1EFquMFBBjQqKOWYkhBCHYWgMxuLNF3jPpfqufSHMuizk9p-2FRT9MI-2BpoyZlOe-2FVEELHSiAJ6OCLArPnEKskeot2Y9JALV3t1B2KmlZNyiki-2FARUCT0l5IBDfMcH3H7OP0jjLR8NjB7xi7ZZOe8XVD1V2AH0827fepiWYoWCAhQFuaInjPKtEMacUCwVSfwcjwQiDFTYZyci2l1UAE3gfnKvZbG00WCyGNcuy6I37tzrZP8hr0PXWqWL5uH2z3kQOfRytsRfI89vpqPD0nbbTTOqs6AfOQSH8wCi84qdPybxE15eoSDE3kPpMIr2jckctzlz80smVuVeNCkXZoP0XLwpnw2lkFAbkOuzkYmWe-2Fc40TZlzxVwH5EN75yo5j386Y66h7sMTrWnQ-3D-3D.|https://eur02.safelinks.protection.outlook.com/?url=https%3A%2F%2Furl8303.mdx.ac.ae%2Fls%2Fclick%3Fupn%3Du001.qKO7kt4vmTGNswDJmump2QfEa0a-2FqI5-2FU3CBHGMUDL8u0iNaE4WjgqEpZ77UeRi8PfpEnCJsZR28XKAFMgq3rHYxqO3BOeA-2B-2BIsoP2m1l-2Fm6U-2FdLPG3zEBk6zADA062jZrFkLuQbz7Gg7bFo9yfWlLyOcXaaTJDtGSPK6ZfPJmQ-3DGNUb_-2FnxC0uuWwXVLvv-2FPcJIdQC9bKMk-2F8uXLPNfQ2WOqhE62uDMIO2D3ccNnJNXwTffdNjdEyvnDq7VLTV7VRHmI2bAs8TKD0ZSsp2fCl4TsG1L3T5J2O-2BdkCYZgDkRRMHCCLh-2FzboLHZZpoJIQ6jsR3j8TReUNg5KfQzNXtMmuleJLGs12E-2BNvLshNsaaI51FB43r7ABmkxwRTA9PtxwLmk7trJ9topqs6z4DeY36sWECUa0rzXyPtk4byTFHaA3n87cGMHpVZqUUySmZxhPhbUWQ56mAis5cuD-2FHhgN6pPjbmvTrFhbbi5YczgqnkdM9sQb666phhk3FaW035vr-2FdvQJ84h41s2jFDWAuICBeXALlpT-2BOTuqTX3ciDibM-2FkCKhuFdouJc0wxZEnYCHajX8mRuXZfy6duy8n1uvmtRynQXzlhVCwjNwLFCTuvvIpNSazds1uefI2FZyvqGuAYC4Dm43Ic22biePv-2FArto40ekomfgkb-2Fnsqcbk68e1DKFRwS7APA4gRFlULLppSWJ-2BnlWN-2F3RpWx3Z3ZYHqpInLfQxuiXHLYX7RroKw4uT7oGTP8JPrS7DGuI1EFquMFBBjQqKOWYkhBCHYWgMxuLNF3jPpfqufSHMuizk9p-2FRT9MI-2BpoyZlOe-2FVEELHSiAJ6OCLArPnEKskeot2Y9JALV3t1B2KmlZNyiki-2FARUCT0l5IBDfMcH3H7OP0jjLR8NjB7xi7ZZOe8XVD1V2AH0827fepiWYoWCAhQFuaInjPKtEMacUCwVSfwcjwQiDFTYZyci2l1UAE3gfnKvZbG00WCyGNcuy6I37tzrZP8hr0PXWqWL5uH2z3kQOfRytsRfI89vi2ihG2DF3bl5-2FkNWb9KMC1Lu6uXzHA-2F0q9mtWDQop8-2FGnAOiucO2UOi-2BT4ncABp99QBhCfzHRKS5cV3UaanzQ-2FJnle1eohE9xcvauzrRyQCdq5ZOZsQUnZfuVaoMk0vxQ-3D-3D&amp;data=05%7C02%7Caa6381%40live.mdx.ac.uk%7Cc10529a75ee9441ff17708dee7b684c4%7C38e37b88a3a148cf9f056537427fed24%7C0%7C0%7C639202968316327146%7CUnknown%7CTWFpbGZsb3d8eyJFbXB0eU1hcGkiOnRydWUsIlYiOiIwLjAuMDAwMCIsIlAiOiJXaW4zMiIsIkFOIjoiTWFpbCIsIldUIjoyfQ%3D%3D%7C0%7C%7C%7C&amp;sdata=9Vx%2BjgnTIrhP2PUYrcrc4wXzj6JYFAT1o099FUpINQs%3D&amp;reserved=0|https://url8303.mdx.ac.ae/ls/click?upn=u001.qKO7kt4vmTGNswDJmump2QfEa0a-2FqI5-2FU3CBHGMUDL8u0iNaE4WjgqEpZ77UeRi8PfpEnCJsZR28XKAFMgq3rHYxqO3BOeA-2B-2BIsoP2m1l-2Fm6U-2FdLPG3zEBk6zADA062jZrFkLuQbz7Gg7bFo9yfWlLyOcXaaTJDtGSPK6ZfPJmQ-3DGNUb_-2FnxC0uuWwXVLvv-2FPcJIdQC9bKMk-2F8uXLPNfQ2WOqhE62uDMIO2D3ccNnJNXwTffdNjdEyvnDq7VLTV7VRHmI2bAs8TKD0ZSsp2fCl4TsG1L3T5J2O-2BdkCYZgDkRRMHCCLh-2FzboLHZZpoJIQ6jsR3j8TReUNg5KfQzNXtMmuleJLGs12E-2BNvLshNsaaI51FB43r7ABmkxwRTA9PtxwLmk7trJ9topqs6z4DeY36sWECUa0rzXyPtk4byTFHaA3n87cGMHpVZqUUySmZxhPhbUWQ56mAis5cuD-2FHhgN6pPjbmvTrFhbbi5YczgqnkdM9sQb666phhk3FaW035vr-2FdvQJ84h41s2jFDWAuICBeXALlpT-2BOTuqTX3ciDibM-2FkCKhuFdouJc0wxZEnYCHajX8mRuXZfy6duy8n1uvmtRynQXzlhVCwjNwLFCTuvvIpNSazds1uefI2FZyvqGuAYC4Dm43Ic22biePv-2FArto40ekomfgkb-2Fnsqcbk68e1DKFRwS7APA4gRFlULLppSWJ-2BnlWN-2F3RpWx3Z3ZYHqpInLfQxuiXHLYX7RroKw4uT7oGTP8JPrS7DGuI1EFquMFBBjQqKOWYkhBCHYWgMxuLNF3jPpfqufSHMuizk9p-2FRT9MI-2BpoyZlOe-2FVEELHSiAJ6OCLArPnEKskeot2Y9JALV3t1B2KmlZNyiki-2FARUCT0l5IBDfMcH3H7OP0jjLR8NjB7xi7ZZOe8XVD1V2AH0827fepiWYoWCAhQFuaInjPKtEMacUCwVSfwcjwQiDFTYZyci2l1UAE3gfnKvZbG00WCyGNcuy6I37tzrZP8hr0PXWqWL5uH2z3kQOfRytsRfI89vi2ihG2DF3bl5-2FkNWb9KMC1Lu6uXzHA-2F0q9mtWDQop8-2FGnAOiucO2UOi-2BT4ncABp99QBhCfzHRKS5cV3UaanzQ-2FJnle1eohE9xcvauzrRyQCdq5ZOZsQUnZfuVaoMk0vxQ-3D-3D|https://url8303.mdx.ac.ae/ls/click?upn=u001.qKO7kt4vmTGNswDJmump2QfEa0a-2FqI5-2FU3CBHGMUDL8u0iNaE4WjgqEpZ77UeRi8PfpEnCJsZR28XKAFMgq3rHYxqO3BOeA-2B-2BIsoP2m1l-2Fm6U-2FdLPG3zEBk6zADA062jZrFkLuQbz7Gg7bFo9yfWlLyOcXaaTJDtGSPK6ZfPJmQ-3DGNUb_-2FnxC0uuWwXVLvv-2FPcJIdQC9bKMk-2F8uXLPNfQ2WOqhE62uDMIO2D3ccNnJNXwTffdNjdEyvnDq7VLTV7VRHmI2bAs8TKD0ZSsp2fCl4TsG1L3T5J2O-2BdkCYZgDkRRMHCCLh-2FzboLHZZpoJIQ6jsR3j8TReUNg5KfQzNXtMmuleJLGs12E-2BNvLshNsaaI51FB43r7ABmkxwRTA9PtxwLmk7trJ9topqs6z4DeY36sWECUa0rzXyPtk4byTFHaA3n87cGMHpVZqUUySmZxhPhbUWQ56mAis5cuD-2FHhgN6pPjbmvTrFhbbi5YczgqnkdM9sQb666phhk3FaW035vr-2FdvQJ84h41s2jFDWAuICBeXALlpT-2BOTuqTX3ciDibM-2FkCKhuFdouJc0wxZEnYCHajX8mRuXZfy6duy8n1uvmtRynQXzlhVCwjNwLFCTuvvIpNSazds1uefI2FZyvqGuAYC4Dm43Ic22biePv-2FArto40ekomfgkb-2Fnsqcbk68e1DKFRwS7APA4gRFlULLppSWJ-2BnlWN-2F3RpWx3Z3ZYHqpInLfQxuiXHLYX7RroKw4uT7oGTP8JPrS7DGuI1EFquMFBBjQqKOWYkhBCHYWgMxuLNF3jPpfqufSHMuizk9p-2FRT9MI-2BpoyZlOe-2FVEELHSiAJ6OCLArPnEKskeot2Y9JALV3t1B2KmlZNyiki-2FARUCT0l5IBDfMcH3H7OP0jjLR8NjB7xi7ZZOe8XVD1V2AH0827fepiWYoWCAhQFuaInjPKtEMacUCwVSfwcjwQiDFTYZyci2l1UAE3gfnKvZbG00WCyGNcuy6I37tzrZP8hr0PXWqWL5uH2z3kQOfRytsRfI89vi2ihG2DF3bl5-2FkNWb9KMC1Lu6uXzHA-2F0q9mtWDQop8-2FGnAOiucO2UOi-2BT4ncABp99QBhCfzHRKS5cV3UaanzQ-2FJnle1eohE9xcvauzrRyQCdq5ZOZsQUnZfuVaoMk0vxQ-3D-3D.|https://eur02.safelinks.protection.outlook.com/?url=https%3A%2F%2Furl8303.mdx.ac.ae%2Fls%2Fclick%3Fupn%3Du001.qKO7kt4vmTGNswDJmump2fh-2BeZ-2F6zb8vRHYIwIAJ5uUHwMxG5KS6iMrYHQ32jxScFd-2FRC9FhMba5YQ8ztd8m3d-2FwQSAzrSccjSrGWCTlAm2rF76rAZXmY9dwjhQXcVXGAWBWmb3WeSn6BRQsEFS5eQ-3D-3Db_0U_-2FnxC0uuWwXVLvv-2FPcJIdQC9bKMk-2F8uXLPNfQ2WOqhE62uDMIO2D3ccNnJNXwTffdNjdEyvnDq7VLTV7VRHmI2bAs8TKD0ZSsp2fCl4TsG1L3T5J2O-2BdkCYZgDkRRMHCCLh-2FzboLHZZpoJIQ6jsR3j8TReUNg5KfQzNXtMmuleJLGs12E-2BNvLshNsaaI51FB43r7ABmkxwRTA9PtxwLmk7trJ9topqs6z4DeY36sWECUa0rzXyPtk4byTFHaA3n87cGMHpVZqUUySmZxhPhbUWQ56mAis5cuD-2FHhgN6pPjbmvTrFhbbi5YczgqnkdM9sQb666phhk3FaW035vr-2FdvQJ84h41s2jFDWAuICBeXALlpT-2BOTuqTX3ciDibM-2FkCKhuFdouJc0wxZEnYCHajX8mRuXZfy6duy8n1uvmtRynQXzlhVCwjNwLFCTuvvIpNSazds1uefI2FZyvqGuAYC4Dm43Ic22biePv-2FArto40ekomfgkb-2Fnsqcbk68e1DKFRwS7APA4gRFlULLppSWJ-2BnlWN-2F3RpWx3Z3ZYHqpInLfQxuiXHLYX7RroKw4uT7oGTP8JPrS7DGuI1EFquMFBBjQqKOWYkhBCHYWgMxuLNF3jPpfqufSHMuizk9p-2FRT9MI-2BpoyZlOe-2FVEELHSiAJ6OCLArPnEKskeot2Y9JALV3t1B2KmlZNyiki-2FARUCT0l5IBDfMcH3H7OP0jjLR8NjB7xi7ZZOe8XVD1V2AH0827fepiWYoWCAhQFuaInjPKtEMacUCwVSfwcjwQiDFTYZyci2l1UAE3gfnKvZbG00WCyGNcuy6I37tzrZP8hr0PXWqWL5uH2z3kQOfRytsRfI89vpcbLy9Iw5DTY0W-2FJkeJVMFrjnt0B7QQdTN5FlxsBNv-2FRP8YNr4U1-2BGcr6z4GiPme8Jv-2FWJeeRZ3IX-2FSzUH14AUrtqg9aWpu-2BuiWFBS1GCCOJvtMQABSobpeRxHed-2BzTrg-3D-3D&amp;data=05%7C02%7Caa6381%40live.mdx.ac.uk%7Cc10529a75ee9441ff17708dee7b684c4%7C38e37b88a3a148cf9f056537427fed24%7C0%7C0%7C639202968316345770%7CUnknown%7CTWFpbGZsb3d8eyJFbXB0eU1hcGkiOnRydWUsIlYiOiIwLjAuMDAwMCIsIlAiOiJXaW4zMiIsIkFOIjoiTWFpbCIsIldUIjoyfQ%3D%3D%7C0%7C%7C%7C&amp;sdata=mAf1YxM7qvPAqmolcEAFxd1%2BaEOcANCiUCMrCIAOskk%3D&amp;reserved=0|https://url8303.mdx.ac.ae/ls/click?upn=u001.qKO7kt4vmTGNswDJmump2fh-2BeZ-2F6zb8vRHYIwIAJ5uUHwMxG5KS6iMrYHQ32jxScFd-2FRC9FhMba5YQ8ztd8m3d-2FwQSAzrSccjSrGWCTlAm2rF76rAZXmY9dwjhQXcVXGAWBWmb3WeSn6BRQsEFS5eQ-3D-3Db_0U_-2FnxC0uuWwXVLvv-2FPcJIdQC9bKMk-2F8uXLPNfQ2WOqhE62uDMIO2D3ccNnJNXwTffdNjdEyvnDq7VLTV7VRHmI2bAs8TKD0ZSsp2fCl4TsG1L3T5J2O-2BdkCYZgDkRRMHCCLh-2FzboLHZZpoJIQ6jsR3j8TReUNg5KfQzNXtMmuleJLGs12E-2BNvLshNsaaI51FB43r7ABmkxwRTA9PtxwLmk7trJ9topqs6z4DeY36sWECUa0rzXyPtk4byTFHaA3n87cGMHpVZqUUySmZxhPhbUWQ56mAis5cuD-2FHhgN6pPjbmvTrFhbbi5YczgqnkdM9sQb666phhk3FaW035vr-2FdvQJ84h41s2jFDWAuICBeXALlpT-2BOTuqTX3ciDibM-2FkCKhuFdouJc0wxZEnYCHajX8mRuXZfy6duy8n1uvmtRynQXzlhVCwjNwLFCTuvvIpNSazds1uefI2FZyvqGuAYC4Dm43Ic22biePv-2FArto40ekomfgkb-2Fnsqcbk68e1DKFRwS7APA4gRFlULLppSWJ-2BnlWN-2F3RpWx3Z3ZYHqpInLfQxuiXHLYX7RroKw4uT7oGTP8JPrS7DGuI1EFquMFBBjQqKOWYkhBCHYWgMxuLNF3jPpfqufSHMuizk9p-2FRT9MI-2BpoyZlOe-2FVEELHSiAJ6OCLArPnEKskeot2Y9JALV3t1B2KmlZNyiki-2FARUCT0l5IBDfMcH3H7OP0jjLR8NjB7xi7ZZOe8XVD1V2AH0827fepiWYoWCAhQFuaInjPKtEMacUCwVSfwcjwQiDFTYZyci2l1UAE3gfnKvZbG00WCyGNcuy6I37tzrZP8hr0PXWqWL5uH2z3kQOfRytsRfI89vpcbLy9Iw5DTY0W-2FJkeJVMFrjnt0B7QQdTN5FlxsBNv-2FRP8YNr4U1-2BGcr6z4GiPme8Jv-2FWJeeRZ3IX-2FSzUH14AUrtqg9aWpu-2BuiWFBS1GCCOJvtMQABSobpeRxHed-2BzTrg-3D-3D|https://url8303.mdx.ac.ae/ls/click?upn=u001.qKO7kt4vmTGNswDJmump2fh-2BeZ-2F6zb8vRHYIwIAJ5uUHwMxG5KS6iMrYHQ32jxScFd-2FRC9FhMba5YQ8ztd8m3d-2FwQSAzrSccjSrGWCTlAm2rF76rAZXmY9dwjhQXcVXGAWBWmb3WeSn6BRQsEFS5eQ-3D-3Db_0U_-2FnxC0uuWwXVLvv-2FPcJIdQC9bKMk-2F8uXLPNfQ2WOqhE62uDMIO2D3ccNnJNXwTffdNjdEyvnDq7VLTV7VRHmI2bAs8TKD0ZSsp2fCl4TsG1L3T5J2O-2BdkCYZgDkRRMHCCLh-2FzboLHZZpoJIQ6jsR3j8TReUNg5KfQzNXtMmuleJLGs12E-2BNvLshNsaaI51FB43r7ABmkxwRTA9PtxwLmk7trJ9topqs6z4DeY36sWECUa0rzXyPtk4byTFHaA3n87cGMHpVZqUUySmZxhPhbUWQ56mAis5cuD-2FHhgN6pPjbmvTrFhbbi5YczgqnkdM9sQb666phhk3FaW035vr-2FdvQJ84h41s2jFDWAuICBeXALlpT-2BOTuqTX3ciDibM-2FkCKhuFdouJc0wxZEnYCHajX8mRuXZfy6duy8n1uvmtRynQXzlhVCwjNwLFCTuvvIpNSazds1uefI2FZyvqGuAYC4Dm43Ic22biePv-2FArto40ekomfgkb-2Fnsqcbk68e1DKFRwS7APA4gRFlULLppSWJ-2BnlWN-2F3RpWx3Z3ZYHqpInLfQxuiXHLYX7RroKw4uT7oGTP8JPrS7DGuI1EFquMFBBjQqKOWYkhBCHYWgMxuLNF3jPpfqufSHMuizk9p-2FRT9MI-2BpoyZlOe-2FVEELHSiAJ6OCLArPnEKskeot2Y9JALV3t1B2KmlZNyiki-2FARUCT0l5IBDfMcH3H7OP0jjLR8NjB7xi7ZZOe8XVD1V2AH0827fepiWYoWCAhQFuaInjPKtEMacUCwVSfwcjwQiDFTYZyci2l1UAE3gfnKvZbG00WCyGNcuy6I37tzrZP8hr0PXWqWL5uH2z3kQOfRytsRfI89vpcbLy9Iw5DTY0W-2FJkeJVMFrjnt0B7QQdTN5FlxsBNv-2FRP8YNr4U1-2BGcr6z4GiPme8Jv-2FWJeeRZ3IX-2FSzUH14AUrtqg9aWpu-2BuiWFBS1GCCOJvtMQABSobpeRxHed-2BzTrg-3D-3D.|https://eur02.safelinks.protection.outlook.com/?url=https%3A%2F%2Furl8303.mdx.ac.ae%2Fls%2Fclick%3Fupn%3Du001.qKO7kt4vmTGNswDJmump2TS0qLj6btDp4SYw8mKyxZzwduqLixVV2FgdY-2B9T8TdwjScNYmlNga5-2FHOhtz-2Bghvg-3D-3DMo9k_-2FnxC0uuWwXVLvv-2FPcJIdQC9bKMk-2F8uXLPNfQ2WOqhE62uDMIO2D3ccNnJNXwTffdNjdEyvnDq7VLTV7VRHmI2bAs8TKD0ZSsp2fCl4TsG1L3T5J2O-2BdkCYZgDkRRMHCCLh-2FzboLHZZpoJIQ6jsR3j8TReUNg5KfQzNXtMmuleJLGs12E-2BNvLshNsaaI51FB43r7ABmkxwRTA9PtxwLmk7trJ9topqs6z4DeY36sWECUa0rzXyPtk4byTFHaA3n87cGMHpVZqUUySmZxhPhbUWQ56mAis5cuD-2FHhgN6pPjbmvTrFhbbi5YczgqnkdM9sQb666phhk3FaW035vr-2FdvQJ84h41s2jFDWAuICBeXALlpT-2BOTuqTX3ciDibM-2FkCKhuFdouJc0wxZEnYCHajX8mRuXZfy6duy8n1uvmtRynQXzlhVCwjNwLFCTuvvIpNSazds1uefI2FZyvqGuAYC4Dm43Ic22biePv-2FArto40ekomfgkb-2Fnsqcbk68e1DKFRwS7APA4gRFlULLppSWJ-2BnlWN-2F3RpWx3Z3ZYHqpInLfQxuiXHLYX7RroKw4uT7oGTP8JPrS7DGuI1EFquMFBBjQqKOWYkhBCHYWgMxuLNF3jPpfqufSHMuizk9p-2FRT9MI-2BpoyZlOe-2FVEELHSiAJ6OCLArPnEKskeot2Y9JALV3t1B2KmlZNyiki-2FARUCT0l5IBDfMcH3H7OP0jjLR8NjB7xi7ZZOe8XVD1V2AH0827fepiWYoWCAhQFuaInjPKtEMacUCwVSfwcjwQiDFTYZyci2l1UAE3gfnKvZbG00WCyGNcuy6I37tzrZP8hr0PXWqWL5uH2z3kQOfRytsRfI89viZSelorAYrx06Os7RwmkPFE0sCpu7NaVvt7RayIHFGLAuTMiIdOVbSWgqX5-2BoWUiGnhzk81LKFApyy2kIrUM6WrCtvSxmBp9L0p-2BR36h3H1C0HL4yWVwgA6C8OxmiQ8PA-3D-3D&amp;data=05%7C02%7Caa6381%40live.mdx.ac.uk%7Cc10529a75ee9441ff17708dee7b684c4%7C38e37b88a3a148cf9f056537427fed24%7C0%7C0%7C639202968316368659%7CUnknown%7CTWFpbGZsb3d8eyJFbXB0eU1hcGkiOnRydWUsIlYiOiIwLjAuMDAwMCIsIlAiOiJXaW4zMiIsIkFOIjoiTWFpbCIsIldUIjoyfQ%3D%3D%7C0%7C%7C%7C&amp;sdata=v1eqmeEpNGNTczfVUcwjmp5yKgMq0yjxO3ynZDPoC%2Bo%3D&amp;reserved=0|https://url8303.mdx.ac.ae/ls/click?upn=u001.qKO7kt4vmTGNswDJmump2TS0qLj6btDp4SYw8mKyxZzwduqLixVV2FgdY-2B9T8TdwjScNYmlNga5-2FHOhtz-2Bghvg-3D-3DMo9k_-2FnxC0uuWwXVLvv-2FPcJIdQC9bKMk-2F8uXLPNfQ2WOqhE62uDMIO2D3ccNnJNXwTffdNjdEyvnDq7VLTV7VRHmI2bAs8TKD0ZSsp2fCl4TsG1L3T5J2O-2BdkCYZgDkRRMHCCLh-2FzboLHZZpoJIQ6jsR3j8TReUNg5KfQzNXtMmuleJLGs12E-2BNvLshNsaaI51FB43r7ABmkxwRTA9PtxwLmk7trJ9topqs6z4DeY36sWECUa0rzXyPtk4byTFHaA3n87cGMHpVZqUUySmZxhPhbUWQ56mAis5cuD-2FHhgN6pPjbmvTrFhbbi5YczgqnkdM9sQb666phhk3FaW035vr-2FdvQJ84h41s2jFDWAuICBeXALlpT-2BOTuqTX3ciDibM-2FkCKhuFdouJc0wxZEnYCHajX8mRuXZfy6duy8n1uvmtRynQXzlhVCwjNwLFCTuvvIpNSazds1uefI2FZyvqGuAYC4Dm43Ic22biePv-2FArto40ekomfgkb-2Fnsqcbk68e1DKFRwS7APA4gRFlULLppSWJ-2BnlWN-2F3RpWx3Z3ZYHqpInLfQxuiXHLYX7RroKw4uT7oGTP8JPrS7DGuI1EFquMFBBjQqKOWYkhBCHYWgMxuLNF3jPpfqufSHMuizk9p-2FRT9MI-2BpoyZlOe-2FVEELHSiAJ6OCLArPnEKskeot2Y9JALV3t1B2KmlZNyiki-2FARUCT0l5IBDfMcH3H7OP0jjLR8NjB7xi7ZZOe8XVD1V2AH0827fepiWYoWCAhQFuaInjPKtEMacUCwVSfwcjwQiDFTYZyci2l1UAE3gfnKvZbG00WCyGNcuy6I37tzrZP8hr0PXWqWL5uH2z3kQOfRytsRfI89viZSelorAYrx06Os7RwmkPFE0sCpu7NaVvt7RayIHFGLAuTMiIdOVbSWgqX5-2BoWUiGnhzk81LKFApyy2kIrUM6WrCtvSxmBp9L0p-2BR36h3H1C0HL4yWVwgA6C8OxmiQ8PA-3D-3D|https://url8303.mdx.ac.ae/ls/click?upn=u001.qKO7kt4vmTGNswDJmump2TS0qLj6btDp4SYw8mKyxZzwduqLixVV2FgdY-2B9T8TdwjScNYmlNga5-2FHOhtz-2Bghvg-3D-3DMo9k_-2FnxC0uuWwXVLvv-2FPcJIdQC9bKMk-2F8uXLPNfQ2WOqhE62uDMIO2D3ccNnJNXwTffdNjdEyvnDq7VLTV7VRHmI2bAs8TKD0ZSsp2fCl4TsG1L3T5J2O-2BdkCYZgDkRRMHCCLh-2FzboLHZZpoJIQ6jsR3j8TReUNg5KfQzNXtMmuleJLGs12E-2BNvLshNsaaI51FB43r7ABmkxwRTA9PtxwLmk7trJ9topqs6z4DeY36sWECUa0rzXyPtk4byTFHaA3n87cGMHpVZqUUySmZxhPhbUWQ56mAis5cuD-2FHhgN6pPjbmvTrFhbbi5YczgqnkdM9sQb666phhk3FaW035vr-2FdvQJ84h41s2jFDWAuICBeXALlpT-2BOTuqTX3ciDibM-2FkCKhuFdouJc0wxZEnYCHajX8mRuXZfy6duy8n1uvmtRynQXzlhVCwjNwLFCTuvvIpNSazds1uefI2FZyvqGuAYC4Dm43Ic22biePv-2FArto40ekomfgkb-2Fnsqcbk68e1DKFRwS7APA4gRFlULLppSWJ-2BnlWN-2F3RpWx3Z3ZYHqpInLfQxuiXHLYX7RroKw4uT7oGTP8JPrS7DGuI1EFquMFBBjQqKOWYkhBCHYWgMxuLNF3jPpfqufSHMuizk9p-2FRT9MI-2BpoyZlOe-2FVEELHSiAJ6OCLArPnEKskeot2Y9JALV3t1B2KmlZNyiki-2FARUCT0l5IBDfMcH3H7OP0jjLR8NjB7xi7ZZOe8XVD1V2AH0827fepiWYoWCAhQFuaInjPKtEMacUCwVSfwcjwQiDFTYZyci2l1UAE3gfnKvZbG00WCyGNcuy6I37tzrZP8hr0PXWqWL5uH2z3kQOfRytsRfI89viZSelorAYrx06Os7RwmkPFE0sCpu7NaVvt7RayIHFGLAuTMiIdOVbSWgqX5-2BoWUiGnhzk81LKFApyy2kIrUM6WrCtvSxmBp9L0p-2BR36h3H1C0HL4yWVwgA6C8OxmiQ8PA-3D-3D.|https://eur02.safelinks.protection.outlook.com/?url=https%3A%2F%2Furl8303.mdx.ac.ae%2Fls%2Fclick%3Fupn%3Du001.qKO7kt4vmTGNswDJmump2U7d8o-2BPbZbw0bGpPf6kJhKQH-2BGVZsvxobNDwn4PbC0NTHOW397O-2FXf2RUU8-2BvWoBA-3D-3DJqLq_-2FnxC0uuWwXVLvv-2FPcJIdQC9bKMk-2F8uXLPNfQ2WOqhE62uDMIO2D3ccNnJNXwTffdNjdEyvnDq7VLTV7VRHmI2bAs8TKD0ZSsp2fCl4TsG1L3T5J2O-2BdkCYZgDkRRMHCCLh-2FzboLHZZpoJIQ6jsR3j8TReUNg5KfQzNXtMmuleJLGs12E-2BNvLshNsaaI51FB43r7ABmkxwRTA9PtxwLmk7trJ9topqs6z4DeY36sWECUa0rzXyPtk4byTFHaA3n87cGMHpVZqUUySmZxhPhbUWQ56mAis5cuD-2FHhgN6pPjbmvTrFhbbi5YczgqnkdM9sQb666phhk3FaW035vr-2FdvQJ84h41s2jFDWAuICBeXALlpT-2BOTuqTX3ciDibM-2FkCKhuFdouJc0wxZEnYCHajX8mRuXZfy6duy8n1uvmtRynQXzlhVCwjNwLFCTuvvIpNSazds1uefI2FZyvqGuAYC4Dm43Ic22biePv-2FArto40ekomfgkb-2Fnsqcbk68e1DKFRwS7APA4gRFlULLppSWJ-2BnlWN-2F3RpWx3Z3ZYHqpInLfQxuiXHLYX7RroKw4uT7oGTP8JPrS7DGuI1EFquMFBBjQqKOWYkhBCHYWgMxuLNF3jPpfqufSHMuizk9p-2FRT9MI-2BpoyZlOe-2FVEELHSiAJ6OCLArPnEKskeot2Y9JALV3t1B2KmlZNyiki-2FARUCT0l5IBDfMcH3H7OP0jjLR8NjB7xi7ZZOe8XVD1V2AH0827fepiWYoWCAhQFuaInjPKtEMacUCwVSfwcjwQiDFTYZyci2l1UAE3gfnKvZbG00WCyGNcuy6I37tzrZP8hr0PXWqWL5uH2z3kQOfRytsRfI89vl2oErjFVlo2s34jNck6-2BlAYR1TfBmwn1y4XWPnVLJiXV-2BouJyH9lNefjTBfQCm-2B5fPq8uuAW6KEFaP2-2BBDp-2BBe-2FkNKY4xyVRSvOc2TdDPDas5rFG7PvnQbwN5uIolYtZA-3D-3D&amp;data=05%7C02%7Caa6381%40live.mdx.ac.uk%7Cc10529a75ee9441ff17708dee7b684c4%7C38e37b88a3a148cf9f056537427fed24%7C0%7C0%7C639202968316386613%7CUnknown%7CTWFpbGZsb3d8eyJFbXB0eU1hcGkiOnRydWUsIlYiOiIwLjAuMDAwMCIsIlAiOiJXaW4zMiIsIkFOIjoiTWFpbCIsIldUIjoyfQ%3D%3D%7C0%7C%7C%7C&amp;sdata=iFaK7E4llKPz%2BVdeGUAluH4qTFJks5uXEaV8AnlvAwA%3D&amp;reserved=0|https://url8303.mdx.ac.ae/ls/click?upn=u001.qKO7kt4vmTGNswDJmump2U7d8o-2BPbZbw0bGpPf6kJhKQH-2BGVZsvxobNDwn4PbC0NTHOW397O-2FXf2RUU8-2BvWoBA-3D-3DJqLq_-2FnxC0uuWwXVLvv-2FPcJIdQC9bKMk-2F8uXLPNfQ2WOqhE62uDMIO2D3ccNnJNXwTffdNjdEyvnDq7VLTV7VRHmI2bAs8TKD0ZSsp2fCl4TsG1L3T5J2O-2BdkCYZgDkRRMHCCLh-2FzboLHZZpoJIQ6jsR3j8TReUNg5KfQzNXtMmuleJLGs12E-2BNvLshNsaaI51FB43r7ABmkxwRTA9PtxwLmk7trJ9topqs6z4DeY36sWECUa0rzXyPtk4byTFHaA3n87cGMHpVZqUUySmZxhPhbUWQ56mAis5cuD-2FHhgN6pPjbmvTrFhbbi5YczgqnkdM9sQb666phhk3FaW035vr-2FdvQJ84h41s2jFDWAuICBeXALlpT-2BOTuqTX3ciDibM-2FkCKhuFdouJc0wxZEnYCHajX8mRuXZfy6duy8n1uvmtRynQXzlhVCwjNwLFCTuvvIpNSazds1uefI2FZyvqGuAYC4Dm43Ic22biePv-2FArto40ekomfgkb-2Fnsqcbk68e1DKFRwS7APA4gRFlULLppSWJ-2BnlWN-2F3RpWx3Z3ZYHqpInLfQxuiXHLYX7RroKw4uT7oGTP8JPrS7DGuI1EFquMFBBjQqKOWYkhBCHYWgMxuLNF3jPpfqufSHMuizk9p-2FRT9MI-2BpoyZlOe-2FVEELHSiAJ6OCLArPnEKskeot2Y9JALV3t1B2KmlZNyiki-2FARUCT0l5IBDfMcH3H7OP0jjLR8NjB7xi7ZZOe8XVD1V2AH0827fepiWYoWCAhQFuaInjPKtEMacUCwVSfwcjwQiDFTYZyci2l1UAE3gfnKvZbG00WCyGNcuy6I37tzrZP8hr0PXWqWL5uH2z3kQOfRytsRfI89vl2oErjFVlo2s34jNck6-2BlAYR1TfBmwn1y4XWPnVLJiXV-2BouJyH9lNefjTBfQCm-2B5fPq8uuAW6KEFaP2-2BBDp-2BBe-2FkNKY4xyVRSvOc2TdDPDas5rFG7PvnQbwN5uIolYtZA-3D-3D|https://url8303.mdx.ac.ae/ls/click?upn=u001.qKO7kt4vmTGNswDJmump2U7d8o-2BPbZbw0bGpPf6kJhKQH-2BGVZsvxobNDwn4PbC0NTHOW397O-2FXf2RUU8-2BvWoBA-3D-3DJqLq_-2FnxC0uuWwXVLvv-2FPcJIdQC9bKMk-2F8uXLPNfQ2WOqhE62uDMIO2D3ccNnJNXwTffdNjdEyvnDq7VLTV7VRHmI2bAs8TKD0ZSsp2fCl4TsG1L3T5J2O-2BdkCYZgDkRRMHCCLh-2FzboLHZZpoJIQ6jsR3j8TReUNg5KfQzNXtMmuleJLGs12E-2BNvLshNsaaI51FB43r7ABmkxwRTA9PtxwLmk7trJ9topqs6z4DeY36sWECUa0rzXyPtk4byTFHaA3n87cGMHpVZqUUySmZxhPhbUWQ56mAis5cuD-2FHhgN6pPjbmvTrFhbbi5YczgqnkdM9sQb666phhk3FaW035vr-2FdvQJ84h41s2jFDWAuICBeXALlpT-2BOTuqTX3ciDibM-2FkCKhuFdouJc0wxZEnYCHajX8mRuXZfy6duy8n1uvmtRynQXzlhVCwjNwLFCTuvvIpNSazds1uefI2FZyvqGuAYC4Dm43Ic22biePv-2FArto40ekomfgkb-2Fnsqcbk68e1DKFRwS7APA4gRFlULLppSWJ-2BnlWN-2F3RpWx3Z3ZYHqpInLfQxuiXHLYX7RroKw4uT7oGTP8JPrS7DGuI1EFquMFBBjQqKOWYkhBCHYWgMxuLNF3jPpfqufSHMuizk9p-2FRT9MI-2BpoyZlOe-2FVEELHSiAJ6OCLArPnEKskeot2Y9JALV3t1B2KmlZNyiki-2FARUCT0l5IBDfMcH3H7OP0jjLR8NjB7xi7ZZOe8XVD1V2AH0827fepiWYoWCAhQFuaInjPKtEMacUCwVSfwcjwQiDFTYZyci2l1UAE3gfnKvZbG00WCyGNcuy6I37tzrZP8hr0PXWqWL5uH2z3kQOfRytsRfI89vl2oErjFVlo2s34jNck6-2BlAYR1TfBmwn1y4XWPnVLJiXV-2BouJyH9lNefjTBfQCm-2B5fPq8uuAW6KEFaP2-2BBDp-2BBe-2FkNKY4xyVRSvOc2TdDPDas5rFG7PvnQbwN5uIolYtZA-3D-3D.|https://eur02.safelinks.protection.outlook.com/?url=https%3A%2F%2Furl8303.mdx.ac.ae%2Fls%2Fclick%3Fupn%3Du001.qKO7kt4vmTGNswDJmump2WMQRURHWeSWso-2FeW3ShGDs-2FFV97OS63uE1QA7XPGBo2btAqvNI77A4Mwi4yqLQTJw-3D-3DdH53_-2FnxC0uuWwXVLvv-2FPcJIdQC9bKMk-2F8uXLPNfQ2WOqhE62uDMIO2D3ccNnJNXwTffdNjdEyvnDq7VLTV7VRHmI2bAs8TKD0ZSsp2fCl4TsG1L3T5J2O-2BdkCYZgDkRRMHCCLh-2FzboLHZZpoJIQ6jsR3j8TReUNg5KfQzNXtMmuleJLGs12E-2BNvLshNsaaI51FB43r7ABmkxwRTA9PtxwLmk7trJ9topqs6z4DeY36sWECUa0rzXyPtk4byTFHaA3n87cGMHpVZqUUySmZxhPhbUWQ56mAis5cuD-2FHhgN6pPjbmvTrFhbbi5YczgqnkdM9sQb666phhk3FaW035vr-2FdvQJ84h41s2jFDWAuICBeXALlpT-2BOTuqTX3ciDibM-2FkCKhuFdouJc0wxZEnYCHajX8mRuXZfy6duy8n1uvmtRynQXzlhVCwjNwLFCTuvvIpNSazds1uefI2FZyvqGuAYC4Dm43Ic22biePv-2FArto40ekomfgkb-2Fnsqcbk68e1DKFRwS7APA4gRFlULLppSWJ-2BnlWN-2F3RpWx3Z3ZYHqpInLfQxuiXHLYX7RroKw4uT7oGTP8JPrS7DGuI1EFquMFBBjQqKOWYkhBCHYWgMxuLNF3jPpfqufSHMuizk9p-2FRT9MI-2BpoyZlOe-2FVEELHSiAJ6OCLArPnEKskeot2Y9JALV3t1B2KmlZNyiki-2FARUCT0l5IBDfMcH3H7OP0jjLR8NjB7xi7ZZOe8XVD1V2AH0827fepiWYoWCAhQFuaInjPKtEMacUCwVSfwcjwQiDFTYZyci2l1UAE3gfnKvZbG00WCyGNcuy6I37tzrZP8hr0PXWqWL5uH2z3kQOfRytsRfI89vtx2pS9gZR1UQthu7qDZIHFb-2B-2FV0kl4Mq8IBys3C0kNCJlJCFnCmjVnOAdhWLvHX-2FBKfwebLEZteEqf2wudYUNu5kw3Hn-2Bq7V6uC5vujVsN2gNoaYLwOlHvnUGatFcwZFQ-3D-3D&amp;data=05%7C02%7Caa6381%40live.mdx.ac.uk%7Cc10529a75ee9441ff17708dee7b684c4%7C38e37b88a3a148cf9f056537427fed24%7C0%7C0%7C639202968316405345%7CUnknown%7CTWFpbGZsb3d8eyJFbXB0eU1hcGkiOnRydWUsIlYiOiIwLjAuMDAwMCIsIlAiOiJXaW4zMiIsIkFOIjoiTWFpbCIsIldUIjoyfQ%3D%3D%7C0%7C%7C%7C&amp;sdata=Xf%2BxYaZZUV%2FSykHD9J3xM1EmhvE%2FCazOQrM%2B5PmoguI%3D&amp;reserved=0,none,none,none,0,1,0.702,1,0.351
handshake@g.joinhandshake.com,"Jobs for you like Register Your Interest - Graduate Programme 2027 on Handshake this week

Summarise this email","
	
You don't often get email from handshake@g.joinhandshake.com. Learn why this is important
	

[?utm_medium=email&utm_source=iterable&utm_campaign=Pre-User Job Recs Higher Degrees Afternoon Send]
Jobs for you this week

Hi Amritha,

 

Handshake partners with Middlesex University to help you grow your career. This week, we've picked a few opportunities just for you. [?utm_medium=email&utm_source=iterable&utm_campaign=Pre-User Job Recs Higher Degrees Afternoon Send]Log in to activate your school-created account and explore more roles like these.


[?utm_medium=email&utm_source=iterable&utm_campaign=Pre-User Job Recs Higher Degrees Afternoon Send]Activate account
 
 
	

Register Your Interest - Graduate Programme 2027

Employment 4 Students

Industry: Other

	

Chief Technology Officer

V",https://aka.ms/LearnAboutSenderIdentification|https://eur02.safelinks.protection.outlook.com/?url=https%3A%2F%2Femail.g.joinhandshake.com%2Fc%2FeJyE003vqjgUBvBPgztNaSmFhQtB8R1FRdQNKW1BkFctoH76yX_u3LuZTGZ3kt_zJGdxDh9HAAKMBmKsEkPDhgEIGtzHIjJxjAjXgQEhNxnHGouoKWKoQt3EYpCOIYA6IBBAiDWERpzFuooNI9YF55BDRQPJKKvS8k5L_rrThxixqhjk47uU9UtBEwU6CnTytHy8_p1ToEMV6LA8ZQ8FOaFU0DRGKlcNFHFkCg0QFGmGinQqDGEanGqxAvWwUNAURUKPYsE1RrhGTGz-DKYa4wghFcT4JycUNG2KyWJ3bTZqw-tz6z5fMq8xgjQ5XhxWeuQ017OPnAxhVC2b_emY127ZDxMudveYAYBOt2mA0mSzD23TfofX4NVtY2e98W_zeFrXwXkI17bfxu3X2hvEl64b-XV0-ObfCL_xlt9LB7LV03R218nZda1unwEPl6vZTN3wVXILrVVTU3Xx6rNuYlAXgAwO1_3-VH3ndpPxL895IvEkZEXvyXQnqjN9b45231dtErCmqK08QewTDpdPYx3t21m1kLEjsslOPe5nIQMyeCDnuY31xNgMGyvNl8vw1MTpfdZ-ik_fRBdNrk1LXoJzYFe5Y5KFU7vZzr-0nxM5bAmihW_PNq372SXvp9FnK9fzesu-LOtazN_D7lsdulXAjiADlSUD29DOu6qfnm7fDjym_tcm4vFZnOZ164sDt6-3m3vzmQ31WE0TBg_3_lsDvdUI8dziQa-na-KTI7tjthzaHwfet8mi_LDYc3kWhG7ASi8Wc0YvPmbHVdcAvHxTUR_mp_3FGlb-9Uu4o3pFPtE2rQaT6avh9sVe3WJj3Vhedj6i4cN20o3e1HhroXO797bioul1Z92ICOamHmvcpCSXTavyZsgW4Wzbo32wkwv_9oBif32YvQo93e5CGRQ76lM-UyBG00EhJOVU0rFCLAXCQrxeNBFLrkD49z_A_79cqEBbgVCKos6p_NOF0FB1FeNfWj-rTDD5Gw1E0C9gtKhpmpS_RSUYYqD9U3sKltapKKX_Es-1-PxZi1IdGaqigTztxKjg7xFlo_bx42Q6eI7_wwfdGP4VAAD___MwYME&amp;data=05%7C02%7Caa6381%40live.mdx.ac.uk%7Ce283dd06c0c84f6f74c008dee6b1de60%7C38e37b88a3a148cf9f056537427fed24%7C0%7C0%7C639201848780493686%7CUnknown%7CTWFpbGZsb3d8eyJFbXB0eU1hcGkiOnRydWUsIlYiOiIwLjAuMDAwMCIsIlAiOiJXaW4zMiIsIkFOIjoiTWFpbCIsIldUIjoyfQ%3D%3D%7C0%7C%7C%7C&amp;sdata=Dglr7BpyMb6rXj2GaafoF5KHvIorYzlGfBJpeJ8VbJM%3D&amp;reserved=0|https://email.g.joinhandshake.com/c/eJyE003vqjgUBvBPgztNaSmFhQtB8R1FRdQNKW1BkFctoH76yX_u3LuZTGZ3kt_zJGdxDh9HAAKMBmKsEkPDhgEIGtzHIjJxjAjXgQEhNxnHGouoKWKoQt3EYpCOIYA6IBBAiDWERpzFuooNI9YF55BDRQPJKKvS8k5L_rrThxixqhjk47uU9UtBEwU6CnTytHy8_p1ToEMV6LA8ZQ8FOaFU0DRGKlcNFHFkCg0QFGmGinQqDGEanGqxAvWwUNAURUKPYsE1RrhGTGz-DKYa4wghFcT4JycUNG2KyWJ3bTZqw-tz6z5fMq8xgjQ5XhxWeuQ017OPnAxhVC2b_emY127ZDxMudveYAYBOt2mA0mSzD23TfofX4NVtY2e98W_zeFrXwXkI17bfxu3X2hvEl64b-XV0-ObfCL_xlt9LB7LV03R218nZda1unwEPl6vZTN3wVXILrVVTU3Xx6rNuYlAXgAwO1_3-VH3ndpPxL895IvEkZEXvyXQnqjN9b45231dtErCmqK08QewTDpdPYx3t21m1kLEjsslOPe5nIQMyeCDnuY31xNgMGyvNl8vw1MTpfdZ-ik_fRBdNrk1LXoJzYFe5Y5KFU7vZzr-0nxM5bAmihW_PNq372SXvp9FnK9fzesu-LOtazN_D7lsdulXAjiADlSUD29DOu6qfnm7fDjym_tcm4vFZnOZ164sDt6-3m3vzmQ31WE0TBg_3_lsDvdUI8dziQa-na-KTI7tjthzaHwfet8mi_LDYc3kWhG7ASi8Wc0YvPmbHVdcAvHxTUR_mp_3FGlb-9Uu4o3pFPtE2rQaT6avh9sVe3WJj3Vhedj6i4cN20o3e1HhroXO797bioul1Z92ICOamHmvcpCSXTavyZsgW4Wzbo32wkwv_9oBif32YvQo93e5CGRQ76lM-UyBG00EhJOVU0rFCLAXCQrxeNBFLrkD49z_A_79cqEBbgVCKos6p_NOF0FB1FeNfWj-rTDD5Gw1E0C9gtKhpmpS_RSUYYqD9U3sKltapKKX_Es-1-PxZi1IdGaqigTztxKjg7xFlo_bx42Q6eI7_wwfdGP4VAAD___MwYME|https://email.g.joinhandshake.com/c/eJyE003vqjgUBvBPgztNaSmFhQtB8R1FRdQNKW1BkFctoH76yX_u3LuZTGZ3kt_zJGdxDh9HAAKMBmKsEkPDhgEIGtzHIjJxjAjXgQEhNxnHGouoKWKoQt3EYpCOIYA6IBBAiDWERpzFuooNI9YF55BDRQPJKKvS8k5L_rrThxixqhjk47uU9UtBEwU6CnTytHy8_p1ToEMV6LA8ZQ8FOaFU0DRGKlcNFHFkCg0QFGmGinQqDGEanGqxAvWwUNAURUKPYsE1RrhGTGz-DKYa4wghFcT4JycUNG2KyWJ3bTZqw-tz6z5fMq8xgjQ5XhxWeuQ017OPnAxhVC2b_emY127ZDxMudveYAYBOt2mA0mSzD23TfofX4NVtY2e98W_zeFrXwXkI17bfxu3X2hvEl64b-XV0-ObfCL_xlt9LB7LV03R218nZda1unwEPl6vZTN3wVXILrVVTU3Xx6rNuYlAXgAwO1_3-VH3ndpPxL895IvEkZEXvyXQnqjN9b45231dtErCmqK08QewTDpdPYx3t21m1kLEjsslOPe5nIQMyeCDnuY31xNgMGyvNl8vw1MTpfdZ-ik_fRBdNrk1LXoJzYFe5Y5KFU7vZzr-0nxM5bAmihW_PNq372SXvp9FnK9fzesu-LOtazN_D7lsdulXAjiADlSUD29DOu6qfnm7fDjym_tcm4vFZnOZ164sDt6-3m3vzmQ31WE0TBg_3_lsDvdUI8dziQa-na-KTI7tjthzaHwfet8mi_LDYc3kWhG7ASi8Wc0YvPmbHVdcAvHxTUR_mp_3FGlb-9Uu4o3pFPtE2rQaT6avh9sVe3WJj3Vhedj6i4cN20o3e1HhroXO797bioul1Z92ICOamHmvcpCSXTavyZsgW4Wzbo32wkwv_9oBif32YvQo93e5CGRQ76lM-UyBG00EhJOVU0rFCLAXCQrxeNBFLrkD49z_A_79cqEBbgVCKos6p_NOF0FB1FeNfWj-rTDD5Gw1E0C9gtKhpmpS_RSUYYqD9U3sKltapKKX_Es-1-PxZi1IdGaqigTztxKjg7xFlo_bx42Q6eI7_wwfdGP4VAAD___MwYME.|https://eur02.safelinks.protection.outlook.com/?url=https%3A%2F%2Femail.g.joinhandshake.com%2Fc%2FeJyE00uPqkgUB_BPgzs79aCgWLhAaHwhYouCbkhRVQgKCBQ-2k8_6blz72Yymd1Jfv9_chbniEkGECB4JCfQpDqhFJh4VEwYBcQiDAAJdWFZQEKDQomwNLkpLBONygkCyAAmAggRHeMPwXMDEkpzQwqBBNJ0cP643MqmYI1QBbvKD36rR9WkGIZWadjWkKchryqbq_p3TkMe05DHq5JfNeylg4bdHEMBKc4EtqQOTJzpFGKDSSotKpiea8hIaw27OJNGlkuhc1PopkWsn8GCOckwhiAnPzmpYber7fnm2PmwE-3hHvRqqFqCETvvEo83WzOaGZfvwR6j7LbowmhXtUHzHJ-F3BQ5BwBHJzfG5dkPU8dyXukxVo917q38_WmWu20bH8Zo5ezv-f09Dam5H4Ig27fZ17t6Z-RF1qJoPMSXveVtjvYhCKaP8AK2pFl-fkJfLM-ndLrsWgbn6nl52JQFAFzQePUMo9t75nQX8RaVOA_ETnn93A7lRt4O7OX06oz1dDa7881g-d0-ygYjpsR7Rh0LzlZCn1I3r5uU7-J5vgqO2bXH4xntZFntvJYUfvhaKmidHOWGkVrcj6EKecT6sSlL6_MRxF23Dri-bYmYBffpsii_pk3h9Cl4HcJdmRlzd29cd2rYOnu8HcdhQIqhgiL59G0Ev3KDZwbFwW0tFgmZsau5LYrj2_1aJCCCWdZaQRvf4kWRzl7TDLO7IoMTmORwt-j5mbgPN17bNl7T1E-UzdH9iVfXIYryh5lt83SMHtWzcdz3rd56hlWq8BLN1KbeVwtftol-Ozk6R6RVhZu-_Rn_9rpxYtZQbhvZ7xb6LiMDDuMCF7B_XZ3viCviWFk997tWXWgaJQrdCfGDqJKN228i28b67gjfANAxmx_tIeyT9tD4Can82A9OS2jq8V5DBLujWg5MsIFNNHOqIVRLpdhZLoSG0N__gP7_cpGGHA2hQdZtxYY_XYQoNCAhv7TtbxfJh99IsYl_AWd1y8pz81ugSRAB-j-1XvKyLWUz7JXsV_L7z1qMGZhCTQdV-ZAftXh9MP5xv_646Y76yX_46DFBfwUAAP__hbhdIw&amp;data=05%7C02%7Caa6381%40live.mdx.ac.uk%7Ce283dd06c0c84f6f74c008dee6b1de60%7C38e37b88a3a148cf9f056537427fed24%7C0%7C0%7C639201848780521617%7CUnknown%7CTWFpbGZsb3d8eyJFbXB0eU1hcGkiOnRydWUsIlYiOiIwLjAuMDAwMCIsIlAiOiJXaW4zMiIsIkFOIjoiTWFpbCIsIldUIjoyfQ%3D%3D%7C0%7C%7C%7C&amp;sdata=rkueg5ftrwnPxJUtdB2MuDin2wHDfSYJ9qV7eF%2FqiK4%3D&amp;reserved=0|https://email.g.joinhandshake.com/c/eJyE00uPqkgUB_BPgzs79aCgWLhAaHwhYouCbkhRVQgKCBQ-2k8_6blz72Yymd1Jfv9_chbniEkGECB4JCfQpDqhFJh4VEwYBcQiDAAJdWFZQEKDQomwNLkpLBONygkCyAAmAggRHeMPwXMDEkpzQwqBBNJ0cP643MqmYI1QBbvKD36rR9WkGIZWadjWkKchryqbq_p3TkMe05DHq5JfNeylg4bdHEMBKc4EtqQOTJzpFGKDSSotKpiea8hIaw27OJNGlkuhc1PopkWsn8GCOckwhiAnPzmpYber7fnm2PmwE-3hHvRqqFqCETvvEo83WzOaGZfvwR6j7LbowmhXtUHzHJ-F3BQ5BwBHJzfG5dkPU8dyXukxVo917q38_WmWu20bH8Zo5ezv-f09Dam5H4Ig27fZ17t6Z-RF1qJoPMSXveVtjvYhCKaP8AK2pFl-fkJfLM-ndLrsWgbn6nl52JQFAFzQePUMo9t75nQX8RaVOA_ETnn93A7lRt4O7OX06oz1dDa7881g-d0-ygYjpsR7Rh0LzlZCn1I3r5uU7-J5vgqO2bXH4xntZFntvJYUfvhaKmidHOWGkVrcj6EKecT6sSlL6_MRxF23Dri-bYmYBffpsii_pk3h9Cl4HcJdmRlzd29cd2rYOnu8HcdhQIqhgiL59G0Ev3KDZwbFwW0tFgmZsau5LYrj2_1aJCCCWdZaQRvf4kWRzl7TDLO7IoMTmORwt-j5mbgPN17bNl7T1E-UzdH9iVfXIYryh5lt83SMHtWzcdz3rd56hlWq8BLN1KbeVwtftol-Ozk6R6RVhZu-_Rn_9rpxYtZQbhvZ7xb6LiMDDuMCF7B_XZ3viCviWFk997tWXWgaJQrdCfGDqJKN228i28b67gjfANAxmx_tIeyT9tD4Can82A9OS2jq8V5DBLujWg5MsIFNNHOqIVRLpdhZLoSG0N__gP7_cpGGHA2hQdZtxYY_XYQoNCAhv7TtbxfJh99IsYl_AWd1y8pz81ugSRAB-j-1XvKyLWUz7JXsV_L7z1qMGZhCTQdV-ZAftXh9MP5xv_646Y76yX_46DFBfwUAAP__hbhdIw|https://email.g.joinhandshake.com/c/eJyE00uPqkgUB_BPgzs79aCgWLhAaHwhYouCbkhRVQgKCBQ-2k8_6blz72Yymd1Jfv9_chbniEkGECB4JCfQpDqhFJh4VEwYBcQiDAAJdWFZQEKDQomwNLkpLBONygkCyAAmAggRHeMPwXMDEkpzQwqBBNJ0cP643MqmYI1QBbvKD36rR9WkGIZWadjWkKchryqbq_p3TkMe05DHq5JfNeylg4bdHEMBKc4EtqQOTJzpFGKDSSotKpiea8hIaw27OJNGlkuhc1PopkWsn8GCOckwhiAnPzmpYber7fnm2PmwE-3hHvRqqFqCETvvEo83WzOaGZfvwR6j7LbowmhXtUHzHJ-F3BQ5BwBHJzfG5dkPU8dyXukxVo917q38_WmWu20bH8Zo5ezv-f09Dam5H4Ig27fZ17t6Z-RF1qJoPMSXveVtjvYhCKaP8AK2pFl-fkJfLM-ndLrsWgbn6nl52JQFAFzQePUMo9t75nQX8RaVOA_ETnn93A7lRt4O7OX06oz1dDa7881g-d0-ygYjpsR7Rh0LzlZCn1I3r5uU7-J5vgqO2bXH4xntZFntvJYUfvhaKmidHOWGkVrcj6EKecT6sSlL6_MRxF23Dri-bYmYBffpsii_pk3h9Cl4HcJdmRlzd29cd2rYOnu8HcdhQIqhgiL59G0Ev3KDZwbFwW0tFgmZsau5LYrj2_1aJCCCWdZaQRvf4kWRzl7TDLO7IoMTmORwt-j5mbgPN17bNl7T1E-UzdH9iVfXIYryh5lt83SMHtWzcdz3rd56hlWq8BLN1KbeVwtftol-Ozk6R6RVhZu-_Rn_9rpxYtZQbhvZ7xb6LiMDDuMCF7B_XZ3viCviWFk997tWXWgaJQrdCfGDqJKN228i28b67gjfANAxmx_tIeyT9tD4Can82A9OS2jq8V5DBLujWg5MsIFNNHOqIVRLpdhZLoSG0N__gP7_cpGGHA2hQdZtxYY_XYQoNCAhv7TtbxfJh99IsYl_AWd1y8pz81ugSRAB-j-1XvKyLWUz7JXsV_L7z1qMGZhCTQdV-ZAftXh9MP5xv_646Y76yX_46DFBfwUAAP__hbhdIw.|https://eur02.safelinks.protection.outlook.com/?url=https%3A%2F%2Femail.g.joinhandshake.com%2Fc%2FeJyE0ktv4kgQB_BPY25BdvXLHDiEGAdMgsMQWMgFtfvhtvHbzcuffpWdnbmsVnMr6ff_SyVVyWnigkvQSE095mPi-y5DIzPlSmqkqWCJBuoC9hF4mALxJ1oxrckom4IL1GXgAhCM0FgKTT3i-5oqKUGCg910nNdZZXgle8PPaizqclRMjbVN76BnB0IHwiKrzv1_cw6E3IFQFJk4Oyg8WQcFGnnS81Ei0URhl6EE-x6iXPlq4kuOtQP0VDooQImiiVYSCyYxm5DJ9zDxNEkQ8lxNvnPKQUFbPi_iY_vmtbLZX9Zdb4uGIODp9hCKasM-X2n-sM9PkNTL9uNzWzTr6vaUShUbLVwXrY6r1oh6MUPDYShPKOdhVmb9-fSUtdGyHw5C73-8b5U5sQ-UEoXBJDqMqsHcV038Lu70sLQ3UdeZUfnudCDtLuhy3QXNia7csJUPftmE62JmgvnL2-YjDizeMzNEs2bxdSxIEMV4nkaP41MVt5vjzWO3C63Wl_I6T0xxHzyLJ8js6Z3t2_qKtwPdQLl_333uN7cfwSyP5JcXz_tTDvVygNx9ycS9KrqEso-_ttam52oDZVIiLi9cbK8LNKR1sLwGPHndEMtfLb_l5TaK948eZuv-LbB2jg43jedGCk-GxeSyrZdJeQP_C9SqN3FkbN318aJGET-fR6WyXHLLpw6bOQCl6nueqqV0AP75D_jzJcGBFwfAqrIpuP3dBfA96hHyU5uuzpWwv9BHDP0EwcuGZ2n1SzxGgLj431qnRNZkqrK7XnUr9fi9FucU-Z6D3SK7qnEp72Muxpfzt7Ng1E3_x0fXKfwdAAD__w51EvA&amp;data=05%7C02%7Caa6381%40live.mdx.ac.uk%7Ce283dd06c0c84f6f74c008dee6b1de60%7C38e37b88a3a148cf9f056537427fed24%7C0%7C0%7C639201848780542974%7CUnknown%7CTWFpbGZsb3d8eyJFbXB0eU1hcGkiOnRydWUsIlYiOiIwLjAuMDAwMCIsIlAiOiJXaW4zMiIsIkFOIjoiTWFpbCIsIldUIjoyfQ%3D%3D%7C0%7C%7C%7C&amp;sdata=BPBh%2BYcOFkMFMmZWGxhiTPIXhOn40lvR3nBXY49JKSY%3D&amp;reserved=0|https://email.g.joinhandshake.com/c/eJyE0ktv4kgQB_BPY25BdvXLHDiEGAdMgsMQWMgFtfvhtvHbzcuffpWdnbmsVnMr6ff_SyVVyWnigkvQSE095mPi-y5DIzPlSmqkqWCJBuoC9hF4mALxJ1oxrckom4IL1GXgAhCM0FgKTT3i-5oqKUGCg910nNdZZXgle8PPaizqclRMjbVN76BnB0IHwiKrzv1_cw6E3IFQFJk4Oyg8WQcFGnnS81Ei0URhl6EE-x6iXPlq4kuOtQP0VDooQImiiVYSCyYxm5DJ9zDxNEkQ8lxNvnPKQUFbPi_iY_vmtbLZX9Zdb4uGIODp9hCKasM-X2n-sM9PkNTL9uNzWzTr6vaUShUbLVwXrY6r1oh6MUPDYShPKOdhVmb9-fSUtdGyHw5C73-8b5U5sQ-UEoXBJDqMqsHcV038Lu70sLQ3UdeZUfnudCDtLuhy3QXNia7csJUPftmE62JmgvnL2-YjDizeMzNEs2bxdSxIEMV4nkaP41MVt5vjzWO3C63Wl_I6T0xxHzyLJ8js6Z3t2_qKtwPdQLl_333uN7cfwSyP5JcXz_tTDvVygNx9ycS9KrqEso-_ttam52oDZVIiLi9cbK8LNKR1sLwGPHndEMtfLb_l5TaK948eZuv-LbB2jg43jedGCk-GxeSyrZdJeQP_C9SqN3FkbN318aJGET-fR6WyXHLLpw6bOQCl6nueqqV0AP75D_jzJcGBFwfAqrIpuP3dBfA96hHyU5uuzpWwv9BHDP0EwcuGZ2n1SzxGgLj431qnRNZkqrK7XnUr9fi9FucU-Z6D3SK7qnEp72Muxpfzt7Ng1E3_x0fXKfwdAAD__w51EvA|https://email.g.joinhandshake.com/c/eJyE0ktv4kgQB_BPY25BdvXLHDiEGAdMgsMQWMgFtfvhtvHbzcuffpWdnbmsVnMr6ff_SyVVyWnigkvQSE095mPi-y5DIzPlSmqkqWCJBuoC9hF4mALxJ1oxrckom4IL1GXgAhCM0FgKTT3i-5oqKUGCg910nNdZZXgle8PPaizqclRMjbVN76BnB0IHwiKrzv1_cw6E3IFQFJk4Oyg8WQcFGnnS81Ei0URhl6EE-x6iXPlq4kuOtQP0VDooQImiiVYSCyYxm5DJ9zDxNEkQ8lxNvnPKQUFbPi_iY_vmtbLZX9Zdb4uGIODp9hCKasM-X2n-sM9PkNTL9uNzWzTr6vaUShUbLVwXrY6r1oh6MUPDYShPKOdhVmb9-fSUtdGyHw5C73-8b5U5sQ-UEoXBJDqMqsHcV038Lu70sLQ3UdeZUfnudCDtLuhy3QXNia7csJUPftmE62JmgvnL2-YjDizeMzNEs2bxdSxIEMV4nkaP41MVt5vjzWO3C63Wl_I6T0xxHzyLJ8js6Z3t2_qKtwPdQLl_333uN7cfwSyP5JcXz_tTDvVygNx9ycS9KrqEso-_ttam52oDZVIiLi9cbK8LNKR1sLwGPHndEMtfLb_l5TaK948eZuv-LbB2jg43jedGCk-GxeSyrZdJeQP_C9SqN3FkbN318aJGET-fR6WyXHLLpw6bOQCl6nueqqV0AP75D_jzJcGBFwfAqrIpuP3dBfA96hHyU5uuzpWwv9BHDP0EwcuGZ2n1SzxGgLj431qnRNZkqrK7XnUr9fi9FucU-Z6D3SK7qnEp72Muxpfzt7Ng1E3_x0fXKfwdAAD__w51EvA.|https://eur02.safelinks.protection.outlook.com/?url=https%3A%2F%2Femail.g.joinhandshake.com%2Fc%2FeJyE0slu6kgUBuCnKXZBNdrlBQuIYwwkzBBgY9VkbOMJuwDD07fSt-_dtFq9O9L3_9KRztEDCTFkpGcGyOWUcQ5d0ksG2os1gtRBEEGptSKCu5xJ4RktYhrTXjrAEDvQxRBjRgnpaxU7iHEeO0ZrrDGg8NzPqrRMRKnbRFxMX1VFLx8k1tYtIEOAA4CDPC0v7b9zAAcC4EDlqboAEkQWED8mSCNOpCaeodAlknJEHGG48bgWNAbYiQpAfCKNI2OjqXI1dT3m_QweipkkBMGY_eQMIP61GIaL4_UTXXW9v82b1uY1I1icN4dAlSt3O3aypx2-YVlNrsvtJq_n5ePtrM0iiRWEZHacXRNVhSPyOryKiGQiSIuU1tEkrMbzT7bPV5GTsddu6sffu4V5htNptcqC9UvQaPq29M_z0xm-70kzZmvy1YVxKdHsfqwk-cp8xcbr6HVZc7XIrVdX6X3avezouKndW-PpevkRIvSJSs_7XqXr1SZOTyKxcLYL61nknR7DWXvtxJnsm339cQr3Us1xk8AT2j7WbDx-xKF_aOjr6JfJ6tDJcF8NH9t75-dZzOHk6E-GXrCdocNaP51jNIX1aOcsjLzxW5GfPjw67K7fD2THuSQm3HV2p09PoZbSNe-3RixuGSuDvCF4rzft7muIJeRt6zcIfl1GLG2SG-oVxgotrBgAdwQwLkzbirOZaIDx3_-B__-SGOB3gLE1RZ0L-6eLMUcOYuyX1k2VGWV_Iycu-QVKFLVIz-VvQS7DDNJ_ao1RaZ2a0u5a08zM889aQjiEI0Bhnt5Nv9BdX6j-7fLjrt9rBv_hvfsA_xUAAP__WsQQIg&amp;data=05%7C02%7Caa6381%40live.mdx.ac.uk%7Ce283dd06c0c84f6f74c008dee6b1de60%7C38e37b88a3a148cf9f056537427fed24%7C0%7C0%7C639201848780561745%7CUnknown%7CTWFpbGZsb3d8eyJFbXB0eU1hcGkiOnRydWUsIlYiOiIwLjAuMDAwMCIsIlAiOiJXaW4zMiIsIkFOIjoiTWFpbCIsIldUIjoyfQ%3D%3D%7C0%7C%7C%7C&amp;sdata=6vajHQHq%2Fnd%2FyI%2FM14kDA%2FNkorv0ttcSGtJv7LmCibU%3D&amp;reserved=0|https://email.g.joinhandshake.com/c/eJyE0slu6kgUBuCnKXZBNdrlBQuIYwwkzBBgY9VkbOMJuwDD07fSt-_dtFq9O9L3_9KRztEDCTFkpGcGyOWUcQ5d0ksG2os1gtRBEEGptSKCu5xJ4RktYhrTXjrAEDvQxRBjRgnpaxU7iHEeO0ZrrDGg8NzPqrRMRKnbRFxMX1VFLx8k1tYtIEOAA4CDPC0v7b9zAAcC4EDlqboAEkQWED8mSCNOpCaeodAlknJEHGG48bgWNAbYiQpAfCKNI2OjqXI1dT3m_QweipkkBMGY_eQMIP61GIaL4_UTXXW9v82b1uY1I1icN4dAlSt3O3aypx2-YVlNrsvtJq_n5ePtrM0iiRWEZHacXRNVhSPyOryKiGQiSIuU1tEkrMbzT7bPV5GTsddu6sffu4V5htNptcqC9UvQaPq29M_z0xm-70kzZmvy1YVxKdHsfqwk-cp8xcbr6HVZc7XIrVdX6X3avezouKndW-PpevkRIvSJSs_7XqXr1SZOTyKxcLYL61nknR7DWXvtxJnsm339cQr3Us1xk8AT2j7WbDx-xKF_aOjr6JfJ6tDJcF8NH9t75-dZzOHk6E-GXrCdocNaP51jNIX1aOcsjLzxW5GfPjw67K7fD2THuSQm3HV2p09PoZbSNe-3RixuGSuDvCF4rzft7muIJeRt6zcIfl1GLG2SG-oVxgotrBgAdwQwLkzbirOZaIDx3_-B__-SGOB3gLE1RZ0L-6eLMUcOYuyX1k2VGWV_Iycu-QVKFLVIz-VvQS7DDNJ_ao1RaZ2a0u5a08zM889aQjiEI0Bhnt5Nv9BdX6j-7fLjrt9rBv_hvfsA_xUAAP__WsQQIg|https://email.g.joinhandshake.com/c/eJyE0slu6kgUBuCnKXZBNdrlBQuIYwwkzBBgY9VkbOMJuwDD07fSt-_dtFq9O9L3_9KRztEDCTFkpGcGyOWUcQ5d0ksG2os1gtRBEEGptSKCu5xJ4RktYhrTXjrAEDvQxRBjRgnpaxU7iHEeO0ZrrDGg8NzPqrRMRKnbRFxMX1VFLx8k1tYtIEOAA4CDPC0v7b9zAAcC4EDlqboAEkQWED8mSCNOpCaeodAlknJEHGG48bgWNAbYiQpAfCKNI2OjqXI1dT3m_QweipkkBMGY_eQMIP61GIaL4_UTXXW9v82b1uY1I1icN4dAlSt3O3aypx2-YVlNrsvtJq_n5ePtrM0iiRWEZHacXRNVhSPyOryKiGQiSIuU1tEkrMbzT7bPV5GTsddu6sffu4V5htNptcqC9UvQaPq29M_z0xm-70kzZmvy1YVxKdHsfqwk-cp8xcbr6HVZc7XIrVdX6X3avezouKndW-PpevkRIvSJSs_7XqXr1SZOTyKxcLYL61nknR7DWXvtxJnsm339cQr3Us1xk8AT2j7WbDx-xKF_aOjr6JfJ6tDJcF8NH9t75-dZzOHk6E-GXrCdocNaP51jNIX1aOcsjLzxW5GfPjw67K7fD2THuSQm3HV2p09PoZbSNe-3RixuGSuDvCF4rzft7muIJeRt6zcIfl1GLG2SG-oVxgotrBgAdwQwLkzbirOZaIDx3_-B__-SGOB3gLE1RZ0L-6eLMUcOYuyX1k2VGWV_Iycu-QVKFLVIz-VvQS7DDNJ_ao1RaZ2a0u5a08zM889aQjiEI0Bhnt5Nv9BdX6j-7fLjrt9rBv_hvfsA_xUAAP__WsQQIg.|https://eur02.safelinks.protection.outlook.com/?url=https%3A%2F%2Femail.g.joinhandshake.com%2Fc%2FeJyE00nPqkgUBuBfgzu-1EBRsHChIoridUIcNqagCpnHQj_49Z3bt-_ddDq9O8nzvslZnMOnAUCA4ImYQmpoxDAAxZN4ygglJNQEIkgLETMBhBxSzTAQDqAO8CSZIoB0QBFAiGgYf_Ew0iExjEgXnCOOFA28vtIqKWNW8i5mmfgKq2KST2Mp607BMwXZCrLzpMy6f-cUZDMF2WGehJmC7adUsBVhyKGBA45NoQGKA82AWGfCEKbBmRYpSH8WCrZwIPQgElwLKdeoScyfgwkjEmAMQUR-5oSCraaYrff3xoUNr_3-R9vJvCYYsdf5ZoflkXorPR3kTEVBvRmHYaj8D3h-Xq699B_3KDt5jbbMPq6nB5lzJF674ddMX8zJoiu_C20AWZ8A5wIPqeZ6vCOP54VZSAhv425uSHXeAFbUpN1dfrQcJfbZb-ONEyaX2KjxAel-HB8PD21xkBLEbTQPnzCjtPQOC3O8B0Wj3qw2KdzGdga_2x4Gthp-CMcfdc95XFttz-nidVDPSXq2R9yy0ygbUjqrg9jlqLrfS3V7lms0qp8hsNHDp_pWpNXRbckSOFV2Pif13diQ60FAet4ZTULP7iv6NnE-95y6fyAVA8Bcb5nO08uJFoNVXxprbYbV8x7F4_A-bo1V3FbNrt_hMoXP1818vFO6HgPv_fHdFO7uzTl1ef0UfW8_rnXsfr_LWouETHhuVqs-C3l-nFFSHFsgPzlYODAYjRvs69yU7tUf-oUj1lIGCX_tiiVJdLU-pno_-1Hydebfsrlwy802HV1VUBMQTpC6Hd98u92EfRfsDbWydqJ_Fn328Pfto8fqyvfJiVN2WZFj2-866bnrUEvAx7J2Bxfoki-bvSh3l_nllFnFFadiSEaxK6NF8T6J_ttPvPNMa8Ib2Afu4C30BDfxR0EEW5NCSMaZZFOFzhWECtF17CUcriD09z-g_79cpKCFgpAURZ0z-aeLkAF1SMgvrdsqFaH8jQam-BeErKhZ8ip_C6QEEaD9U2tFmNSJKOWlE-1WDH_WYkzHBlQ0kCdv8VXw7y8WfvXZT6fWpJ3-h0_eU_RXAAAA__8E-WAq&amp;data=05%7C02%7Caa6381%40live.mdx.ac.uk%7Ce283dd06c0c84f6f74c008dee6b1de60%7C38e37b88a3a148cf9f056537427fed24%7C0%7C0%7C639201848780580745%7CUnknown%7CTWFpbGZsb3d8eyJFbXB0eU1hcGkiOnRydWUsIlYiOiIwLjAuMDAwMCIsIlAiOiJXaW4zMiIsIkFOIjoiTWFpbCIsIldUIjoyfQ%3D%3D%7C0%7C%7C%7C&amp;sdata=Rl%2Fkmppk1W93g%2FPAVKmrImlCGChA8K5JfVKmUI2d2FM%3D&amp;reserved=0|https://email.g.joinhandshake.com/c/eJyE00nPqkgUBuBfgzu-1EBRsHChIoridUIcNqagCpnHQj_49Z3bt-_ddDq9O8nzvslZnMOnAUCA4ImYQmpoxDAAxZN4ygglJNQEIkgLETMBhBxSzTAQDqAO8CSZIoB0QBFAiGgYf_Ew0iExjEgXnCOOFA28vtIqKWNW8i5mmfgKq2KST2Mp607BMwXZCrLzpMy6f-cUZDMF2WGehJmC7adUsBVhyKGBA45NoQGKA82AWGfCEKbBmRYpSH8WCrZwIPQgElwLKdeoScyfgwkjEmAMQUR-5oSCraaYrff3xoUNr_3-R9vJvCYYsdf5ZoflkXorPR3kTEVBvRmHYaj8D3h-Xq699B_3KDt5jbbMPq6nB5lzJF674ddMX8zJoiu_C20AWZ8A5wIPqeZ6vCOP54VZSAhv425uSHXeAFbUpN1dfrQcJfbZb-ONEyaX2KjxAel-HB8PD21xkBLEbTQPnzCjtPQOC3O8B0Wj3qw2KdzGdga_2x4Gthp-CMcfdc95XFttz-nidVDPSXq2R9yy0ygbUjqrg9jlqLrfS3V7lms0qp8hsNHDp_pWpNXRbckSOFV2Pif13diQ60FAet4ZTULP7iv6NnE-95y6fyAVA8Bcb5nO08uJFoNVXxprbYbV8x7F4_A-bo1V3FbNrt_hMoXP1818vFO6HgPv_fHdFO7uzTl1ef0UfW8_rnXsfr_LWouETHhuVqs-C3l-nFFSHFsgPzlYODAYjRvs69yU7tUf-oUj1lIGCX_tiiVJdLU-pno_-1Hydebfsrlwy802HV1VUBMQTpC6Hd98u92EfRfsDbWydqJ_Fn328Pfto8fqyvfJiVN2WZFj2-866bnrUEvAx7J2Bxfoki-bvSh3l_nllFnFFadiSEaxK6NF8T6J_ttPvPNMa8Ib2Afu4C30BDfxR0EEW5NCSMaZZFOFzhWECtF17CUcriD09z-g_79cpKCFgpAURZ0z-aeLkAF1SMgvrdsqFaH8jQam-BeErKhZ8ip_C6QEEaD9U2tFmNSJKOWlE-1WDH_WYkzHBlQ0kCdv8VXw7y8WfvXZT6fWpJ3-h0_eU_RXAAAA__8E-WAq|https://email.g.joinhandshake.com/c/eJyE00nPqkgUBuBfgzu-1EBRsHChIoridUIcNqagCpnHQj_49Z3bt-_ddDq9O8nzvslZnMOnAUCA4ImYQmpoxDAAxZN4ygglJNQEIkgLETMBhBxSzTAQDqAO8CSZIoB0QBFAiGgYf_Ew0iExjEgXnCOOFA28vtIqKWNW8i5mmfgKq2KST2Mp607BMwXZCrLzpMy6f-cUZDMF2WGehJmC7adUsBVhyKGBA45NoQGKA82AWGfCEKbBmRYpSH8WCrZwIPQgElwLKdeoScyfgwkjEmAMQUR-5oSCraaYrff3xoUNr_3-R9vJvCYYsdf5ZoflkXorPR3kTEVBvRmHYaj8D3h-Xq699B_3KDt5jbbMPq6nB5lzJF674ddMX8zJoiu_C20AWZ8A5wIPqeZ6vCOP54VZSAhv425uSHXeAFbUpN1dfrQcJfbZb-ONEyaX2KjxAel-HB8PD21xkBLEbTQPnzCjtPQOC3O8B0Wj3qw2KdzGdga_2x4Gthp-CMcfdc95XFttz-nidVDPSXq2R9yy0ygbUjqrg9jlqLrfS3V7lms0qp8hsNHDp_pWpNXRbckSOFV2Pif13diQ60FAet4ZTULP7iv6NnE-95y6fyAVA8Bcb5nO08uJFoNVXxprbYbV8x7F4_A-bo1V3FbNrt_hMoXP1818vFO6HgPv_fHdFO7uzTl1ef0UfW8_rnXsfr_LWouETHhuVqs-C3l-nFFSHFsgPzlYODAYjRvs69yU7tUf-oUj1lIGCX_tiiVJdLU-pno_-1Hydebfsrlwy802HV1VUBMQTpC6Hd98u92EfRfsDbWydqJ_Fn328Pfto8fqyvfJiVN2WZFj2-866bnrUEvAx7J2Bxfoki-bvSh3l_nllFnFFadiSEaxK6NF8T6J_ttPvPNMa8Ib2Afu4C30BDfxR0EEW5NCSMaZZFOFzhWECtF17CUcriD09z-g_79cpKCFgpAURZ0z-aeLkAF1SMgvrdsqFaH8jQam-BeErKhZ8ip_C6QEEaD9U2tFmNSJKOWlE-1WDH_WYkzHBlQ0kCdv8VXw7y8WfvXZT6fWpJ3-h0_eU_RXAAAA__8E-WAq.|https://eur02.safelinks.protection.outlook.com/?url=https%3A%2F%2Femail.g.joinhandshake.com%2Fc%2FeJyE083SojgUBuCrwZ1WfgiBhQuUDwXxX2x1Y4UkCEIQJMqHVz_V09O9mZqa3al63rfqLM4R4wQgQPBAjiG1TWLbgOJBNrYSyQC1MbQwhwmENhbY4ohKxDjkHA_yMQLIAhQBhIiJ8Ujw1ILEtlNLCoEEMkxwG90feZWxSrQZK-SIP9SgHGda162BXQP5BvLLvCraf-cM5DMD-bzMeWFg_6oN7KUYCmjjRGBHmoDixLQhtpi0pWMLZqYGsq7KwB5OpJWkUpicCpM6xPk5ODAlCcYQpORnThrYa5Q7X5-bCDaiPr5Wz1aXNcGI3fYnn1dbephZ9167Q5TU4afv-8exA9fuFvlfx8s5LXaHxvwquuhgJUWwJYdnKH4U1nRCpm31rcweFK8cBDHc3M3oIFpyucbMQ1Iewig8oWHwBvBBHdqedWeWKPf3x2cWBjyPM7vGG2Qds2y7uZjTjdYge6YTfoUFpdVhM3U-50Q1w5P3zFXU-EF_bBebns36lQzYoVzmRJ2-s6a58Ga5WFy6pXC_I0rdE8k5uR6cxOumvVhky2lY9slC27DNHu9kct9MCPb7LlbCm7wU2ex29v25yaqtCfjKJiQEisE9tos2ktMmOE12TszShfuJ52t3-R5aDcB2dty3r7UjguV7qY5mF_if8Dy55A3zrEqqfgrv92wd7E7tcKbVq3935x-o7616GUU2GHJWBt30q7fQpw9d92V1x2w_A4vbJ8xo7Oy-2_ajQFK5c3Tzj1e4nYtFpAG4zdtgG8Oae8tFrW9LvvrEOvAP9Slqb-tVmF9DHvpH5KdkF9-UKplz0eqexW5VPbIMzSUZ1s6rKuE-_IHSk1U0avUKNtfHW7_K_EyXLT_X4l72dQJkgdxp7Nrcz5uDCr-cVg_j6LOq1mH61SXz2fVORfieeeU7hHQLDESwN1BSM8E0Gxt0YiCkZNuymwyEgdDf_4D-_3KRgaYGQlqqumT6TxchG1qQkF9aPx93yfVvtDHFv4AzVbP8Vv0WSAkiwPyn9pQ8r3NZ6biVz4Xs_6zFmIVtaJigzN9ypMT3iPHRq_jp1Bs8x__hg_cY_RUAAP__YeBgHQ&amp;data=05%7C02%7Caa6381%40live.mdx.ac.uk%7Ce283dd06c0c84f6f74c008dee6b1de60%7C38e37b88a3a148cf9f056537427fed24%7C0%7C0%7C639201848780598717%7CUnknown%7CTWFpbGZsb3d8eyJFbXB0eU1hcGkiOnRydWUsIlYiOiIwLjAuMDAwMCIsIlAiOiJXaW4zMiIsIkFOIjoiTWFpbCIsIldUIjoyfQ%3D%3D%7C0%7C%7C%7C&amp;sdata=iapZw7Lbxx9Hfql0UtbuRMUe%2BHZsQRWcwz4WnLQhYkU%3D&amp;reserved=0|https://email.g.joinhandshake.com/c/eJyE083SojgUBuCrwZ1WfgiBhQuUDwXxX2x1Y4UkCEIQJMqHVz_V09O9mZqa3al63rfqLM4R4wQgQPBAjiG1TWLbgOJBNrYSyQC1MbQwhwmENhbY4ohKxDjkHA_yMQLIAhQBhIiJ8Ujw1ILEtlNLCoEEMkxwG90feZWxSrQZK-SIP9SgHGda162BXQP5BvLLvCraf-cM5DMD-bzMeWFg_6oN7KUYCmjjRGBHmoDixLQhtpi0pWMLZqYGsq7KwB5OpJWkUpicCpM6xPk5ODAlCcYQpORnThrYa5Q7X5-bCDaiPr5Wz1aXNcGI3fYnn1dbephZ9167Q5TU4afv-8exA9fuFvlfx8s5LXaHxvwquuhgJUWwJYdnKH4U1nRCpm31rcweFK8cBDHc3M3oIFpyucbMQ1Iewig8oWHwBvBBHdqedWeWKPf3x2cWBjyPM7vGG2Qds2y7uZjTjdYge6YTfoUFpdVhM3U-50Q1w5P3zFXU-EF_bBebns36lQzYoVzmRJ2-s6a58Ga5WFy6pXC_I0rdE8k5uR6cxOumvVhky2lY9slC27DNHu9kct9MCPb7LlbCm7wU2ex29v25yaqtCfjKJiQEisE9tos2ktMmOE12TszShfuJ52t3-R5aDcB2dty3r7UjguV7qY5mF_if8Dy55A3zrEqqfgrv92wd7E7tcKbVq3935x-o7616GUU2GHJWBt30q7fQpw9d92V1x2w_A4vbJ8xo7Oy-2_ajQFK5c3Tzj1e4nYtFpAG4zdtgG8Oae8tFrW9LvvrEOvAP9Slqb-tVmF9DHvpH5KdkF9-UKplz0eqexW5VPbIMzSUZ1s6rKuE-_IHSk1U0avUKNtfHW7_K_EyXLT_X4l72dQJkgdxp7Nrcz5uDCr-cVg_j6LOq1mH61SXz2fVORfieeeU7hHQLDESwN1BSM8E0Gxt0YiCkZNuymwyEgdDf_4D-_3KRgaYGQlqqumT6TxchG1qQkF9aPx93yfVvtDHFv4AzVbP8Vv0WSAkiwPyn9pQ8r3NZ6biVz4Xs_6zFmIVtaJigzN9ypMT3iPHRq_jp1Bs8x__hg_cY_RUAAP__YeBgHQ|https://email.g.joinhandshake.com/c/eJyE083SojgUBuCrwZ1WfgiBhQuUDwXxX2x1Y4UkCEIQJMqHVz_V09O9mZqa3al63rfqLM4R4wQgQPBAjiG1TWLbgOJBNrYSyQC1MbQwhwmENhbY4ohKxDjkHA_yMQLIAhQBhIiJ8Ujw1ILEtlNLCoEEMkxwG90feZWxSrQZK-SIP9SgHGda162BXQP5BvLLvCraf-cM5DMD-bzMeWFg_6oN7KUYCmjjRGBHmoDixLQhtpi0pWMLZqYGsq7KwB5OpJWkUpicCpM6xPk5ODAlCcYQpORnThrYa5Q7X5-bCDaiPr5Wz1aXNcGI3fYnn1dbephZ9167Q5TU4afv-8exA9fuFvlfx8s5LXaHxvwquuhgJUWwJYdnKH4U1nRCpm31rcweFK8cBDHc3M3oIFpyucbMQ1Iewig8oWHwBvBBHdqedWeWKPf3x2cWBjyPM7vGG2Qds2y7uZjTjdYge6YTfoUFpdVhM3U-50Q1w5P3zFXU-EF_bBebns36lQzYoVzmRJ2-s6a58Ga5WFy6pXC_I0rdE8k5uR6cxOumvVhky2lY9slC27DNHu9kct9MCPb7LlbCm7wU2ex29v25yaqtCfjKJiQEisE9tos2ktMmOE12TszShfuJ52t3-R5aDcB2dty3r7UjguV7qY5mF_if8Dy55A3zrEqqfgrv92wd7E7tcKbVq3935x-o7616GUU2GHJWBt30q7fQpw9d92V1x2w_A4vbJ8xo7Oy-2_ajQFK5c3Tzj1e4nYtFpAG4zdtgG8Oae8tFrW9LvvrEOvAP9Slqb-tVmF9DHvpH5KdkF9-UKplz0eqexW5VPbIMzSUZ1s6rKuE-_IHSk1U0avUKNtfHW7_K_EyXLT_X4l72dQJkgdxp7Nrcz5uDCr-cVg_j6LOq1mH61SXz2fVORfieeeU7hHQLDESwN1BSM8E0Gxt0YiCkZNuymwyEgdDf_4D-_3KRgaYGQlqqumT6TxchG1qQkF9aPx93yfVvtDHFv4AzVbP8Vv0WSAkiwPyn9pQ8r3NZ6biVz4Xs_6zFmIVtaJigzN9ypMT3iPHRq_jp1Bs8x__hg_cY_RUAAP__YeBgHQ.|https://eur02.safelinks.protection.outlook.com/?url=https%3A%2F%2Femail.g.joinhandshake.com%2Fc%2FeJyE002TqjgUBuBfgzu7QkIgWbhA8IMWGxtF0Y1FSAgIKF-i8Ouneu7cu5mamt2pet636izO4TMGIMBoImaqQTRMCDDQJJ0RyhDQEY8J0RmlOjSoMBhgAhsEaSKeZDMIoA4MCCDEGkIfPE50FROS6IJzyKGiAflxe2T3NLrzNo1y8RE_ykkxS7uuahVkKnCpwGWR3fP23zkFLiMFLuMii3MFLa-dguwEqVwliHFEhQYMxDSiIj0SRFDCIy1RoH4tFWQjJnSWCK7FBtcMiunPQNUEM4RUkOCfnFCQXZfm2jvXrlrz6vj8atquqDCCkdyHy_j-bRxW-m3ozClk1ec4DMPj-ALXl3SXi-PlnOQ-8LNHbcbfcvSfCwbecuWZo7Z_BbelBPblzHK6AIfnYpsYR6O0LVYhB33Gq9BeX4n76Ot2dacQjcLW2fuArttKBrV5lcTVxldlWQH3tk7beE7iTdel-kTP7R0d9bp5D1v365KCqSXnDqMRbc3dHjvaKD3P213u5yAe7QUesx1m4aKTxLoudV3fP0W3tHGYUhsn-0sp1Q56jXfJzPZ7zns3qNY-HM3pRb2d-y9y6y64KASH1q497s7uFkiopWTes_1Op1PgD8P6aidWXUsmNyPzSmP0fOu4uqslz-fh8Hzt4ky2XvBw6JQKnIZtm0XxKwhXwaqJnXn2bA7DTY-u2zRpPtNLfQbCLdNSWsCevlfnRZE7xfo9dcRgyVsIOMhZ2wvS0_bGw_r0-SpMuT-59hfdctddn81Dpw8WeFmr986uLDeDLE8Xu2QAQPPicEOqU9o_qAxCO_Oh2EszN8GFavNt9W2eNqm9dt49DsJiKLRjGPTEPMxrf7oq3c_t9Qk8Q0MJNfGmdeN27Gv_JJHZ1Lv3QA_QN9Qssk-PXdTp4lC6Zue4Aln-ZnOrgAIxsiel6CIeddFMMeYKhKVo20gKhysQ_v0P8P8vFyrQUiDsRFkVUfenCyFRdRXjX1o1j5uIu99IkIF-QRyVVZTJ-29RDQwx0P6pNSLOqkzcu6AVzUYMf9aKIh0RVdFAkfXio-Tvjyj-eOY_btiTZvYfPuln8K8AAAD__3_aXjA&amp;data=05%7C02%7Caa6381%40live.mdx.ac.uk%7Ce283dd06c0c84f6f74c008dee6b1de60%7C38e37b88a3a148cf9f056537427fed24%7C0%7C0%7C639201848780617630%7CUnknown%7CTWFpbGZsb3d8eyJFbXB0eU1hcGkiOnRydWUsIlYiOiIwLjAuMDAwMCIsIlAiOiJXaW4zMiIsIkFOIjoiTWFpbCIsIldUIjoyfQ%3D%3D%7C0%7C%7C%7C&amp;sdata=FXzCziRS%2F6H5wM1%2FH3jNePebafJtnhtuGwiWFRScfjo%3D&amp;reserved=0,none,none,none,0,1,0.4812,1,0.2406
hello@mdx.ac.ae,"Call for Papers | IEEE Conference 2026 Digi-Health Workshop

Summarise this email","
Hi Amritha,


📢 CALL FOR PAPERS: 
Undergraduate and Postgraduate students are invited to submit their original research, reviews, case studies or technical frameworks in the realm of preventative digital health, connected care, smart diagnostics and healthcare resilience.


DEADLINE: 29 July 2026
Submit Now
The 12th IEEE International Smart Cities Conference: Shaping Sustainable Futures will take place in Porto, Portugal on 27-30 October 2026. 


As part of the conference, the Middlesex University Dubai Digi-Health Lab will be hosting a workshop on Preventative Digital Health in Smart Cities: Connected Care Technologies for Healthier, More Resilient Cities. 


Topics being discussed will include: 
Preventative and Personalised Healthcare
Connected Care Technology
AI and Smart Diagnostics",https://eur02.safelinks.protection.outlook.com/?url=https%3A%2F%2Furl8303.mdx.ac.ae%2Fls%2Fclick%3Fupn%3Du001.qKO7kt4vmTGNswDJmump2QeSr6eFRqKFWPprrTh-2FdFHF8VJPm5ViAT6zztlF4KbKY6TfvMMk-2BgMwU9nelJ4How-3D-3D38NR_-2FnxC0uuWwXVLvv-2FPcJIdQC9bKMk-2F8uXLPNfQ2WOqhE62uDMIO2D3ccNnJNXwTffdNjdEyvnDq7VLTV7VRHmI2bAs8TKD0ZSsp2fCl4TsG1L3T5J2O-2BdkCYZgDkRRMHCCLh-2FzboLHZZpoJIQ6jsR3j8TReUNg5KfQzNXtMmuleJILtuGXpsZpa-2Fo0xmKrgyrv2uGY1Pd-2Fjs9LnAH0BIxOtz7yX-2Burq6-2BCTOILeiM0-2FCxnXpfHyTUYxHFOISA0e67WKvE4vKMTIkqAJreCAEjMyBZwcT8-2FYaAMG-2Bl7QZdgpRv1Lhv-2B6S8YMKG5CjF7frfLi1SM6cZnXvpJKHYzrX-2Ftbf2KREnvGhpmluzER5s7hPyPY76CjOvPniJyXKGYHIEf4E83WwR8CJcm-2FI2w96d53uGxBskpBYQ8n-2BJJCCFtn3aKygk3ULh9VUzv8LHtsgph9zpozV8wfGtrfLTyE8E4K8LYEmNf2PTlS6v5AIB1oPYcYB5S3oGS32BDpsHwVxQiccv2CbwvMcwp02xAGxNxRSm14rpIOPLHGPhjxYUPHM1BGGyHZqQALbaaC5VhU-2FTfpycuWSB3XZBUuLpHn8K39DqaVGb8YH3trdcb-2BLrjWu3DnTa-2BodFN5QRUwIe6zrqOoaM3iroq8quzmptncO7LfheYHyDh4ncAjMaVelcTUrCQxTQ3ojTj7a6mDtW6lurrmSHOdqI4YQIcO9c9NZj7ZtdhKsXT6q-2FF1pvLwmE-2BGq-2F3OUNe9EY6pAiXjFMvJHxaNoyOIYVQoO6cyi7-2BEq9gV7VJrDPvqzkRBkmwzNQQUqoaneFmKSwF-2BibSGizDqaqqk64ruRtAXM950HJ59dVebfCFHyV00DTJwbyS6u1ca7NfJTc67CsTW-2FsnPAlaOD3C8ViJxvzPN1rWJNxbI0ZyQ7ll-2FGgoFJRGobeR7sULPVTIYeNn15yqLgWILzsvnPGRrhhB71trghQpw-2FujmXCk27L-2FiI5RdQRgdX0R48NJFU8-3D&amp;data=05%7C02%7Caa6381%40live.mdx.ac.uk%7Cdde8bfc4cccd489e70bb08dee2f7e436%7C38e37b88a3a148cf9f056537427fed24%7C0%7C0%7C639197751487896956%7CUnknown%7CTWFpbGZsb3d8eyJFbXB0eU1hcGkiOnRydWUsIlYiOiIwLjAuMDAwMCIsIlAiOiJXaW4zMiIsIkFOIjoiTWFpbCIsIldUIjoyfQ%3D%3D%7C0%7C%7C%7C&amp;sdata=udKez2F1Oo9Yn9rhBwGrnXRMrf25tVqhzBPUtG3avY0%3D&amp;reserved=0|https://url8303.mdx.ac.ae/ls/click?upn=u001.qKO7kt4vmTGNswDJmump2QeSr6eFRqKFWPprrTh-2FdFHF8VJPm5ViAT6zztlF4KbKY6TfvMMk-2BgMwU9nelJ4How-3D-3D38NR_-2FnxC0uuWwXVLvv-2FPcJIdQC9bKMk-2F8uXLPNfQ2WOqhE62uDMIO2D3ccNnJNXwTffdNjdEyvnDq7VLTV7VRHmI2bAs8TKD0ZSsp2fCl4TsG1L3T5J2O-2BdkCYZgDkRRMHCCLh-2FzboLHZZpoJIQ6jsR3j8TReUNg5KfQzNXtMmuleJILtuGXpsZpa-2Fo0xmKrgyrv2uGY1Pd-2Fjs9LnAH0BIxOtz7yX-2Burq6-2BCTOILeiM0-2FCxnXpfHyTUYxHFOISA0e67WKvE4vKMTIkqAJreCAEjMyBZwcT8-2FYaAMG-2Bl7QZdgpRv1Lhv-2B6S8YMKG5CjF7frfLi1SM6cZnXvpJKHYzrX-2Ftbf2KREnvGhpmluzER5s7hPyPY76CjOvPniJyXKGYHIEf4E83WwR8CJcm-2FI2w96d53uGxBskpBYQ8n-2BJJCCFtn3aKygk3ULh9VUzv8LHtsgph9zpozV8wfGtrfLTyE8E4K8LYEmNf2PTlS6v5AIB1oPYcYB5S3oGS32BDpsHwVxQiccv2CbwvMcwp02xAGxNxRSm14rpIOPLHGPhjxYUPHM1BGGyHZqQALbaaC5VhU-2FTfpycuWSB3XZBUuLpHn8K39DqaVGb8YH3trdcb-2BLrjWu3DnTa-2BodFN5QRUwIe6zrqOoaM3iroq8quzmptncO7LfheYHyDh4ncAjMaVelcTUrCQxTQ3ojTj7a6mDtW6lurrmSHOdqI4YQIcO9c9NZj7ZtdhKsXT6q-2FF1pvLwmE-2BGq-2F3OUNe9EY6pAiXjFMvJHxaNoyOIYVQoO6cyi7-2BEq9gV7VJrDPvqzkRBkmwzNQQUqoaneFmKSwF-2BibSGizDqaqqk64ruRtAXM950HJ59dVebfCFHyV00DTJwbyS6u1ca7NfJTc67CsTW-2FsnPAlaOD3C8ViJxvzPN1rWJNxbI0ZyQ7ll-2FGgoFJRGobeR7sULPVTIYeNn15yqLgWILzsvnPGRrhhB71trghQpw-2FujmXCk27L-2FiI5RdQRgdX0R48NJFU8-3D|https://url8303.mdx.ac.ae/ls/click?upn=u001.qKO7kt4vmTGNswDJmump2QeSr6eFRqKFWPprrTh-2FdFHF8VJPm5ViAT6zztlF4KbKY6TfvMMk-2BgMwU9nelJ4How-3D-3D38NR_-2FnxC0uuWwXVLvv-2FPcJIdQC9bKMk-2F8uXLPNfQ2WOqhE62uDMIO2D3ccNnJNXwTffdNjdEyvnDq7VLTV7VRHmI2bAs8TKD0ZSsp2fCl4TsG1L3T5J2O-2BdkCYZgDkRRMHCCLh-2FzboLHZZpoJIQ6jsR3j8TReUNg5KfQzNXtMmuleJILtuGXpsZpa-2Fo0xmKrgyrv2uGY1Pd-2Fjs9LnAH0BIxOtz7yX-2Burq6-2BCTOILeiM0-2FCxnXpfHyTUYxHFOISA0e67WKvE4vKMTIkqAJreCAEjMyBZwcT8-2FYaAMG-2Bl7QZdgpRv1Lhv-2B6S8YMKG5CjF7frfLi1SM6cZnXvpJKHYzrX-2Ftbf2KREnvGhpmluzER5s7hPyPY76CjOvPniJyXKGYHIEf4E83WwR8CJcm-2FI2w96d53uGxBskpBYQ8n-2BJJCCFtn3aKygk3ULh9VUzv8LHtsgph9zpozV8wfGtrfLTyE8E4K8LYEmNf2PTlS6v5AIB1oPYcYB5S3oGS32BDpsHwVxQiccv2CbwvMcwp02xAGxNxRSm14rpIOPLHGPhjxYUPHM1BGGyHZqQALbaaC5VhU-2FTfpycuWSB3XZBUuLpHn8K39DqaVGb8YH3trdcb-2BLrjWu3DnTa-2BodFN5QRUwIe6zrqOoaM3iroq8quzmptncO7LfheYHyDh4ncAjMaVelcTUrCQxTQ3ojTj7a6mDtW6lurrmSHOdqI4YQIcO9c9NZj7ZtdhKsXT6q-2FF1pvLwmE-2BGq-2F3OUNe9EY6pAiXjFMvJHxaNoyOIYVQoO6cyi7-2BEq9gV7VJrDPvqzkRBkmwzNQQUqoaneFmKSwF-2BibSGizDqaqqk64ruRtAXM950HJ59dVebfCFHyV00DTJwbyS6u1ca7NfJTc67CsTW-2FsnPAlaOD3C8ViJxvzPN1rWJNxbI0ZyQ7ll-2FGgoFJRGobeR7sULPVTIYeNn15yqLgWILzsvnPGRrhhB71trghQpw-2FujmXCk27L-2FiI5RdQRgdX0R48NJFU8-3D.|https://eur02.safelinks.protection.outlook.com/?url=https%3A%2F%2Furl8303.mdx.ac.ae%2Fls%2Fclick%3Fupn%3Du001.qKO7kt4vmTGNswDJmump2QeSr6eFRqKFWPprrTh-2FdFFRf9SP395zRldcD-2FyjknpSFDai5vhFmUH52MjSE2Kv-2Bw-3D-3DvA9D_-2FnxC0uuWwXVLvv-2FPcJIdQC9bKMk-2F8uXLPNfQ2WOqhE62uDMIO2D3ccNnJNXwTffdNjdEyvnDq7VLTV7VRHmI2bAs8TKD0ZSsp2fCl4TsG1L3T5J2O-2BdkCYZgDkRRMHCCLh-2FzboLHZZpoJIQ6jsR3j8TReUNg5KfQzNXtMmuleJILtuGXpsZpa-2Fo0xmKrgyrv2uGY1Pd-2Fjs9LnAH0BIxOtz7yX-2Burq6-2BCTOILeiM0-2FCxnXpfHyTUYxHFOISA0e67WKvE4vKMTIkqAJreCAEjMyBZwcT8-2FYaAMG-2Bl7QZdgpRv1Lhv-2B6S8YMKG5CjF7frfLi1SM6cZnXvpJKHYzrX-2Ftbf2KREnvGhpmluzER5s7hPyPY76CjOvPniJyXKGYHIEf4E83WwR8CJcm-2FI2w96d53uGxBskpBYQ8n-2BJJCCFtn3aKygk3ULh9VUzv8LHtsgph9zpozV8wfGtrfLTyE8E4K8LYEmNf2PTlS6v5AIB1oPYcYB5S3oGS32BDpsHwVxQiccv2CbwvMcwp02xAGxNxRSm14rpIOPLHGPhjxYUPHM1BGGyHZqQALbaaC5VhU-2FTfpycuWSB3XZBUuLpHn8K39DqaVGb8YH3trdcb-2BLrjWu3DnTa-2BodFN5QRUwIe6zrqOoaM3iroq8quzmptncO7LfheYHyDh4ncAjMaVelcTUrCQxTQ3ojTj7a6mDtW6lurrmSHOdqI4YQIcO9c9NZj7ZtdhKsXT6q-2FF1pvLwmE-2BGq-2F3OUNe9EY6pAiXjFMvJHxaNoyOIYVQoO6cyi7-2BEq9gV7VJrDPvqzkRBkmwzNQQUqoaneFmKSwF-2BibSGizDqaqqk64ruRtAXM950HJ59dVebfCFHyV00DTJwbyS6u1ca7OXS9u-2FnzlsH-2B2bUeX2anGKtcJRThgoUT-2Fek7qshDUPQ71-2FQZn4hs3v5AgGvMmo7ouKRBq1-2BlTUbxSYXeS8h2hgctbZuZ9sGt-2FqwTPq2f4Fv2zZWeu6dKm4b1G-2BbX-2FuicI-3D&amp;data=05%7C02%7Caa6381%40live.mdx.ac.uk%7Cdde8bfc4cccd489e70bb08dee2f7e436%7C38e37b88a3a148cf9f056537427fed24%7C0%7C0%7C639197751487947565%7CUnknown%7CTWFpbGZsb3d8eyJFbXB0eU1hcGkiOnRydWUsIlYiOiIwLjAuMDAwMCIsIlAiOiJXaW4zMiIsIkFOIjoiTWFpbCIsIldUIjoyfQ%3D%3D%7C0%7C%7C%7C&amp;sdata=6V1geGv%2FDAfIFFwcwJbTP4mMROPlEpOLIFMJ4%2FBxayQ%3D&amp;reserved=0|https://url8303.mdx.ac.ae/ls/click?upn=u001.qKO7kt4vmTGNswDJmump2QeSr6eFRqKFWPprrTh-2FdFFRf9SP395zRldcD-2FyjknpSFDai5vhFmUH52MjSE2Kv-2Bw-3D-3DvA9D_-2FnxC0uuWwXVLvv-2FPcJIdQC9bKMk-2F8uXLPNfQ2WOqhE62uDMIO2D3ccNnJNXwTffdNjdEyvnDq7VLTV7VRHmI2bAs8TKD0ZSsp2fCl4TsG1L3T5J2O-2BdkCYZgDkRRMHCCLh-2FzboLHZZpoJIQ6jsR3j8TReUNg5KfQzNXtMmuleJILtuGXpsZpa-2Fo0xmKrgyrv2uGY1Pd-2Fjs9LnAH0BIxOtz7yX-2Burq6-2BCTOILeiM0-2FCxnXpfHyTUYxHFOISA0e67WKvE4vKMTIkqAJreCAEjMyBZwcT8-2FYaAMG-2Bl7QZdgpRv1Lhv-2B6S8YMKG5CjF7frfLi1SM6cZnXvpJKHYzrX-2Ftbf2KREnvGhpmluzER5s7hPyPY76CjOvPniJyXKGYHIEf4E83WwR8CJcm-2FI2w96d53uGxBskpBYQ8n-2BJJCCFtn3aKygk3ULh9VUzv8LHtsgph9zpozV8wfGtrfLTyE8E4K8LYEmNf2PTlS6v5AIB1oPYcYB5S3oGS32BDpsHwVxQiccv2CbwvMcwp02xAGxNxRSm14rpIOPLHGPhjxYUPHM1BGGyHZqQALbaaC5VhU-2FTfpycuWSB3XZBUuLpHn8K39DqaVGb8YH3trdcb-2BLrjWu3DnTa-2BodFN5QRUwIe6zrqOoaM3iroq8quzmptncO7LfheYHyDh4ncAjMaVelcTUrCQxTQ3ojTj7a6mDtW6lurrmSHOdqI4YQIcO9c9NZj7ZtdhKsXT6q-2FF1pvLwmE-2BGq-2F3OUNe9EY6pAiXjFMvJHxaNoyOIYVQoO6cyi7-2BEq9gV7VJrDPvqzkRBkmwzNQQUqoaneFmKSwF-2BibSGizDqaqqk64ruRtAXM950HJ59dVebfCFHyV00DTJwbyS6u1ca7OXS9u-2FnzlsH-2B2bUeX2anGKtcJRThgoUT-2Fek7qshDUPQ71-2FQZn4hs3v5AgGvMmo7ouKRBq1-2BlTUbxSYXeS8h2hgctbZuZ9sGt-2FqwTPq2f4Fv2zZWeu6dKm4b1G-2BbX-2FuicI-3D|https://url8303.mdx.ac.ae/ls/click?upn=u001.qKO7kt4vmTGNswDJmump2QeSr6eFRqKFWPprrTh-2FdFFRf9SP395zRldcD-2FyjknpSFDai5vhFmUH52MjSE2Kv-2Bw-3D-3DvA9D_-2FnxC0uuWwXVLvv-2FPcJIdQC9bKMk-2F8uXLPNfQ2WOqhE62uDMIO2D3ccNnJNXwTffdNjdEyvnDq7VLTV7VRHmI2bAs8TKD0ZSsp2fCl4TsG1L3T5J2O-2BdkCYZgDkRRMHCCLh-2FzboLHZZpoJIQ6jsR3j8TReUNg5KfQzNXtMmuleJILtuGXpsZpa-2Fo0xmKrgyrv2uGY1Pd-2Fjs9LnAH0BIxOtz7yX-2Burq6-2BCTOILeiM0-2FCxnXpfHyTUYxHFOISA0e67WKvE4vKMTIkqAJreCAEjMyBZwcT8-2FYaAMG-2Bl7QZdgpRv1Lhv-2B6S8YMKG5CjF7frfLi1SM6cZnXvpJKHYzrX-2Ftbf2KREnvGhpmluzER5s7hPyPY76CjOvPniJyXKGYHIEf4E83WwR8CJcm-2FI2w96d53uGxBskpBYQ8n-2BJJCCFtn3aKygk3ULh9VUzv8LHtsgph9zpozV8wfGtrfLTyE8E4K8LYEmNf2PTlS6v5AIB1oPYcYB5S3oGS32BDpsHwVxQiccv2CbwvMcwp02xAGxNxRSm14rpIOPLHGPhjxYUPHM1BGGyHZqQALbaaC5VhU-2FTfpycuWSB3XZBUuLpHn8K39DqaVGb8YH3trdcb-2BLrjWu3DnTa-2BodFN5QRUwIe6zrqOoaM3iroq8quzmptncO7LfheYHyDh4ncAjMaVelcTUrCQxTQ3ojTj7a6mDtW6lurrmSHOdqI4YQIcO9c9NZj7ZtdhKsXT6q-2FF1pvLwmE-2BGq-2F3OUNe9EY6pAiXjFMvJHxaNoyOIYVQoO6cyi7-2BEq9gV7VJrDPvqzkRBkmwzNQQUqoaneFmKSwF-2BibSGizDqaqqk64ruRtAXM950HJ59dVebfCFHyV00DTJwbyS6u1ca7OXS9u-2FnzlsH-2B2bUeX2anGKtcJRThgoUT-2Fek7qshDUPQ71-2FQZn4hs3v5AgGvMmo7ouKRBq1-2BlTUbxSYXeS8h2hgctbZuZ9sGt-2FqwTPq2f4Fv2zZWeu6dKm4b1G-2BbX-2FuicI-3D.|https://eur02.safelinks.protection.outlook.com/?url=https%3A%2F%2Furl8303.mdx.ac.ae%2Fls%2Fclick%3Fupn%3Du001.qKO7kt4vmTGNswDJmump2QeSr6eFRqKFWPprrTh-2FdFHF8VJPm5ViAT6zztlF4KbKY6TfvMMk-2BgMwU9nelJ4How-3D-3DK14k_-2FnxC0uuWwXVLvv-2FPcJIdQC9bKMk-2F8uXLPNfQ2WOqhE62uDMIO2D3ccNnJNXwTffdNjdEyvnDq7VLTV7VRHmI2bAs8TKD0ZSsp2fCl4TsG1L3T5J2O-2BdkCYZgDkRRMHCCLh-2FzboLHZZpoJIQ6jsR3j8TReUNg5KfQzNXtMmuleJILtuGXpsZpa-2Fo0xmKrgyrv2uGY1Pd-2Fjs9LnAH0BIxOtz7yX-2Burq6-2BCTOILeiM0-2FCxnXpfHyTUYxHFOISA0e67WKvE4vKMTIkqAJreCAEjMyBZwcT8-2FYaAMG-2Bl7QZdgpRv1Lhv-2B6S8YMKG5CjF7frfLi1SM6cZnXvpJKHYzrX-2Ftbf2KREnvGhpmluzER5s7hPyPY76CjOvPniJyXKGYHIEf4E83WwR8CJcm-2FI2w96d53uGxBskpBYQ8n-2BJJCCFtn3aKygk3ULh9VUzv8LHtsgph9zpozV8wfGtrfLTyE8E4K8LYEmNf2PTlS6v5AIB1oPYcYB5S3oGS32BDpsHwVxQiccv2CbwvMcwp02xAGxNxRSm14rpIOPLHGPhjxYUPHM1BGGyHZqQALbaaC5VhU-2FTfpycuWSB3XZBUuLpHn8K39DqaVGb8YH3trdcb-2BLrjWu3DnTa-2BodFN5QRUwIe6zrqOoaM3iroq8quzmptncO7LfheYHyDh4ncAjMaVelcTUrCQxTQ3ojTj7a6mDtW6lurrmSHOdqI4YQIcO9c9NZj7ZtdhKsXT6q-2FF1pvLwmE-2BGq-2F3OUNe9EY6pAiXjFMvJHxaNoyOIYVQoO6cyi7-2BEq9gV7VJrDPvqzkRBkmwzNQQUqoaneFmKSwF-2BibSGizDqaqqk64ruRtAXM950HJ59dVebfCFHyV00DTJwbyS6u1ca7M3ooy82SnirumnnXNRDw-2BtDnfre4Lbj5wCF75P8CRF0dLd94QE1U601fwSyZuSNwdloMjFT7uRZ5Mtt90jI5GDYHDQ2gMgMircSqYNYmPGpQe77aEWN6IUtmoszUw34Dw-3D&amp;data=05%7C02%7Caa6381%40live.mdx.ac.uk%7Cdde8bfc4cccd489e70bb08dee2f7e436%7C38e37b88a3a148cf9f056537427fed24%7C0%7C0%7C639197751487982343%7CUnknown%7CTWFpbGZsb3d8eyJFbXB0eU1hcGkiOnRydWUsIlYiOiIwLjAuMDAwMCIsIlAiOiJXaW4zMiIsIkFOIjoiTWFpbCIsIldUIjoyfQ%3D%3D%7C0%7C%7C%7C&amp;sdata=4iWfp2ajcsx5T7ufkV6sWEzFKzEpXyY7AHGDEMYtq0o%3D&amp;reserved=0|https://url8303.mdx.ac.ae/ls/click?upn=u001.qKO7kt4vmTGNswDJmump2QeSr6eFRqKFWPprrTh-2FdFHF8VJPm5ViAT6zztlF4KbKY6TfvMMk-2BgMwU9nelJ4How-3D-3DK14k_-2FnxC0uuWwXVLvv-2FPcJIdQC9bKMk-2F8uXLPNfQ2WOqhE62uDMIO2D3ccNnJNXwTffdNjdEyvnDq7VLTV7VRHmI2bAs8TKD0ZSsp2fCl4TsG1L3T5J2O-2BdkCYZgDkRRMHCCLh-2FzboLHZZpoJIQ6jsR3j8TReUNg5KfQzNXtMmuleJILtuGXpsZpa-2Fo0xmKrgyrv2uGY1Pd-2Fjs9LnAH0BIxOtz7yX-2Burq6-2BCTOILeiM0-2FCxnXpfHyTUYxHFOISA0e67WKvE4vKMTIkqAJreCAEjMyBZwcT8-2FYaAMG-2Bl7QZdgpRv1Lhv-2B6S8YMKG5CjF7frfLi1SM6cZnXvpJKHYzrX-2Ftbf2KREnvGhpmluzER5s7hPyPY76CjOvPniJyXKGYHIEf4E83WwR8CJcm-2FI2w96d53uGxBskpBYQ8n-2BJJCCFtn3aKygk3ULh9VUzv8LHtsgph9zpozV8wfGtrfLTyE8E4K8LYEmNf2PTlS6v5AIB1oPYcYB5S3oGS32BDpsHwVxQiccv2CbwvMcwp02xAGxNxRSm14rpIOPLHGPhjxYUPHM1BGGyHZqQALbaaC5VhU-2FTfpycuWSB3XZBUuLpHn8K39DqaVGb8YH3trdcb-2BLrjWu3DnTa-2BodFN5QRUwIe6zrqOoaM3iroq8quzmptncO7LfheYHyDh4ncAjMaVelcTUrCQxTQ3ojTj7a6mDtW6lurrmSHOdqI4YQIcO9c9NZj7ZtdhKsXT6q-2FF1pvLwmE-2BGq-2F3OUNe9EY6pAiXjFMvJHxaNoyOIYVQoO6cyi7-2BEq9gV7VJrDPvqzkRBkmwzNQQUqoaneFmKSwF-2BibSGizDqaqqk64ruRtAXM950HJ59dVebfCFHyV00DTJwbyS6u1ca7M3ooy82SnirumnnXNRDw-2BtDnfre4Lbj5wCF75P8CRF0dLd94QE1U601fwSyZuSNwdloMjFT7uRZ5Mtt90jI5GDYHDQ2gMgMircSqYNYmPGpQe77aEWN6IUtmoszUw34Dw-3D|https://url8303.mdx.ac.ae/ls/click?upn=u001.qKO7kt4vmTGNswDJmump2QeSr6eFRqKFWPprrTh-2FdFHF8VJPm5ViAT6zztlF4KbKY6TfvMMk-2BgMwU9nelJ4How-3D-3DK14k_-2FnxC0uuWwXVLvv-2FPcJIdQC9bKMk-2F8uXLPNfQ2WOqhE62uDMIO2D3ccNnJNXwTffdNjdEyvnDq7VLTV7VRHmI2bAs8TKD0ZSsp2fCl4TsG1L3T5J2O-2BdkCYZgDkRRMHCCLh-2FzboLHZZpoJIQ6jsR3j8TReUNg5KfQzNXtMmuleJILtuGXpsZpa-2Fo0xmKrgyrv2uGY1Pd-2Fjs9LnAH0BIxOtz7yX-2Burq6-2BCTOILeiM0-2FCxnXpfHyTUYxHFOISA0e67WKvE4vKMTIkqAJreCAEjMyBZwcT8-2FYaAMG-2Bl7QZdgpRv1Lhv-2B6S8YMKG5CjF7frfLi1SM6cZnXvpJKHYzrX-2Ftbf2KREnvGhpmluzER5s7hPyPY76CjOvPniJyXKGYHIEf4E83WwR8CJcm-2FI2w96d53uGxBskpBYQ8n-2BJJCCFtn3aKygk3ULh9VUzv8LHtsgph9zpozV8wfGtrfLTyE8E4K8LYEmNf2PTlS6v5AIB1oPYcYB5S3oGS32BDpsHwVxQiccv2CbwvMcwp02xAGxNxRSm14rpIOPLHGPhjxYUPHM1BGGyHZqQALbaaC5VhU-2FTfpycuWSB3XZBUuLpHn8K39DqaVGb8YH3trdcb-2BLrjWu3DnTa-2BodFN5QRUwIe6zrqOoaM3iroq8quzmptncO7LfheYHyDh4ncAjMaVelcTUrCQxTQ3ojTj7a6mDtW6lurrmSHOdqI4YQIcO9c9NZj7ZtdhKsXT6q-2FF1pvLwmE-2BGq-2F3OUNe9EY6pAiXjFMvJHxaNoyOIYVQoO6cyi7-2BEq9gV7VJrDPvqzkRBkmwzNQQUqoaneFmKSwF-2BibSGizDqaqqk64ruRtAXM950HJ59dVebfCFHyV00DTJwbyS6u1ca7M3ooy82SnirumnnXNRDw-2BtDnfre4Lbj5wCF75P8CRF0dLd94QE1U601fwSyZuSNwdloMjFT7uRZ5Mtt90jI5GDYHDQ2gMgMircSqYNYmPGpQe77aEWN6IUtmoszUw34Dw-3D.|https://eur02.safelinks.protection.outlook.com/?url=https%3A%2F%2Furl8303.mdx.ac.ae%2Fls%2Fclick%3Fupn%3Du001.qKO7kt4vmTGNswDJmump2fh-2BeZ-2F6zb8vRHYIwIAJ5uUHwMxG5KS6iMrYHQ32jxScFd-2FRC9FhMba5YQ8ztd8m3d-2FwQSAzrSccjSrGWCTlAm2rF76rAZXmY9dwjhQXcVXGAWBWmb3WeSn6BRQsEFS5eQ-3D-3D5onU_-2FnxC0uuWwXVLvv-2FPcJIdQC9bKMk-2F8uXLPNfQ2WOqhE62uDMIO2D3ccNnJNXwTffdNjdEyvnDq7VLTV7VRHmI2bAs8TKD0ZSsp2fCl4TsG1L3T5J2O-2BdkCYZgDkRRMHCCLh-2FzboLHZZpoJIQ6jsR3j8TReUNg5KfQzNXtMmuleJILtuGXpsZpa-2Fo0xmKrgyrv2uGY1Pd-2Fjs9LnAH0BIxOtz7yX-2Burq6-2BCTOILeiM0-2FCxnXpfHyTUYxHFOISA0e67WKvE4vKMTIkqAJreCAEjMyBZwcT8-2FYaAMG-2Bl7QZdgpRv1Lhv-2B6S8YMKG5CjF7frfLi1SM6cZnXvpJKHYzrX-2Ftbf2KREnvGhpmluzER5s7hPyPY76CjOvPniJyXKGYHIEf4E83WwR8CJcm-2FI2w96d53uGxBskpBYQ8n-2BJJCCFtn3aKygk3ULh9VUzv8LHtsgph9zpozV8wfGtrfLTyE8E4K8LYEmNf2PTlS6v5AIB1oPYcYB5S3oGS32BDpsHwVxQiccv2CbwvMcwp02xAGxNxRSm14rpIOPLHGPhjxYUPHM1BGGyHZqQALbaaC5VhU-2FTfpycuWSB3XZBUuLpHn8K39DqaVGb8YH3trdcb-2BLrjWu3DnTa-2BodFN5QRUwIe6zrqOoaM3iroq8quzmptncO7LfheYHyDh4ncAjMaVelcTUrCQxTQ3ojTj7a6mDtW6lurrmSHOdqI4YQIcO9c9NZj7ZtdhKsXT6q-2FF1pvLwmE-2BGq-2F3OUNe9EY6pAiXjFMvJHxaNoyOIYVQoO6cyi7-2BEq9gV7VJrDPvqzkRBkmwzNQQUqoaneFmKSwF-2BibSGizDqaqqk64ruRtAXM950HJ59dVebfCFHyV00DTJwbyS6u1ca7MTkqt8Zyx6U1ubQ5KyWgB2ZZ-2FqKPNiOqYRRHM4wx9V-2B-2BaIw2yTTEoBOwu6zdG9PscWdosDltotLb2R-2Bqf-2BIexTwLSJEOJSYf6nr4mL77Q7qC7GW3A2hKyPJWZidk-2BtFiY-3D&amp;data=05%7C02%7Caa6381%40live.mdx.ac.uk%7Cdde8bfc4cccd489e70bb08dee2f7e436%7C38e37b88a3a148cf9f056537427fed24%7C0%7C0%7C639197751488009700%7CUnknown%7CTWFpbGZsb3d8eyJFbXB0eU1hcGkiOnRydWUsIlYiOiIwLjAuMDAwMCIsIlAiOiJXaW4zMiIsIkFOIjoiTWFpbCIsIldUIjoyfQ%3D%3D%7C0%7C%7C%7C&amp;sdata=0uEXWZyfqHIqp6w4w7rdKAWQ9OUmCgJS9sXyghTXQyU%3D&amp;reserved=0|https://url8303.mdx.ac.ae/ls/click?upn=u001.qKO7kt4vmTGNswDJmump2fh-2BeZ-2F6zb8vRHYIwIAJ5uUHwMxG5KS6iMrYHQ32jxScFd-2FRC9FhMba5YQ8ztd8m3d-2FwQSAzrSccjSrGWCTlAm2rF76rAZXmY9dwjhQXcVXGAWBWmb3WeSn6BRQsEFS5eQ-3D-3D5onU_-2FnxC0uuWwXVLvv-2FPcJIdQC9bKMk-2F8uXLPNfQ2WOqhE62uDMIO2D3ccNnJNXwTffdNjdEyvnDq7VLTV7VRHmI2bAs8TKD0ZSsp2fCl4TsG1L3T5J2O-2BdkCYZgDkRRMHCCLh-2FzboLHZZpoJIQ6jsR3j8TReUNg5KfQzNXtMmuleJILtuGXpsZpa-2Fo0xmKrgyrv2uGY1Pd-2Fjs9LnAH0BIxOtz7yX-2Burq6-2BCTOILeiM0-2FCxnXpfHyTUYxHFOISA0e67WKvE4vKMTIkqAJreCAEjMyBZwcT8-2FYaAMG-2Bl7QZdgpRv1Lhv-2B6S8YMKG5CjF7frfLi1SM6cZnXvpJKHYzrX-2Ftbf2KREnvGhpmluzER5s7hPyPY76CjOvPniJyXKGYHIEf4E83WwR8CJcm-2FI2w96d53uGxBskpBYQ8n-2BJJCCFtn3aKygk3ULh9VUzv8LHtsgph9zpozV8wfGtrfLTyE8E4K8LYEmNf2PTlS6v5AIB1oPYcYB5S3oGS32BDpsHwVxQiccv2CbwvMcwp02xAGxNxRSm14rpIOPLHGPhjxYUPHM1BGGyHZqQALbaaC5VhU-2FTfpycuWSB3XZBUuLpHn8K39DqaVGb8YH3trdcb-2BLrjWu3DnTa-2BodFN5QRUwIe6zrqOoaM3iroq8quzmptncO7LfheYHyDh4ncAjMaVelcTUrCQxTQ3ojTj7a6mDtW6lurrmSHOdqI4YQIcO9c9NZj7ZtdhKsXT6q-2FF1pvLwmE-2BGq-2F3OUNe9EY6pAiXjFMvJHxaNoyOIYVQoO6cyi7-2BEq9gV7VJrDPvqzkRBkmwzNQQUqoaneFmKSwF-2BibSGizDqaqqk64ruRtAXM950HJ59dVebfCFHyV00DTJwbyS6u1ca7MTkqt8Zyx6U1ubQ5KyWgB2ZZ-2FqKPNiOqYRRHM4wx9V-2B-2BaIw2yTTEoBOwu6zdG9PscWdosDltotLb2R-2Bqf-2BIexTwLSJEOJSYf6nr4mL77Q7qC7GW3A2hKyPJWZidk-2BtFiY-3D|https://url8303.mdx.ac.ae/ls/click?upn=u001.qKO7kt4vmTGNswDJmump2fh-2BeZ-2F6zb8vRHYIwIAJ5uUHwMxG5KS6iMrYHQ32jxScFd-2FRC9FhMba5YQ8ztd8m3d-2FwQSAzrSccjSrGWCTlAm2rF76rAZXmY9dwjhQXcVXGAWBWmb3WeSn6BRQsEFS5eQ-3D-3D5onU_-2FnxC0uuWwXVLvv-2FPcJIdQC9bKMk-2F8uXLPNfQ2WOqhE62uDMIO2D3ccNnJNXwTffdNjdEyvnDq7VLTV7VRHmI2bAs8TKD0ZSsp2fCl4TsG1L3T5J2O-2BdkCYZgDkRRMHCCLh-2FzboLHZZpoJIQ6jsR3j8TReUNg5KfQzNXtMmuleJILtuGXpsZpa-2Fo0xmKrgyrv2uGY1Pd-2Fjs9LnAH0BIxOtz7yX-2Burq6-2BCTOILeiM0-2FCxnXpfHyTUYxHFOISA0e67WKvE4vKMTIkqAJreCAEjMyBZwcT8-2FYaAMG-2Bl7QZdgpRv1Lhv-2B6S8YMKG5CjF7frfLi1SM6cZnXvpJKHYzrX-2Ftbf2KREnvGhpmluzER5s7hPyPY76CjOvPniJyXKGYHIEf4E83WwR8CJcm-2FI2w96d53uGxBskpBYQ8n-2BJJCCFtn3aKygk3ULh9VUzv8LHtsgph9zpozV8wfGtrfLTyE8E4K8LYEmNf2PTlS6v5AIB1oPYcYB5S3oGS32BDpsHwVxQiccv2CbwvMcwp02xAGxNxRSm14rpIOPLHGPhjxYUPHM1BGGyHZqQALbaaC5VhU-2FTfpycuWSB3XZBUuLpHn8K39DqaVGb8YH3trdcb-2BLrjWu3DnTa-2BodFN5QRUwIe6zrqOoaM3iroq8quzmptncO7LfheYHyDh4ncAjMaVelcTUrCQxTQ3ojTj7a6mDtW6lurrmSHOdqI4YQIcO9c9NZj7ZtdhKsXT6q-2FF1pvLwmE-2BGq-2F3OUNe9EY6pAiXjFMvJHxaNoyOIYVQoO6cyi7-2BEq9gV7VJrDPvqzkRBkmwzNQQUqoaneFmKSwF-2BibSGizDqaqqk64ruRtAXM950HJ59dVebfCFHyV00DTJwbyS6u1ca7MTkqt8Zyx6U1ubQ5KyWgB2ZZ-2FqKPNiOqYRRHM4wx9V-2B-2BaIw2yTTEoBOwu6zdG9PscWdosDltotLb2R-2Bqf-2BIexTwLSJEOJSYf6nr4mL77Q7qC7GW3A2hKyPJWZidk-2BtFiY-3D.|https://eur02.safelinks.protection.outlook.com/?url=https%3A%2F%2Furl8303.mdx.ac.ae%2Fls%2Fclick%3Fupn%3Du001.qKO7kt4vmTGNswDJmump2TS0qLj6btDp4SYw8mKyxZzwduqLixVV2FgdY-2B9T8TdwjScNYmlNga5-2FHOhtz-2Bghvg-3D-3D1gia_-2FnxC0uuWwXVLvv-2FPcJIdQC9bKMk-2F8uXLPNfQ2WOqhE62uDMIO2D3ccNnJNXwTffdNjdEyvnDq7VLTV7VRHmI2bAs8TKD0ZSsp2fCl4TsG1L3T5J2O-2BdkCYZgDkRRMHCCLh-2FzboLHZZpoJIQ6jsR3j8TReUNg5KfQzNXtMmuleJILtuGXpsZpa-2Fo0xmKrgyrv2uGY1Pd-2Fjs9LnAH0BIxOtz7yX-2Burq6-2BCTOILeiM0-2FCxnXpfHyTUYxHFOISA0e67WKvE4vKMTIkqAJreCAEjMyBZwcT8-2FYaAMG-2Bl7QZdgpRv1Lhv-2B6S8YMKG5CjF7frfLi1SM6cZnXvpJKHYzrX-2Ftbf2KREnvGhpmluzER5s7hPyPY76CjOvPniJyXKGYHIEf4E83WwR8CJcm-2FI2w96d53uGxBskpBYQ8n-2BJJCCFtn3aKygk3ULh9VUzv8LHtsgph9zpozV8wfGtrfLTyE8E4K8LYEmNf2PTlS6v5AIB1oPYcYB5S3oGS32BDpsHwVxQiccv2CbwvMcwp02xAGxNxRSm14rpIOPLHGPhjxYUPHM1BGGyHZqQALbaaC5VhU-2FTfpycuWSB3XZBUuLpHn8K39DqaVGb8YH3trdcb-2BLrjWu3DnTa-2BodFN5QRUwIe6zrqOoaM3iroq8quzmptncO7LfheYHyDh4ncAjMaVelcTUrCQxTQ3ojTj7a6mDtW6lurrmSHOdqI4YQIcO9c9NZj7ZtdhKsXT6q-2FF1pvLwmE-2BGq-2F3OUNe9EY6pAiXjFMvJHxaNoyOIYVQoO6cyi7-2BEq9gV7VJrDPvqzkRBkmwzNQQUqoaneFmKSwF-2BibSGizDqaqqk64ruRtAXM950HJ59dVebfCFHyV00DTJwbyS6u1ca7N-2FladDREXn5SUEgD9HeA3dDNmnDeohBvQI0KyshiE5w3ZbYMXziezNuC4VPxqwEpS3NvKN-2ByK94K9F5mt9Jb-2BV4api5THMw7Ae4hwrmI8xImB3TBww4xMbNOsF0mfDHLM-3D&amp;data=05%7C02%7Caa6381%40live.mdx.ac.uk%7Cdde8bfc4cccd489e70bb08dee2f7e436%7C38e37b88a3a148cf9f056537427fed24%7C0%7C0%7C639197751488040057%7CUnknown%7CTWFpbGZsb3d8eyJFbXB0eU1hcGkiOnRydWUsIlYiOiIwLjAuMDAwMCIsIlAiOiJXaW4zMiIsIkFOIjoiTWFpbCIsIldUIjoyfQ%3D%3D%7C0%7C%7C%7C&amp;sdata=kZu7YUmYxh%2B7tdgUzMfrjUFgWa%2FePAO55iryZ6DgFB8%3D&amp;reserved=0|https://url8303.mdx.ac.ae/ls/click?upn=u001.qKO7kt4vmTGNswDJmump2TS0qLj6btDp4SYw8mKyxZzwduqLixVV2FgdY-2B9T8TdwjScNYmlNga5-2FHOhtz-2Bghvg-3D-3D1gia_-2FnxC0uuWwXVLvv-2FPcJIdQC9bKMk-2F8uXLPNfQ2WOqhE62uDMIO2D3ccNnJNXwTffdNjdEyvnDq7VLTV7VRHmI2bAs8TKD0ZSsp2fCl4TsG1L3T5J2O-2BdkCYZgDkRRMHCCLh-2FzboLHZZpoJIQ6jsR3j8TReUNg5KfQzNXtMmuleJILtuGXpsZpa-2Fo0xmKrgyrv2uGY1Pd-2Fjs9LnAH0BIxOtz7yX-2Burq6-2BCTOILeiM0-2FCxnXpfHyTUYxHFOISA0e67WKvE4vKMTIkqAJreCAEjMyBZwcT8-2FYaAMG-2Bl7QZdgpRv1Lhv-2B6S8YMKG5CjF7frfLi1SM6cZnXvpJKHYzrX-2Ftbf2KREnvGhpmluzER5s7hPyPY76CjOvPniJyXKGYHIEf4E83WwR8CJcm-2FI2w96d53uGxBskpBYQ8n-2BJJCCFtn3aKygk3ULh9VUzv8LHtsgph9zpozV8wfGtrfLTyE8E4K8LYEmNf2PTlS6v5AIB1oPYcYB5S3oGS32BDpsHwVxQiccv2CbwvMcwp02xAGxNxRSm14rpIOPLHGPhjxYUPHM1BGGyHZqQALbaaC5VhU-2FTfpycuWSB3XZBUuLpHn8K39DqaVGb8YH3trdcb-2BLrjWu3DnTa-2BodFN5QRUwIe6zrqOoaM3iroq8quzmptncO7LfheYHyDh4ncAjMaVelcTUrCQxTQ3ojTj7a6mDtW6lurrmSHOdqI4YQIcO9c9NZj7ZtdhKsXT6q-2FF1pvLwmE-2BGq-2F3OUNe9EY6pAiXjFMvJHxaNoyOIYVQoO6cyi7-2BEq9gV7VJrDPvqzkRBkmwzNQQUqoaneFmKSwF-2BibSGizDqaqqk64ruRtAXM950HJ59dVebfCFHyV00DTJwbyS6u1ca7N-2FladDREXn5SUEgD9HeA3dDNmnDeohBvQI0KyshiE5w3ZbYMXziezNuC4VPxqwEpS3NvKN-2ByK94K9F5mt9Jb-2BV4api5THMw7Ae4hwrmI8xImB3TBww4xMbNOsF0mfDHLM-3D|https://url8303.mdx.ac.ae/ls/click?upn=u001.qKO7kt4vmTGNswDJmump2TS0qLj6btDp4SYw8mKyxZzwduqLixVV2FgdY-2B9T8TdwjScNYmlNga5-2FHOhtz-2Bghvg-3D-3D1gia_-2FnxC0uuWwXVLvv-2FPcJIdQC9bKMk-2F8uXLPNfQ2WOqhE62uDMIO2D3ccNnJNXwTffdNjdEyvnDq7VLTV7VRHmI2bAs8TKD0ZSsp2fCl4TsG1L3T5J2O-2BdkCYZgDkRRMHCCLh-2FzboLHZZpoJIQ6jsR3j8TReUNg5KfQzNXtMmuleJILtuGXpsZpa-2Fo0xmKrgyrv2uGY1Pd-2Fjs9LnAH0BIxOtz7yX-2Burq6-2BCTOILeiM0-2FCxnXpfHyTUYxHFOISA0e67WKvE4vKMTIkqAJreCAEjMyBZwcT8-2FYaAMG-2Bl7QZdgpRv1Lhv-2B6S8YMKG5CjF7frfLi1SM6cZnXvpJKHYzrX-2Ftbf2KREnvGhpmluzER5s7hPyPY76CjOvPniJyXKGYHIEf4E83WwR8CJcm-2FI2w96d53uGxBskpBYQ8n-2BJJCCFtn3aKygk3ULh9VUzv8LHtsgph9zpozV8wfGtrfLTyE8E4K8LYEmNf2PTlS6v5AIB1oPYcYB5S3oGS32BDpsHwVxQiccv2CbwvMcwp02xAGxNxRSm14rpIOPLHGPhjxYUPHM1BGGyHZqQALbaaC5VhU-2FTfpycuWSB3XZBUuLpHn8K39DqaVGb8YH3trdcb-2BLrjWu3DnTa-2BodFN5QRUwIe6zrqOoaM3iroq8quzmptncO7LfheYHyDh4ncAjMaVelcTUrCQxTQ3ojTj7a6mDtW6lurrmSHOdqI4YQIcO9c9NZj7ZtdhKsXT6q-2FF1pvLwmE-2BGq-2F3OUNe9EY6pAiXjFMvJHxaNoyOIYVQoO6cyi7-2BEq9gV7VJrDPvqzkRBkmwzNQQUqoaneFmKSwF-2BibSGizDqaqqk64ruRtAXM950HJ59dVebfCFHyV00DTJwbyS6u1ca7N-2FladDREXn5SUEgD9HeA3dDNmnDeohBvQI0KyshiE5w3ZbYMXziezNuC4VPxqwEpS3NvKN-2ByK94K9F5mt9Jb-2BV4api5THMw7Ae4hwrmI8xImB3TBww4xMbNOsF0mfDHLM-3D.|https://eur02.safelinks.protection.outlook.com/?url=https%3A%2F%2Furl8303.mdx.ac.ae%2Fls%2Fclick%3Fupn%3Du001.qKO7kt4vmTGNswDJmump2U7d8o-2BPbZbw0bGpPf6kJhKQH-2BGVZsvxobNDwn4PbC0NTHOW397O-2FXf2RUU8-2BvWoBA-3D-3D4YLu_-2FnxC0uuWwXVLvv-2FPcJIdQC9bKMk-2F8uXLPNfQ2WOqhE62uDMIO2D3ccNnJNXwTffdNjdEyvnDq7VLTV7VRHmI2bAs8TKD0ZSsp2fCl4TsG1L3T5J2O-2BdkCYZgDkRRMHCCLh-2FzboLHZZpoJIQ6jsR3j8TReUNg5KfQzNXtMmuleJILtuGXpsZpa-2Fo0xmKrgyrv2uGY1Pd-2Fjs9LnAH0BIxOtz7yX-2Burq6-2BCTOILeiM0-2FCxnXpfHyTUYxHFOISA0e67WKvE4vKMTIkqAJreCAEjMyBZwcT8-2FYaAMG-2Bl7QZdgpRv1Lhv-2B6S8YMKG5CjF7frfLi1SM6cZnXvpJKHYzrX-2Ftbf2KREnvGhpmluzER5s7hPyPY76CjOvPniJyXKGYHIEf4E83WwR8CJcm-2FI2w96d53uGxBskpBYQ8n-2BJJCCFtn3aKygk3ULh9VUzv8LHtsgph9zpozV8wfGtrfLTyE8E4K8LYEmNf2PTlS6v5AIB1oPYcYB5S3oGS32BDpsHwVxQiccv2CbwvMcwp02xAGxNxRSm14rpIOPLHGPhjxYUPHM1BGGyHZqQALbaaC5VhU-2FTfpycuWSB3XZBUuLpHn8K39DqaVGb8YH3trdcb-2BLrjWu3DnTa-2BodFN5QRUwIe6zrqOoaM3iroq8quzmptncO7LfheYHyDh4ncAjMaVelcTUrCQxTQ3ojTj7a6mDtW6lurrmSHOdqI4YQIcO9c9NZj7ZtdhKsXT6q-2FF1pvLwmE-2BGq-2F3OUNe9EY6pAiXjFMvJHxaNoyOIYVQoO6cyi7-2BEq9gV7VJrDPvqzkRBkmwzNQQUqoaneFmKSwF-2BibSGizDqaqqk64ruRtAXM950HJ59dVebfCFHyV00DTJwbyS6u1ca7OacRdFJFcA4X7mo9j-2F6umu7I-2F-2B6JgHVvTMoARm-2BKTKc4HZ9IINMN-2FARZ3WFOXmpan5kDTLu9n2KnNTCNR6G0aFSsL-2BXnTOtfLpYd2Rb-2B9Qx5KzaIOkcb2KcDxshdhuvQM-3D&amp;data=05%7C02%7Caa6381%40live.mdx.ac.uk%7Cdde8bfc4cccd489e70bb08dee2f7e436%7C38e37b88a3a148cf9f056537427fed24%7C0%7C0%7C639197751488068181%7CUnknown%7CTWFpbGZsb3d8eyJFbXB0eU1hcGkiOnRydWUsIlYiOiIwLjAuMDAwMCIsIlAiOiJXaW4zMiIsIkFOIjoiTWFpbCIsIldUIjoyfQ%3D%3D%7C0%7C%7C%7C&amp;sdata=RNKrhDX3uToeE7FmeOKCcufno30XF1axHCF2jdhAT6M%3D&amp;reserved=0|https://url8303.mdx.ac.ae/ls/click?upn=u001.qKO7kt4vmTGNswDJmump2U7d8o-2BPbZbw0bGpPf6kJhKQH-2BGVZsvxobNDwn4PbC0NTHOW397O-2FXf2RUU8-2BvWoBA-3D-3D4YLu_-2FnxC0uuWwXVLvv-2FPcJIdQC9bKMk-2F8uXLPNfQ2WOqhE62uDMIO2D3ccNnJNXwTffdNjdEyvnDq7VLTV7VRHmI2bAs8TKD0ZSsp2fCl4TsG1L3T5J2O-2BdkCYZgDkRRMHCCLh-2FzboLHZZpoJIQ6jsR3j8TReUNg5KfQzNXtMmuleJILtuGXpsZpa-2Fo0xmKrgyrv2uGY1Pd-2Fjs9LnAH0BIxOtz7yX-2Burq6-2BCTOILeiM0-2FCxnXpfHyTUYxHFOISA0e67WKvE4vKMTIkqAJreCAEjMyBZwcT8-2FYaAMG-2Bl7QZdgpRv1Lhv-2B6S8YMKG5CjF7frfLi1SM6cZnXvpJKHYzrX-2Ftbf2KREnvGhpmluzER5s7hPyPY76CjOvPniJyXKGYHIEf4E83WwR8CJcm-2FI2w96d53uGxBskpBYQ8n-2BJJCCFtn3aKygk3ULh9VUzv8LHtsgph9zpozV8wfGtrfLTyE8E4K8LYEmNf2PTlS6v5AIB1oPYcYB5S3oGS32BDpsHwVxQiccv2CbwvMcwp02xAGxNxRSm14rpIOPLHGPhjxYUPHM1BGGyHZqQALbaaC5VhU-2FTfpycuWSB3XZBUuLpHn8K39DqaVGb8YH3trdcb-2BLrjWu3DnTa-2BodFN5QRUwIe6zrqOoaM3iroq8quzmptncO7LfheYHyDh4ncAjMaVelcTUrCQxTQ3ojTj7a6mDtW6lurrmSHOdqI4YQIcO9c9NZj7ZtdhKsXT6q-2FF1pvLwmE-2BGq-2F3OUNe9EY6pAiXjFMvJHxaNoyOIYVQoO6cyi7-2BEq9gV7VJrDPvqzkRBkmwzNQQUqoaneFmKSwF-2BibSGizDqaqqk64ruRtAXM950HJ59dVebfCFHyV00DTJwbyS6u1ca7OacRdFJFcA4X7mo9j-2F6umu7I-2F-2B6JgHVvTMoARm-2BKTKc4HZ9IINMN-2FARZ3WFOXmpan5kDTLu9n2KnNTCNR6G0aFSsL-2BXnTOtfLpYd2Rb-2B9Qx5KzaIOkcb2KcDxshdhuvQM-3D|https://url8303.mdx.ac.ae/ls/click?upn=u001.qKO7kt4vmTGNswDJmump2U7d8o-2BPbZbw0bGpPf6kJhKQH-2BGVZsvxobNDwn4PbC0NTHOW397O-2FXf2RUU8-2BvWoBA-3D-3D4YLu_-2FnxC0uuWwXVLvv-2FPcJIdQC9bKMk-2F8uXLPNfQ2WOqhE62uDMIO2D3ccNnJNXwTffdNjdEyvnDq7VLTV7VRHmI2bAs8TKD0ZSsp2fCl4TsG1L3T5J2O-2BdkCYZgDkRRMHCCLh-2FzboLHZZpoJIQ6jsR3j8TReUNg5KfQzNXtMmuleJILtuGXpsZpa-2Fo0xmKrgyrv2uGY1Pd-2Fjs9LnAH0BIxOtz7yX-2Burq6-2BCTOILeiM0-2FCxnXpfHyTUYxHFOISA0e67WKvE4vKMTIkqAJreCAEjMyBZwcT8-2FYaAMG-2Bl7QZdgpRv1Lhv-2B6S8YMKG5CjF7frfLi1SM6cZnXvpJKHYzrX-2Ftbf2KREnvGhpmluzER5s7hPyPY76CjOvPniJyXKGYHIEf4E83WwR8CJcm-2FI2w96d53uGxBskpBYQ8n-2BJJCCFtn3aKygk3ULh9VUzv8LHtsgph9zpozV8wfGtrfLTyE8E4K8LYEmNf2PTlS6v5AIB1oPYcYB5S3oGS32BDpsHwVxQiccv2CbwvMcwp02xAGxNxRSm14rpIOPLHGPhjxYUPHM1BGGyHZqQALbaaC5VhU-2FTfpycuWSB3XZBUuLpHn8K39DqaVGb8YH3trdcb-2BLrjWu3DnTa-2BodFN5QRUwIe6zrqOoaM3iroq8quzmptncO7LfheYHyDh4ncAjMaVelcTUrCQxTQ3ojTj7a6mDtW6lurrmSHOdqI4YQIcO9c9NZj7ZtdhKsXT6q-2FF1pvLwmE-2BGq-2F3OUNe9EY6pAiXjFMvJHxaNoyOIYVQoO6cyi7-2BEq9gV7VJrDPvqzkRBkmwzNQQUqoaneFmKSwF-2BibSGizDqaqqk64ruRtAXM950HJ59dVebfCFHyV00DTJwbyS6u1ca7OacRdFJFcA4X7mo9j-2F6umu7I-2F-2B6JgHVvTMoARm-2BKTKc4HZ9IINMN-2FARZ3WFOXmpan5kDTLu9n2KnNTCNR6G0aFSsL-2BXnTOtfLpYd2Rb-2B9Qx5KzaIOkcb2KcDxshdhuvQM-3D.|https://eur02.safelinks.protection.outlook.com/?url=https%3A%2F%2Furl8303.mdx.ac.ae%2Fls%2Fclick%3Fupn%3Du001.qKO7kt4vmTGNswDJmump2WMQRURHWeSWso-2FeW3ShGDs-2FFV97OS63uE1QA7XPGBo2btAqvNI77A4Mwi4yqLQTJw-3D-3Df9LF_-2FnxC0uuWwXVLvv-2FPcJIdQC9bKMk-2F8uXLPNfQ2WOqhE62uDMIO2D3ccNnJNXwTffdNjdEyvnDq7VLTV7VRHmI2bAs8TKD0ZSsp2fCl4TsG1L3T5J2O-2BdkCYZgDkRRMHCCLh-2FzboLHZZpoJIQ6jsR3j8TReUNg5KfQzNXtMmuleJILtuGXpsZpa-2Fo0xmKrgyrv2uGY1Pd-2Fjs9LnAH0BIxOtz7yX-2Burq6-2BCTOILeiM0-2FCxnXpfHyTUYxHFOISA0e67WKvE4vKMTIkqAJreCAEjMyBZwcT8-2FYaAMG-2Bl7QZdgpRv1Lhv-2B6S8YMKG5CjF7frfLi1SM6cZnXvpJKHYzrX-2Ftbf2KREnvGhpmluzER5s7hPyPY76CjOvPniJyXKGYHIEf4E83WwR8CJcm-2FI2w96d53uGxBskpBYQ8n-2BJJCCFtn3aKygk3ULh9VUzv8LHtsgph9zpozV8wfGtrfLTyE8E4K8LYEmNf2PTlS6v5AIB1oPYcYB5S3oGS32BDpsHwVxQiccv2CbwvMcwp02xAGxNxRSm14rpIOPLHGPhjxYUPHM1BGGyHZqQALbaaC5VhU-2FTfpycuWSB3XZBUuLpHn8K39DqaVGb8YH3trdcb-2BLrjWu3DnTa-2BodFN5QRUwIe6zrqOoaM3iroq8quzmptncO7LfheYHyDh4ncAjMaVelcTUrCQxTQ3ojTj7a6mDtW6lurrmSHOdqI4YQIcO9c9NZj7ZtdhKsXT6q-2FF1pvLwmE-2BGq-2F3OUNe9EY6pAiXjFMvJHxaNoyOIYVQoO6cyi7-2BEq9gV7VJrDPvqzkRBkmwzNQQUqoaneFmKSwF-2BibSGizDqaqqk64ruRtAXM950HJ59dVebfCFHyV00DTJwbyS6u1ca7OpG60nrR-2Fcv0IlAx7W-2BXg-2BO2lmcFiM2Ok54KevJQzNa2ZfKaKQDApFIGvJ-2F-2FedRKbFYCl8QOjsso6fRF6qqpX224Jv91fFoLAqDlGmYuGsvMbP-2BvTEBZZSL4xpNsTfacM-3D&amp;data=05%7C02%7Caa6381%40live.mdx.ac.uk%7Cdde8bfc4cccd489e70bb08dee2f7e436%7C38e37b88a3a148cf9f056537427fed24%7C0%7C0%7C639197751488092175%7CUnknown%7CTWFpbGZsb3d8eyJFbXB0eU1hcGkiOnRydWUsIlYiOiIwLjAuMDAwMCIsIlAiOiJXaW4zMiIsIkFOIjoiTWFpbCIsIldUIjoyfQ%3D%3D%7C0%7C%7C%7C&amp;sdata=O0kajWBSR3JnSAEtZcxZGv87JGA1aD6AOvgZMFFhgaY%3D&amp;reserved=0|https://url8303.mdx.ac.ae/ls/click?upn=u001.qKO7kt4vmTGNswDJmump2WMQRURHWeSWso-2FeW3ShGDs-2FFV97OS63uE1QA7XPGBo2btAqvNI77A4Mwi4yqLQTJw-3D-3Df9LF_-2FnxC0uuWwXVLvv-2FPcJIdQC9bKMk-2F8uXLPNfQ2WOqhE62uDMIO2D3ccNnJNXwTffdNjdEyvnDq7VLTV7VRHmI2bAs8TKD0ZSsp2fCl4TsG1L3T5J2O-2BdkCYZgDkRRMHCCLh-2FzboLHZZpoJIQ6jsR3j8TReUNg5KfQzNXtMmuleJILtuGXpsZpa-2Fo0xmKrgyrv2uGY1Pd-2Fjs9LnAH0BIxOtz7yX-2Burq6-2BCTOILeiM0-2FCxnXpfHyTUYxHFOISA0e67WKvE4vKMTIkqAJreCAEjMyBZwcT8-2FYaAMG-2Bl7QZdgpRv1Lhv-2B6S8YMKG5CjF7frfLi1SM6cZnXvpJKHYzrX-2Ftbf2KREnvGhpmluzER5s7hPyPY76CjOvPniJyXKGYHIEf4E83WwR8CJcm-2FI2w96d53uGxBskpBYQ8n-2BJJCCFtn3aKygk3ULh9VUzv8LHtsgph9zpozV8wfGtrfLTyE8E4K8LYEmNf2PTlS6v5AIB1oPYcYB5S3oGS32BDpsHwVxQiccv2CbwvMcwp02xAGxNxRSm14rpIOPLHGPhjxYUPHM1BGGyHZqQALbaaC5VhU-2FTfpycuWSB3XZBUuLpHn8K39DqaVGb8YH3trdcb-2BLrjWu3DnTa-2BodFN5QRUwIe6zrqOoaM3iroq8quzmptncO7LfheYHyDh4ncAjMaVelcTUrCQxTQ3ojTj7a6mDtW6lurrmSHOdqI4YQIcO9c9NZj7ZtdhKsXT6q-2FF1pvLwmE-2BGq-2F3OUNe9EY6pAiXjFMvJHxaNoyOIYVQoO6cyi7-2BEq9gV7VJrDPvqzkRBkmwzNQQUqoaneFmKSwF-2BibSGizDqaqqk64ruRtAXM950HJ59dVebfCFHyV00DTJwbyS6u1ca7OpG60nrR-2Fcv0IlAx7W-2BXg-2BO2lmcFiM2Ok54KevJQzNa2ZfKaKQDApFIGvJ-2F-2FedRKbFYCl8QOjsso6fRF6qqpX224Jv91fFoLAqDlGmYuGsvMbP-2BvTEBZZSL4xpNsTfacM-3D,none,none,none,1,0,0.7634,1,0.3817
handshake@g.joinhandshake.com,"Jobs for you like Chief Technology Officer on Handshake this week

Summarise this email","
	
You don't often get email from handshake@g.joinhandshake.com. Learn why this is important
	

[?utm_medium=email&utm_source=iterable&utm_campaign=Pre-User Job Recs Higher Degrees Afternoon Send]
Jobs for you this week

Hi Amritha,

 

Handshake partners with Middlesex University to help you grow your career. This week, we've picked a few opportunities just for you. [?utm_medium=email&utm_source=iterable&utm_campaign=Pre-User Job Recs Higher Degrees Afternoon Send]Log in to activate your school-created account and explore more roles like these.


[?utm_medium=email&utm_source=iterable&utm_campaign=Pre-User Job Recs Higher Degrees Afternoon Send]Activate account
 
 
	

Chief Technology Officer

VidaSana Wellness Inc

Industry: Technology

	

Full-Stack Developer

Alvora AI

Industry: Tec",https://aka.ms/LearnAboutSenderIdentification|https://eur02.safelinks.protection.outlook.com/?url=https%3A%2F%2Femail.g.joinhandshake.com%2Fc%2FeJyE00mzqrwaBeBfgzMskhASBg5QxG6LuLcdTqgAAYHQN4K__ta5554zufXVN37WqnoH7woXvgIVjGZ8AQhFOkUQkdlrQSkGiqIp3I8UzDjGWAsjBWEeQuwTDc-SBVSgphCAIMQIkzkKNQyiUAOAM6IgLKlKPE_LpHixImxfLOPzoMxnYvHquqqVkCFBS4KWSIqs_f-cBC0mQSsQSZBJyPI6CZkRAiGgyA-RzlWFIF-lAGmMU67TkKmRBDUvl5AZqApAUNM1TiPVV6gf6phhHZKIRFHoh79yXEKmLze6v963cCWar4E-o2Vv-6s9cmIXWC8n-SnZcZAd0manvOlKtBO0ulQH_2GZzjuJEbEeqgLrw_3rXjt1yc7n5xptbOMyZvyU3ZJe2xcHXRz4lBF71X9fKsP7dtv9-fPa-rx3LccRp6pIw7Y5Xbg6ZYNcOFO5f9Upsfa71FArMJbOJ_hxzleS5ck5YsPbpV9ecvddzzEmEG3b2pblovHXohFD-FJiqJg3OSAv2b3g7ggczxuNo2Nqj2xjy3UM1Hu0B_h0thP83JpOinmPxdldFZ-RFc50aG9LQZ8jtZjZJ3DtxNt1jXJSPRqTeM_J2CfCIPfAaOosE8YP7b8eHlzbH_u7jh44E9ZW3N0NzQJ9tZsi-6mNCj9tf54B_76O49Y6bCmTWzW-FaU4aoZ8a6rXI1ouY5Xijzndda-10mPW-xYE5RS-wdLdHtXLe2cOsTJOo1s8P4fmSSJXMNU6M9neAGdCsrgxzzCeF7afiIrcSbWM43Tv-tJIc9xvmuNKTbm4kN31WnTymewj_QJcByVJ__SGdLdclnGcDqm4ou5Ur34GvBvawbws-8a4HrRB-KeV4wcopZ6dRe96cA89uR2jSXmPOmnXp7GxPxsM74OtpflD6dQztTZ39XGomSFBjMxZzjsWso4tJLKUIMx527KY70IJwv_uAf7750IJriQIO55XgnV_uxBSoAGMf2vVlCkPuj9IEUG_IWB5xZK4-COAYIgV9X-1hgdJlfCiu7a8OfDp71mMaYgCSVVEMvB5Ho5zFsz77JcTc9Ys_sFnwwL-JwAA__-6Tl7v&amp;data=05%7C02%7Caa6381%40live.mdx.ac.uk%7C5d5361d2c8514aa4487508dee131a022%7C38e37b88a3a148cf9f056537427fed24%7C0%7C0%7C639195800458505166%7CUnknown%7CTWFpbGZsb3d8eyJFbXB0eU1hcGkiOnRydWUsIlYiOiIwLjAuMDAwMCIsIlAiOiJXaW4zMiIsIkFOIjoiTWFpbCIsIldUIjoyfQ%3D%3D%7C0%7C%7C%7C&amp;sdata=6Nh7HMKIYm2eeTbPl8E26g7Ar1ICy455E%2FeUPXKAFwU%3D&amp;reserved=0|https://email.g.joinhandshake.com/c/eJyE00mzqrwaBeBfgzMskhASBg5QxG6LuLcdTqgAAYHQN4K__ta5554zufXVN37WqnoH7woXvgIVjGZ8AQhFOkUQkdlrQSkGiqIp3I8UzDjGWAsjBWEeQuwTDc-SBVSgphCAIMQIkzkKNQyiUAOAM6IgLKlKPE_LpHixImxfLOPzoMxnYvHquqqVkCFBS4KWSIqs_f-cBC0mQSsQSZBJyPI6CZkRAiGgyA-RzlWFIF-lAGmMU67TkKmRBDUvl5AZqApAUNM1TiPVV6gf6phhHZKIRFHoh79yXEKmLze6v963cCWar4E-o2Vv-6s9cmIXWC8n-SnZcZAd0manvOlKtBO0ulQH_2GZzjuJEbEeqgLrw_3rXjt1yc7n5xptbOMyZvyU3ZJe2xcHXRz4lBF71X9fKsP7dtv9-fPa-rx3LccRp6pIw7Y5Xbg6ZYNcOFO5f9Upsfa71FArMJbOJ_hxzleS5ck5YsPbpV9ecvddzzEmEG3b2pblovHXohFD-FJiqJg3OSAv2b3g7ggczxuNo2Nqj2xjy3UM1Hu0B_h0thP83JpOinmPxdldFZ-RFc50aG9LQZ8jtZjZJ3DtxNt1jXJSPRqTeM_J2CfCIPfAaOosE8YP7b8eHlzbH_u7jh44E9ZW3N0NzQJ9tZsi-6mNCj9tf54B_76O49Y6bCmTWzW-FaU4aoZ8a6rXI1ouY5Xijzndda-10mPW-xYE5RS-wdLdHtXLe2cOsTJOo1s8P4fmSSJXMNU6M9neAGdCsrgxzzCeF7afiIrcSbWM43Tv-tJIc9xvmuNKTbm4kN31WnTymewj_QJcByVJ__SGdLdclnGcDqm4ou5Ur34GvBvawbws-8a4HrRB-KeV4wcopZ6dRe96cA89uR2jSXmPOmnXp7GxPxsM74OtpflD6dQztTZ39XGomSFBjMxZzjsWso4tJLKUIMx527KY70IJwv_uAf7750IJriQIO55XgnV_uxBSoAGMf2vVlCkPuj9IEUG_IWB5xZK4-COAYIgV9X-1hgdJlfCiu7a8OfDp71mMaYgCSVVEMvB5Ho5zFsz77JcTc9Ys_sFnwwL-JwAA__-6Tl7v|https://email.g.joinhandshake.com/c/eJyE00mzqrwaBeBfgzMskhASBg5QxG6LuLcdTqgAAYHQN4K__ta5554zufXVN37WqnoH7woXvgIVjGZ8AQhFOkUQkdlrQSkGiqIp3I8UzDjGWAsjBWEeQuwTDc-SBVSgphCAIMQIkzkKNQyiUAOAM6IgLKlKPE_LpHixImxfLOPzoMxnYvHquqqVkCFBS4KWSIqs_f-cBC0mQSsQSZBJyPI6CZkRAiGgyA-RzlWFIF-lAGmMU67TkKmRBDUvl5AZqApAUNM1TiPVV6gf6phhHZKIRFHoh79yXEKmLze6v963cCWar4E-o2Vv-6s9cmIXWC8n-SnZcZAd0manvOlKtBO0ulQH_2GZzjuJEbEeqgLrw_3rXjt1yc7n5xptbOMyZvyU3ZJe2xcHXRz4lBF71X9fKsP7dtv9-fPa-rx3LccRp6pIw7Y5Xbg6ZYNcOFO5f9Upsfa71FArMJbOJ_hxzleS5ck5YsPbpV9ecvddzzEmEG3b2pblovHXohFD-FJiqJg3OSAv2b3g7ggczxuNo2Nqj2xjy3UM1Hu0B_h0thP83JpOinmPxdldFZ-RFc50aG9LQZ8jtZjZJ3DtxNt1jXJSPRqTeM_J2CfCIPfAaOosE8YP7b8eHlzbH_u7jh44E9ZW3N0NzQJ9tZsi-6mNCj9tf54B_76O49Y6bCmTWzW-FaU4aoZ8a6rXI1ouY5Xijzndda-10mPW-xYE5RS-wdLdHtXLe2cOsTJOo1s8P4fmSSJXMNU6M9neAGdCsrgxzzCeF7afiIrcSbWM43Tv-tJIc9xvmuNKTbm4kN31WnTymewj_QJcByVJ__SGdLdclnGcDqm4ou5Ur34GvBvawbws-8a4HrRB-KeV4wcopZ6dRe96cA89uR2jSXmPOmnXp7GxPxsM74OtpflD6dQztTZ39XGomSFBjMxZzjsWso4tJLKUIMx527KY70IJwv_uAf7750IJriQIO55XgnV_uxBSoAGMf2vVlCkPuj9IEUG_IWB5xZK4-COAYIgV9X-1hgdJlfCiu7a8OfDp71mMaYgCSVVEMvB5Ho5zFsz77JcTc9Ys_sFnwwL-JwAA__-6Tl7v.|https://eur02.safelinks.protection.outlook.com/?url=https%3A%2F%2Femail.g.joinhandshake.com%2Fc%2FeJyE08uyqjgYBeCnwZkWSbgkAwco4hZv4PaGEyshQSJXIaL49F2nT5896erq8bdW1T_4Fx8zHeomGogxsDEiGEFkD9KxblDLwDTRE2joBkmARQiOBea6iSGEeCDHUIeWbgMEoYlMe4S4ZYKEWwAIauvI1Az9NrpXskxpyduUZmIUV8UgH6dK1a2GHA16GvRyWWbtv3Ma9KgGvTiXcaYh76o05CYIcIAR44gIQ7cRMzBAFhVYEMypkWjQuhYacmNDBwhaxBI4MZiOGScmNQm0EztJOOO_ckJDLhs2hM38Fk7zZtXhSzJ5btjUR8EtAl4ayO-KrrthYLfZtmhUhRY5rvf1kp09N3jJG7K9s6HDx_K0Oj2CR0XD8DJD842zf2dimx3l0_LLJcmXos_szfS529fOdRe1fvhJv5h4Rl4Q5Nu6vPO22e6F0WfdsAz6yk8fd9vzF3fHqMG7Cj7xdxAe7KyQYUK7V4RXV3li0TVwepB8tY_NcFg2bJY3ecdTvSYp8C_TWoGij2FopF9vmn-nrrN5yrn0ynpYRMo1s6LlNP4wcvx6uOXJJ9_1quDlFJCDahZbSR_GkZ0P_T7LWmmGIVh3n0Vuu9Fhez-5H3IzsnPY1N0zXyrVnMLHMD_p5xeLePDkw-CY32erY3AOLxP_xrt0Rg6ZR6uVflvS40oquW4beniAtzKaR-A1u2CXycUGHlTv79mu7O-hR2fJuiwi55mQqmOpaat1tSWbZRPuUH55O_MNwXQ68SZA7CP4SsPydvQWEq-M9LA9Ny0rD5XzbENGi5SC62GRvEyrTJ_D4bScv6KtevMp0XuEAZnd_e3sfDdeiRm6LJ_sN84O9NHKKanvoOo6sbr9np6hMwfekVuXylCySDLyik-RtYOrumbzy1ew3sGinUSL7edjZWrevlT1iNzus5tp0ETuoBCKcqroWLMnGoSFaFt6EwuuQfj3HuD_fy7U4FSDUImizqn66UKIgQVM87fWTXUXsfqDGNnoN8S0qKm8lX8E2CY0deOfWiNiWUtRqkMrmqXof86i1EIYaIaey06MCv4e0Xj0zH657Q6a8X_4oBvDvwIAAP__OKJiaA&amp;data=05%7C02%7Caa6381%40live.mdx.ac.uk%7C5d5361d2c8514aa4487508dee131a022%7C38e37b88a3a148cf9f056537427fed24%7C0%7C0%7C639195800458542580%7CUnknown%7CTWFpbGZsb3d8eyJFbXB0eU1hcGkiOnRydWUsIlYiOiIwLjAuMDAwMCIsIlAiOiJXaW4zMiIsIkFOIjoiTWFpbCIsIldUIjoyfQ%3D%3D%7C0%7C%7C%7C&amp;sdata=%2BXd5qIl%2FoGeL8BmTnjOnbHet0WYrU4h1A1dE%2BFhRP7A%3D&amp;reserved=0|https://email.g.joinhandshake.com/c/eJyE08uyqjgYBeCnwZkWSbgkAwco4hZv4PaGEyshQSJXIaL49F2nT5896erq8bdW1T_4Fx8zHeomGogxsDEiGEFkD9KxblDLwDTRE2joBkmARQiOBea6iSGEeCDHUIeWbgMEoYlMe4S4ZYKEWwAIauvI1Az9NrpXskxpyduUZmIUV8UgH6dK1a2GHA16GvRyWWbtv3Ma9KgGvTiXcaYh76o05CYIcIAR44gIQ7cRMzBAFhVYEMypkWjQuhYacmNDBwhaxBI4MZiOGScmNQm0EztJOOO_ckJDLhs2hM38Fk7zZtXhSzJ5btjUR8EtAl4ayO-KrrthYLfZtmhUhRY5rvf1kp09N3jJG7K9s6HDx_K0Oj2CR0XD8DJD842zf2dimx3l0_LLJcmXos_szfS529fOdRe1fvhJv5h4Rl4Q5Nu6vPO22e6F0WfdsAz6yk8fd9vzF3fHqMG7Cj7xdxAe7KyQYUK7V4RXV3li0TVwepB8tY_NcFg2bJY3ecdTvSYp8C_TWoGij2FopF9vmn-nrrN5yrn0ynpYRMo1s6LlNP4wcvx6uOXJJ9_1quDlFJCDahZbSR_GkZ0P_T7LWmmGIVh3n0Vuu9Fhez-5H3IzsnPY1N0zXyrVnMLHMD_p5xeLePDkw-CY32erY3AOLxP_xrt0Rg6ZR6uVflvS40oquW4beniAtzKaR-A1u2CXycUGHlTv79mu7O-hR2fJuiwi55mQqmOpaat1tSWbZRPuUH55O_MNwXQ68SZA7CP4SsPydvQWEq-M9LA9Ny0rD5XzbENGi5SC62GRvEyrTJ_D4bScv6KtevMp0XuEAZnd_e3sfDdeiRm6LJ_sN84O9NHKKanvoOo6sbr9np6hMwfekVuXylCySDLyik-RtYOrumbzy1ew3sGinUSL7edjZWrevlT1iNzus5tp0ETuoBCKcqroWLMnGoSFaFt6EwuuQfj3HuD_fy7U4FSDUImizqn66UKIgQVM87fWTXUXsfqDGNnoN8S0qKm8lX8E2CY0deOfWiNiWUtRqkMrmqXof86i1EIYaIaey06MCv4e0Xj0zH657Q6a8X_4oBvDvwIAAP__OKJiaA|https://email.g.joinhandshake.com/c/eJyE08uyqjgYBeCnwZkWSbgkAwco4hZv4PaGEyshQSJXIaL49F2nT5896erq8bdW1T_4Fx8zHeomGogxsDEiGEFkD9KxblDLwDTRE2joBkmARQiOBea6iSGEeCDHUIeWbgMEoYlMe4S4ZYKEWwAIauvI1Az9NrpXskxpyduUZmIUV8UgH6dK1a2GHA16GvRyWWbtv3Ma9KgGvTiXcaYh76o05CYIcIAR44gIQ7cRMzBAFhVYEMypkWjQuhYacmNDBwhaxBI4MZiOGScmNQm0EztJOOO_ckJDLhs2hM38Fk7zZtXhSzJ5btjUR8EtAl4ayO-KrrthYLfZtmhUhRY5rvf1kp09N3jJG7K9s6HDx_K0Oj2CR0XD8DJD842zf2dimx3l0_LLJcmXos_szfS529fOdRe1fvhJv5h4Rl4Q5Nu6vPO22e6F0WfdsAz6yk8fd9vzF3fHqMG7Cj7xdxAe7KyQYUK7V4RXV3li0TVwepB8tY_NcFg2bJY3ecdTvSYp8C_TWoGij2FopF9vmn-nrrN5yrn0ynpYRMo1s6LlNP4wcvx6uOXJJ9_1quDlFJCDahZbSR_GkZ0P_T7LWmmGIVh3n0Vuu9Fhez-5H3IzsnPY1N0zXyrVnMLHMD_p5xeLePDkw-CY32erY3AOLxP_xrt0Rg6ZR6uVflvS40oquW4beniAtzKaR-A1u2CXycUGHlTv79mu7O-hR2fJuiwi55mQqmOpaat1tSWbZRPuUH55O_MNwXQ68SZA7CP4SsPydvQWEq-M9LA9Ny0rD5XzbENGi5SC62GRvEyrTJ_D4bScv6KtevMp0XuEAZnd_e3sfDdeiRm6LJ_sN84O9NHKKanvoOo6sbr9np6hMwfekVuXylCySDLyik-RtYOrumbzy1ew3sGinUSL7edjZWrevlT1iNzus5tp0ETuoBCKcqroWLMnGoSFaFt6EwuuQfj3HuD_fy7U4FSDUImizqn66UKIgQVM87fWTXUXsfqDGNnoN8S0qKm8lX8E2CY0deOfWiNiWUtRqkMrmqXof86i1EIYaIaey06MCv4e0Xj0zH657Q6a8X_4oBvDvwIAAP__OKJiaA.|https://eur02.safelinks.protection.outlook.com/?url=https%3A%2F%2Femail.g.joinhandshake.com%2Fc%2FeJyE0k-TojgYBvBPE29a5A0hcPDQgOzYuGKL2jaXqYQEifxtCLb66bdmZ2cuW1t7_j1P1Vv1PnIpLLAomaklZi7xXAKEzcolZzl2bAuY62AMigpFFYXccxS1XSHFTC_BAsdimABQQtmCSIfiQjoYK84sQpFtXRbXTrclb-VY8kot8q6Z1cvSmH5E5AVBhCCqdVuN_84hiDiCKK91XiESfTeIhAXBErtESOIp22JE2C4mDleu8lzJ7QKB871BJMxtCxNwPEe5hS0sV0iPcuoBK1hRSCF_5BQioZgPnli9jhDUw-bmZoU_bUXwSnaXDxyVO512_M_bfMfGKmkG05F17faHPhbnKNx96QuBuIZ8wHqfr5_DK1-fnqdxSpMkmcz0SXbw1RZO1W1ofNpZ58fansjbH9_0fRP692N_FZVdHr1wNHjyB3JokmMsNnlSr052_FaFbfbt_aQfm0ORvRy56IrPVko_DXb11TxKaKfVsGeZLN8uYtJfYnWL_UZ9BqVJrvvnmp94vfLjYY8j_ow-n_HqYZv9e-eTNPSGrknZts_2VZFtvqXpeE_Xoy_T3cHXbb8luuyt4REMYp9DlSmqqiNnVHn5Nj2ccyPu0-tZzLdmiD-K96c4MxZ87OXmYMle96c2zR7b95cPldiqJ_NpgiybrvQSvGRB4urz_CIJxgX32lmjDJfc8CViPgJo1Djyi1pLBPD3PuD_PwkIAgRgVNPX3PzuArjYwZT-1H7orio3v9AljPyEnDc915f2l2BGgVr2P7VB5brXqjXHUQ2xevw-i3OHuBjZVq1vatHI-4Lni6n64SycDcv_8NltCX8FAAD__1GcENg&amp;data=05%7C02%7Caa6381%40live.mdx.ac.uk%7C5d5361d2c8514aa4487508dee131a022%7C38e37b88a3a148cf9f056537427fed24%7C0%7C0%7C639195800458563146%7CUnknown%7CTWFpbGZsb3d8eyJFbXB0eU1hcGkiOnRydWUsIlYiOiIwLjAuMDAwMCIsIlAiOiJXaW4zMiIsIkFOIjoiTWFpbCIsIldUIjoyfQ%3D%3D%7C0%7C%7C%7C&amp;sdata=LhHONK48aVIRT1yKaGtf0Kdg%2B2ee2o3BtjgE3l%2FBDok%3D&amp;reserved=0|https://email.g.joinhandshake.com/c/eJyE0k-TojgYBvBPE29a5A0hcPDQgOzYuGKL2jaXqYQEifxtCLb66bdmZ2cuW1t7_j1P1Vv1PnIpLLAomaklZi7xXAKEzcolZzl2bAuY62AMigpFFYXccxS1XSHFTC_BAsdimABQQtmCSIfiQjoYK84sQpFtXRbXTrclb-VY8kot8q6Z1cvSmH5E5AVBhCCqdVuN_84hiDiCKK91XiESfTeIhAXBErtESOIp22JE2C4mDleu8lzJ7QKB871BJMxtCxNwPEe5hS0sV0iPcuoBK1hRSCF_5BQioZgPnli9jhDUw-bmZoU_bUXwSnaXDxyVO512_M_bfMfGKmkG05F17faHPhbnKNx96QuBuIZ8wHqfr5_DK1-fnqdxSpMkmcz0SXbw1RZO1W1ofNpZ58fansjbH9_0fRP692N_FZVdHr1wNHjyB3JokmMsNnlSr052_FaFbfbt_aQfm0ORvRy56IrPVko_DXb11TxKaKfVsGeZLN8uYtJfYnWL_UZ9BqVJrvvnmp94vfLjYY8j_ow-n_HqYZv9e-eTNPSGrknZts_2VZFtvqXpeE_Xoy_T3cHXbb8luuyt4REMYp9DlSmqqiNnVHn5Nj2ccyPu0-tZzLdmiD-K96c4MxZ87OXmYMle96c2zR7b95cPldiqJ_NpgiybrvQSvGRB4urz_CIJxgX32lmjDJfc8CViPgJo1Djyi1pLBPD3PuD_PwkIAgRgVNPX3PzuArjYwZT-1H7orio3v9AljPyEnDc915f2l2BGgVr2P7VB5brXqjXHUQ2xevw-i3OHuBjZVq1vatHI-4Lni6n64SycDcv_8NltCX8FAAD__1GcENg|https://email.g.joinhandshake.com/c/eJyE0k-TojgYBvBPE29a5A0hcPDQgOzYuGKL2jaXqYQEifxtCLb66bdmZ2cuW1t7_j1P1Vv1PnIpLLAomaklZi7xXAKEzcolZzl2bAuY62AMigpFFYXccxS1XSHFTC_BAsdimABQQtmCSIfiQjoYK84sQpFtXRbXTrclb-VY8kot8q6Z1cvSmH5E5AVBhCCqdVuN_84hiDiCKK91XiESfTeIhAXBErtESOIp22JE2C4mDleu8lzJ7QKB871BJMxtCxNwPEe5hS0sV0iPcuoBK1hRSCF_5BQioZgPnli9jhDUw-bmZoU_bUXwSnaXDxyVO512_M_bfMfGKmkG05F17faHPhbnKNx96QuBuIZ8wHqfr5_DK1-fnqdxSpMkmcz0SXbw1RZO1W1ofNpZ58fansjbH9_0fRP692N_FZVdHr1wNHjyB3JokmMsNnlSr052_FaFbfbt_aQfm0ORvRy56IrPVko_DXb11TxKaKfVsGeZLN8uYtJfYnWL_UZ9BqVJrvvnmp94vfLjYY8j_ow-n_HqYZv9e-eTNPSGrknZts_2VZFtvqXpeE_Xoy_T3cHXbb8luuyt4REMYp9DlSmqqiNnVHn5Nj2ccyPu0-tZzLdmiD-K96c4MxZ87OXmYMle96c2zR7b95cPldiqJ_NpgiybrvQSvGRB4urz_CIJxgX32lmjDJfc8CViPgJo1Djyi1pLBPD3PuD_PwkIAgRgVNPX3PzuArjYwZT-1H7orio3v9AljPyEnDc915f2l2BGgVr2P7VB5brXqjXHUQ2xevw-i3OHuBjZVq1vatHI-4Lni6n64SycDcv_8NltCX8FAAD__1GcENg.|https://eur02.safelinks.protection.outlook.com/?url=https%3A%2F%2Femail.g.joinhandshake.com%2Fc%2FeJyE0k-TqjgUBfBPgzstkhtIWLiwO6D4D6Vbu3VjJSRIFIThj6KffurNm_c2U1Nv_Tun6lbdo8bSxrYDAz1GlIHHAAMdZGOSEmG7bpIwIESCsKkCAZIQlCLCXGdgxtjGrk0RYOyAQ0egXAelykVIC2qDYxH7PLqU5paJm2oycdWjpCwG-Thr26qxYGLhwMJBbm7X5r85CwfCwkGSm-RqQXBqLeApIIUYSAWeJjYFSRgCV2imPaYESS3sngoLeEJsBNj1XM1SIm0mlecIx8M0pWmqpPqR0xZwOaw96c8b_J7Xyzs7pm_dWr7PYXM-oCDbmI9SrO7DDW2uUVG3JYQ5qz6rhfwO-OZhzoAXOU5qZOIkfNVzEe5f-6b7luVir7z507kdPy_CJgp9EnnlMwaT4QonR_06spX90V2GTS8_XrOOO80peATZdTdsw-d3keVoE01Z2NR8mFzY9OnCYVZGRUhX0XpByzVf2idl8oDJXRv6nQnmIU9d97WMV-Ut0VkQ3-mpFn0b-M6Gu5MH-eZ8PZnet37Rzg5xukTr-PHkZEr8r0_wh0F_LKZ5_4q69eS4qmJe-vmCgTn0zrTL5QaKZThr4vVhb7aElm-XeeSmxfZkavCdN7784qehv98do2G_zb6ax7xQzz3qGNhxFRmV98zP2PYVJytWRR_Pv3ZhE_QLb1DoVijRirFF3yyMC9004qxDZWH8zz7wnz-JLfxuYdzqospF-7uLMUMucpyfWtXlRSftL2RA4SckoqiEOd9-CaIOdmzyb63WiamMvrW7RtcL_fx9lhAuMGQROzd3PSpUPxLJqLv-cMoH9fh_fHAf478DAAD__7s0DAA&amp;data=05%7C02%7Caa6381%40live.mdx.ac.uk%7C5d5361d2c8514aa4487508dee131a022%7C38e37b88a3a148cf9f056537427fed24%7C0%7C0%7C639195800458586055%7CUnknown%7CTWFpbGZsb3d8eyJFbXB0eU1hcGkiOnRydWUsIlYiOiIwLjAuMDAwMCIsIlAiOiJXaW4zMiIsIkFOIjoiTWFpbCIsIldUIjoyfQ%3D%3D%7C0%7C%7C%7C&amp;sdata=csaeXXz6mdAVc7sIhfaKxmBnkFWatXHPb%2BsLs72cSU0%3D&amp;reserved=0|https://email.g.joinhandshake.com/c/eJyE0k-TqjgUBfBPgzstkhtIWLiwO6D4D6Vbu3VjJSRIFIThj6KffurNm_c2U1Nv_Tun6lbdo8bSxrYDAz1GlIHHAAMdZGOSEmG7bpIwIESCsKkCAZIQlCLCXGdgxtjGrk0RYOyAQ0egXAelykVIC2qDYxH7PLqU5paJm2oycdWjpCwG-Thr26qxYGLhwMJBbm7X5r85CwfCwkGSm-RqQXBqLeApIIUYSAWeJjYFSRgCV2imPaYESS3sngoLeEJsBNj1XM1SIm0mlecIx8M0pWmqpPqR0xZwOaw96c8b_J7Xyzs7pm_dWr7PYXM-oCDbmI9SrO7DDW2uUVG3JYQ5qz6rhfwO-OZhzoAXOU5qZOIkfNVzEe5f-6b7luVir7z507kdPy_CJgp9EnnlMwaT4QonR_06spX90V2GTS8_XrOOO80peATZdTdsw-d3keVoE01Z2NR8mFzY9OnCYVZGRUhX0XpByzVf2idl8oDJXRv6nQnmIU9d97WMV-Ut0VkQ3-mpFn0b-M6Gu5MH-eZ8PZnet37Rzg5xukTr-PHkZEr8r0_wh0F_LKZ5_4q69eS4qmJe-vmCgTn0zrTL5QaKZThr4vVhb7aElm-XeeSmxfZkavCdN7784qehv98do2G_zb6ax7xQzz3qGNhxFRmV98zP2PYVJytWRR_Pv3ZhE_QLb1DoVijRirFF3yyMC9004qxDZWH8zz7wnz-JLfxuYdzqospF-7uLMUMucpyfWtXlRSftL2RA4SckoqiEOd9-CaIOdmzyb63WiamMvrW7RtcL_fx9lhAuMGQROzd3PSpUPxLJqLv-cMoH9fh_fHAf478DAAD__7s0DAA|https://email.g.joinhandshake.com/c/eJyE0k-TqjgUBfBPgzstkhtIWLiwO6D4D6Vbu3VjJSRIFIThj6KffurNm_c2U1Nv_Tun6lbdo8bSxrYDAz1GlIHHAAMdZGOSEmG7bpIwIESCsKkCAZIQlCLCXGdgxtjGrk0RYOyAQ0egXAelykVIC2qDYxH7PLqU5paJm2oycdWjpCwG-Thr26qxYGLhwMJBbm7X5r85CwfCwkGSm-RqQXBqLeApIIUYSAWeJjYFSRgCV2imPaYESS3sngoLeEJsBNj1XM1SIm0mlecIx8M0pWmqpPqR0xZwOaw96c8b_J7Xyzs7pm_dWr7PYXM-oCDbmI9SrO7DDW2uUVG3JYQ5qz6rhfwO-OZhzoAXOU5qZOIkfNVzEe5f-6b7luVir7z507kdPy_CJgp9EnnlMwaT4QonR_06spX90V2GTS8_XrOOO80peATZdTdsw-d3keVoE01Z2NR8mFzY9OnCYVZGRUhX0XpByzVf2idl8oDJXRv6nQnmIU9d97WMV-Ut0VkQ3-mpFn0b-M6Gu5MH-eZ8PZnet37Rzg5xukTr-PHkZEr8r0_wh0F_LKZ5_4q69eS4qmJe-vmCgTn0zrTL5QaKZThr4vVhb7aElm-XeeSmxfZkavCdN7784qehv98do2G_zb6ax7xQzz3qGNhxFRmV98zP2PYVJytWRR_Pv3ZhE_QLb1DoVijRirFF3yyMC9004qxDZWH8zz7wnz-JLfxuYdzqospF-7uLMUMucpyfWtXlRSftL2RA4SckoqiEOd9-CaIOdmzyb63WiamMvrW7RtcL_fx9lhAuMGQROzd3PSpUPxLJqLv-cMoH9fh_fHAf478DAAD__7s0DAA.|https://eur02.safelinks.protection.outlook.com/?url=https%3A%2F%2Femail.g.joinhandshake.com%2Fc%2FeJyE08myokgYBeCnwR1GDgzJwoWCKKKC9yoOGyOTTAYBQUbl6Tuqq-tuOjp6_Z0T8S_-w2cMIKDiiZhBnWCDYIT1STJTGSVAA5QRheiUYogAoKqhKnpEjQihSTpDAGlAhxghFav6FHNNhRHXIBRUB1iVFBBPH2X6TOiTNwnNxDQsi0k-S9q2aiQ8l5AtITtPn1nz75yEbCohO8zTMJOwfW8lbEUYckgw49gQCtAxUwjEGhVEGIRTJZKQdi8kbIUKgBhphiZIpDBAGDdUqhpIj_Qo4oz_ygkJW0yuDbbcNMjM621PbtGi2zNzg_34Cu3ET79LuutlX28yr6jbEjs5qY6Vyy625Q9pjImnRtvloWRxF91F7Lh0uCvFIWu9sEDybuE0VebZA5fDL7B7jQXt6K1ZBs-SlWz3CW_H0Q4XQeLjthCrY81L3HfMDXEeM_gwb80lbTfe4AS5r_j0Qr4_Z8Wj20UhB_fXa24jw5XlF-rGw1uVebou1jwyPNdfxdZ2TgrozjeX4pF5pUCfh8fGvEaOjJzieoj5PP4cKr9t36_AuN52ap95D3JuIuV72JaO0ppues7tEqba3I8-tbmCNXOZC7HtvyGB1-1C7M71s-kvl6f5aqzv7Wiu79Vyl7nDwUm9w_EdOJr70Z6Hi27t-97e1mSIgq9jqySH4cQP-oMs3RXuvWp_sJ6xG1TnLc4Se6eno2Ot1s2YmMCM9nnlbDf3XqZRx_c3ts-5KVZf49pfmn7mnG920wVtrK_UQcba5T1gCE7NfXnrDN6O86_har_IpbqbF7bJwUm50oXXh68dUljZbTq4uouRwGrvv8rQV-UoOLlx9QyEcEKYBLb1NpMEzGmtX8W5ZPkmM0_vsxKdsrVzg8ZNn4Pjph6CvbMLt8DuzvH4ounXxjqWlTh2rm1D11ZOsYRUbE0K0VJOWzqT9IWEUCGahsbC4RJCf-8B_f_nIgmZEkKtKKqctj9dhAjUoKr-1qouHyJs_yDBOv4NIS0qmsbPPwJ1FalA-adWizCtUvFsT42oXfH5OYtSDRMoKSBPezEt-HtKw2mX_XLdmtSz__BJP0N_BQAA___JJF9v&amp;data=05%7C02%7Caa6381%40live.mdx.ac.uk%7C5d5361d2c8514aa4487508dee131a022%7C38e37b88a3a148cf9f056537427fed24%7C0%7C0%7C639195800458612049%7CUnknown%7CTWFpbGZsb3d8eyJFbXB0eU1hcGkiOnRydWUsIlYiOiIwLjAuMDAwMCIsIlAiOiJXaW4zMiIsIkFOIjoiTWFpbCIsIldUIjoyfQ%3D%3D%7C0%7C%7C%7C&amp;sdata=xD62%2BX0QfJ%2FD0K%2B92m0e5R7KLsTPYnPsnrVOSupmKlQ%3D&amp;reserved=0|https://email.g.joinhandshake.com/c/eJyE08myokgYBeCnwR1GDgzJwoWCKKKC9yoOGyOTTAYBQUbl6Tuqq-tuOjp6_Z0T8S_-w2cMIKDiiZhBnWCDYIT1STJTGSVAA5QRheiUYogAoKqhKnpEjQihSTpDAGlAhxghFav6FHNNhRHXIBRUB1iVFBBPH2X6TOiTNwnNxDQsi0k-S9q2aiQ8l5AtITtPn1nz75yEbCohO8zTMJOwfW8lbEUYckgw49gQCtAxUwjEGhVEGIRTJZKQdi8kbIUKgBhphiZIpDBAGDdUqhpIj_Qo4oz_ygkJW0yuDbbcNMjM621PbtGi2zNzg_34Cu3ET79LuutlX28yr6jbEjs5qY6Vyy625Q9pjImnRtvloWRxF91F7Lh0uCvFIWu9sEDybuE0VebZA5fDL7B7jQXt6K1ZBs-SlWz3CW_H0Q4XQeLjthCrY81L3HfMDXEeM_gwb80lbTfe4AS5r_j0Qr4_Z8Wj20UhB_fXa24jw5XlF-rGw1uVebou1jwyPNdfxdZ2TgrozjeX4pF5pUCfh8fGvEaOjJzieoj5PP4cKr9t36_AuN52ap95D3JuIuV72JaO0ppues7tEqba3I8-tbmCNXOZC7HtvyGB1-1C7M71s-kvl6f5aqzv7Wiu79Vyl7nDwUm9w_EdOJr70Z6Hi27t-97e1mSIgq9jqySH4cQP-oMs3RXuvWp_sJ6xG1TnLc4Se6eno2Ot1s2YmMCM9nnlbDf3XqZRx_c3ts-5KVZf49pfmn7mnG920wVtrK_UQcba5T1gCE7NfXnrDN6O86_har_IpbqbF7bJwUm50oXXh68dUljZbTq4uouRwGrvv8rQV-UoOLlx9QyEcEKYBLb1NpMEzGmtX8W5ZPkmM0_vsxKdsrVzg8ZNn4Pjph6CvbMLt8DuzvH4ounXxjqWlTh2rm1D11ZOsYRUbE0K0VJOWzqT9IWEUCGahsbC4RJCf-8B_f_nIgmZEkKtKKqctj9dhAjUoKr-1qouHyJs_yDBOv4NIS0qmsbPPwJ1FalA-adWizCtUvFsT42oXfH5OYtSDRMoKSBPezEt-HtKw2mX_XLdmtSz__BJP0N_BQAA___JJF9v|https://email.g.joinhandshake.com/c/eJyE08myokgYBeCnwR1GDgzJwoWCKKKC9yoOGyOTTAYBQUbl6Tuqq-tuOjp6_Z0T8S_-w2cMIKDiiZhBnWCDYIT1STJTGSVAA5QRheiUYogAoKqhKnpEjQihSTpDAGlAhxghFav6FHNNhRHXIBRUB1iVFBBPH2X6TOiTNwnNxDQsi0k-S9q2aiQ8l5AtITtPn1nz75yEbCohO8zTMJOwfW8lbEUYckgw49gQCtAxUwjEGhVEGIRTJZKQdi8kbIUKgBhphiZIpDBAGDdUqhpIj_Qo4oz_ygkJW0yuDbbcNMjM621PbtGi2zNzg_34Cu3ET79LuutlX28yr6jbEjs5qY6Vyy625Q9pjImnRtvloWRxF91F7Lh0uCvFIWu9sEDybuE0VebZA5fDL7B7jQXt6K1ZBs-SlWz3CW_H0Q4XQeLjthCrY81L3HfMDXEeM_gwb80lbTfe4AS5r_j0Qr4_Z8Wj20UhB_fXa24jw5XlF-rGw1uVebou1jwyPNdfxdZ2TgrozjeX4pF5pUCfh8fGvEaOjJzieoj5PP4cKr9t36_AuN52ap95D3JuIuV72JaO0ppues7tEqba3I8-tbmCNXOZC7HtvyGB1-1C7M71s-kvl6f5aqzv7Wiu79Vyl7nDwUm9w_EdOJr70Z6Hi27t-97e1mSIgq9jqySH4cQP-oMs3RXuvWp_sJ6xG1TnLc4Se6eno2Ot1s2YmMCM9nnlbDf3XqZRx_c3ts-5KVZf49pfmn7mnG920wVtrK_UQcba5T1gCE7NfXnrDN6O86_har_IpbqbF7bJwUm50oXXh68dUljZbTq4uouRwGrvv8rQV-UoOLlx9QyEcEKYBLb1NpMEzGmtX8W5ZPkmM0_vsxKdsrVzg8ZNn4Pjph6CvbMLt8DuzvH4ounXxjqWlTh2rm1D11ZOsYRUbE0K0VJOWzqT9IWEUCGahsbC4RJCf-8B_f_nIgmZEkKtKKqctj9dhAjUoKr-1qouHyJs_yDBOv4NIS0qmsbPPwJ1FalA-adWizCtUvFsT42oXfH5OYtSDRMoKSBPezEt-HtKw2mX_XLdmtSz__BJP0N_BQAA___JJF9v.|https://eur02.safelinks.protection.outlook.com/?url=https%3A%2F%2Femail.g.joinhandshake.com%2Fc%2FeJyE0zvTokgYBeBfgxlf0RcaCAxUBG8oKqCSUN10N_LJTUAY_fVbs7MzydbWxs85VW_wHj5lGtR0NBFTYJjIMhFExuQ-pQARjDFm3NQNBhnUdcI1LZWUWNIixiSfQg0SzQAIQh3pxhfiRAeSEwAENTSkK1jLvr7rvLrTind3-hBfaV1Oium975tOQTMFOgp0irx6dP_OKdChCnTSIk8fCnKSXkG2RIADEzGOLIE1AzFsAkSoMIVlcoqlAklSKshOsQYQJBYRpsRMMxm3dKpb0JCGlJzxnzmhIJuprcWWmw4uinY3mLGcv_ZssUF-dgPO3c_PNfUG1Te6x6Fs-xqtC7MJmi27OrY_5hkyD7rcLY81y14yEdl6S8cEl8dHf0hLqHrzddc8Ds7I1fSkec9PSV807pZRVbOaee80Dj5OOo_uPupL4QYtr9HwYtsUFRkD34u4u-b95jCuo8LHPr2a5_cFH-huXqpR8nzOHGhtVfUJX5_jD13l-apccWkdfOIv8Iss7llirdg1KZ7AhWI0PBt_0GpciQt29hvg1eu0OffPz0PKqnLvY1h5-_h4FTP-Y-_O5HhdAvsifb1aBSJ1atSuzofN-0zqffKMmusi08lQyEjb3Vm5rItHH23yQfcYSQe12y7oPneZkGFXBCvTOdmH4mTfCFzYAFf3twG0GDDByG03lsl3KJffRlUHyXro95oZXB7Lo9fEsYfnx_2piJJxHVwubBXScQwwENdIN7ZWd-4NEDMz9nVNza7rsN3DIby9TvGsOoa9FbSf4DJ25a5tTpsbj1O3rWS28GtrlmyrByyy5riN9iZR-VCGtZGH0sUxIGofRil1t4HfwNu461danNrO1XJ3eDP3qhuzSeFKLz8NPh4qEF1v_it6o3XsnpM3W7rnC_zMKhkc8SGEeV-8P8VNgTqyJ6XoKac9nSrGXIGwFF1HM7HmCoR_7wH-_-dCBS4UCHtRNgXt_3QhNAEBuv5Lm7b-Fmn_G01koF-Q0rKheVb9FmDoUNfwP7VWpHmTi6oPO9FuxfvPWZQSZAIFa0U-iK-S__ii6dfr8dMNe9JO_8MnwxT-FQAA__8IFl6X&amp;data=05%7C02%7Caa6381%40live.mdx.ac.uk%7C5d5361d2c8514aa4487508dee131a022%7C38e37b88a3a148cf9f056537427fed24%7C0%7C0%7C639195800458635562%7CUnknown%7CTWFpbGZsb3d8eyJFbXB0eU1hcGkiOnRydWUsIlYiOiIwLjAuMDAwMCIsIlAiOiJXaW4zMiIsIkFOIjoiTWFpbCIsIldUIjoyfQ%3D%3D%7C0%7C%7C%7C&amp;sdata=Q8wus4ghHna%2F%2B4k0o05QgObcTuHPmC6JmS6CvC0l%2BRs%3D&amp;reserved=0|https://email.g.joinhandshake.com/c/eJyE0zvTokgYBeBfgxlf0RcaCAxUBG8oKqCSUN10N_LJTUAY_fVbs7MzydbWxs85VW_wHj5lGtR0NBFTYJjIMhFExuQ-pQARjDFm3NQNBhnUdcI1LZWUWNIixiSfQg0SzQAIQh3pxhfiRAeSEwAENTSkK1jLvr7rvLrTind3-hBfaV1Oium975tOQTMFOgp0irx6dP_OKdChCnTSIk8fCnKSXkG2RIADEzGOLIE1AzFsAkSoMIVlcoqlAklSKshOsQYQJBYRpsRMMxm3dKpb0JCGlJzxnzmhIJuprcWWmw4uinY3mLGcv_ZssUF-dgPO3c_PNfUG1Te6x6Fs-xqtC7MJmi27OrY_5hkyD7rcLY81y14yEdl6S8cEl8dHf0hLqHrzddc8Ds7I1fSkec9PSV807pZRVbOaee80Dj5OOo_uPupL4QYtr9HwYtsUFRkD34u4u-b95jCuo8LHPr2a5_cFH-huXqpR8nzOHGhtVfUJX5_jD13l-apccWkdfOIv8Iss7llirdg1KZ7AhWI0PBt_0GpciQt29hvg1eu0OffPz0PKqnLvY1h5-_h4FTP-Y-_O5HhdAvsifb1aBSJ1atSuzofN-0zqffKMmusi08lQyEjb3Vm5rItHH23yQfcYSQe12y7oPneZkGFXBCvTOdmH4mTfCFzYAFf3twG0GDDByG03lsl3KJffRlUHyXro95oZXB7Lo9fEsYfnx_2piJJxHVwubBXScQwwENdIN7ZWd-4NEDMz9nVNza7rsN3DIby9TvGsOoa9FbSf4DJ25a5tTpsbj1O3rWS28GtrlmyrByyy5riN9iZR-VCGtZGH0sUxIGofRil1t4HfwNu461danNrO1XJ3eDP3qhuzSeFKLz8NPh4qEF1v_it6o3XsnpM3W7rnC_zMKhkc8SGEeV-8P8VNgTqyJ6XoKac9nSrGXIGwFF1HM7HmCoR_7wH-_-dCBS4UCHtRNgXt_3QhNAEBuv5Lm7b-Fmn_G01koF-Q0rKheVb9FmDoUNfwP7VWpHmTi6oPO9FuxfvPWZQSZAIFa0U-iK-S__ii6dfr8dMNe9JO_8MnwxT-FQAA__8IFl6X|https://email.g.joinhandshake.com/c/eJyE0zvTokgYBeBfgxlf0RcaCAxUBG8oKqCSUN10N_LJTUAY_fVbs7MzydbWxs85VW_wHj5lGtR0NBFTYJjIMhFExuQ-pQARjDFm3NQNBhnUdcI1LZWUWNIixiSfQg0SzQAIQh3pxhfiRAeSEwAENTSkK1jLvr7rvLrTind3-hBfaV1Oium975tOQTMFOgp0irx6dP_OKdChCnTSIk8fCnKSXkG2RIADEzGOLIE1AzFsAkSoMIVlcoqlAklSKshOsQYQJBYRpsRMMxm3dKpb0JCGlJzxnzmhIJuprcWWmw4uinY3mLGcv_ZssUF-dgPO3c_PNfUG1Te6x6Fs-xqtC7MJmi27OrY_5hkyD7rcLY81y14yEdl6S8cEl8dHf0hLqHrzddc8Ds7I1fSkec9PSV807pZRVbOaee80Dj5OOo_uPupL4QYtr9HwYtsUFRkD34u4u-b95jCuo8LHPr2a5_cFH-huXqpR8nzOHGhtVfUJX5_jD13l-apccWkdfOIv8Iss7llirdg1KZ7AhWI0PBt_0GpciQt29hvg1eu0OffPz0PKqnLvY1h5-_h4FTP-Y-_O5HhdAvsifb1aBSJ1atSuzofN-0zqffKMmusi08lQyEjb3Vm5rItHH23yQfcYSQe12y7oPneZkGFXBCvTOdmH4mTfCFzYAFf3twG0GDDByG03lsl3KJffRlUHyXro95oZXB7Lo9fEsYfnx_2piJJxHVwubBXScQwwENdIN7ZWd-4NEDMz9nVNza7rsN3DIby9TvGsOoa9FbSf4DJ25a5tTpsbj1O3rWS28GtrlmyrByyy5riN9iZR-VCGtZGH0sUxIGofRil1t4HfwNu461danNrO1XJ3eDP3qhuzSeFKLz8NPh4qEF1v_it6o3XsnpM3W7rnC_zMKhkc8SGEeV-8P8VNgTqyJ6XoKac9nSrGXIGwFF1HM7HmCoR_7wH-_-dCBS4UCHtRNgXt_3QhNAEBuv5Lm7b-Fmn_G01koF-Q0rKheVb9FmDoUNfwP7VWpHmTi6oPO9FuxfvPWZQSZAIFa0U-iK-S__ii6dfr8dMNe9JO_8MnwxT-FQAA__8IFl6X.|https://eur02.safelinks.protection.outlook.com/?url=https%3A%2F%2Femail.g.joinhandshake.com%2Fc%2FeJyE07vSqkgUBeCnwUyLvgBNYIAgKoqiKF4Sq6Gbi9iAgCA-_dSZM-dPpqYm_taq2sFebBrKUFbQiE-BRpBOEETaKJ0qEQkZpBRHkEGgEkyQooeAQxZRQHUyyqZQhqqsAQShghRtgpiqgJipAHCqyUiRsJxMHmVWpLRgTUpzPolKMXpO07atGgkZErQlaD-zIm_-nZOgTSVoR88syiVk31sJWTECDBAUMqRzLGsoxAQglXLCdcIojiWo3oWErAjLAEFVVzmJcSiTkOkKVXSoxVocs5D9ynEJWeG41sO500DzWW86cotn721oOshLrsBOvcwvqduNPa3JXefu3Ns5AKr5ndWVj-TULQO5DbZFsWjuiTjbr0_u58KidMm3pbez8fgMZ13CHkr1sTaDIsxuc96v3c_5nDnQB_W7YEi4zTM9CV55zLcPTubyZOeh5VUEuCt3hrEAIDhtnrgDFapIja4z66BpeyfxV8Zxdgw3Kfxe3Mt3pR2aqLcXK7UZfI5Pt6hcb9Xylsj70ybS_OJojstDPccw21W6yauLQDLa3SunBYoub4TZMiOeHdbD3l2VKzPI4nf_SsM7DLdWeSTn7dhAwdFgAZFxuncvEeDBuH4sdCA-T0cum8RKjcaDsYjffKt4-Po4Ehfncyfsd1WYdsbMujN7dVh-ZPeaLrwhc3bWbaeds-13t5h7p8OF-WR-vdjfRrif09J5mzrujV7sr9oKBftjVLxROhwgSIO22e93FwAep7DKh88r3Xu27trI6tOhZy_cy8aB1Zdr7eWpnzXm2_aPcGzCo1-tCzcTj8Fp8WaNG2DPbsv4a1q5oc5v6wStPoo6C7OoGGvDEw3YaFZ92Hy9oH52R6-N89ehS3ojIAmsLCpeauh6DQxe7YHMvpGxejvfGl-capH347n_zSzhfpax4UpQQdZI8JYy2tKppM0kCAVvGprwFZMg_HsP8P8_F0rQlCBsuaietP3pQkiAChTlt1Z1-eBR-wcJ0tBviKioaJYUfwRoClRk_E-t5lFWZbxoTw2v13z4OYtSFREgYfmZdXwi2GdCo8k7_-WaNaqn_-Gjbgr_CgAA__8SwV1T&amp;data=05%7C02%7Caa6381%40live.mdx.ac.uk%7C5d5361d2c8514aa4487508dee131a022%7C38e37b88a3a148cf9f056537427fed24%7C0%7C0%7C639195800458656335%7CUnknown%7CTWFpbGZsb3d8eyJFbXB0eU1hcGkiOnRydWUsIlYiOiIwLjAuMDAwMCIsIlAiOiJXaW4zMiIsIkFOIjoiTWFpbCIsIldUIjoyfQ%3D%3D%7C0%7C%7C%7C&amp;sdata=ZUqD03DZlfxDI5dHaPFAn%2BEZVTNsgNr%2BDalfH17SaKQ%3D&amp;reserved=0,none,none,none,0,1,0.4812,1,0.2406
F.Guzder@mdx.ac.ae,"Meet the CEO of Media 247 & Earn a Certificate

Summarise this email","
	
Some people who received this message don't often get email from f.guzder@mdx.ac.ae. Learn why this is important
	
Dear Student,


🎓 Earn a Certificate & Learn from the CEO of Media 247!
👉 Register now: https://shorturl.at/2NQeH


Ready to turn your ambition into real career success?


Join us for an inspiring in-person Industry Speaker Session with Smitta Ozha, CEO of Media 247, as she shares valuable insights on ""From Ambition to Achievement: What Young Professionals Usually Miss."" Discover the key habits, mindset, and strategies that can help you navigate your early career with confidence and stand out in today's competitive workplace.


📅 Date: Thursday, 16 July 2026
🕚 Time: 11:00 AM – 12:00 PM
📍 Venue: Classroom 15-209


🎁 Special Incentive: Students who attend will receive a Cert",https://aka.ms/LearnAboutSenderIdentification|https://eur02.safelinks.protection.outlook.com/?url=https%3A%2F%2Fshorturl.at%2F2NQeH&amp;data=05%7C02%7CAA6381%40live.mdx.ac.uk%7Caee4f941125448747c1c08dedfdb4593%7C38e37b88a3a148cf9f056537427fed24%7C0%7C0%7C639194330070758324%7CUnknown%7CTWFpbGZsb3d8eyJFbXB0eU1hcGkiOnRydWUsIlYiOiIwLjAuMDAwMCIsIlAiOiJXaW4zMiIsIkFOIjoiTWFpbCIsIldUIjoyfQ%3D%3D%7C0%7C%7C%7C&amp;sdata=NsB2pl%2BTw%2B1xddeOOSyEtrRB9APcPtkVS96nFL4WNhg%3D&amp;reserved=0|https://shorturl.at/2NQeH|https://shorturl.at/2NQeH.|https://outlook.cloud.microsoft/0645f8e7-471d-49d3-830b-489b2f91fa4c,none,none,none,0,1,0.6542,1,0.3271
studentactivities@mdx.ac.ae,"Summer activities at MDX ☀️

Summarise this email","
Hi Amritha,


The summer months are here, but there's still opportunities to stay connected, try something new, and make the most of your time at MDX Dubai this summer!

Our latest programme of activities is now live, designed to help you build new skills, meet fellow students and stay active online over the hotter months.

Take a look at the updated schedule below and join as many activities as you'd like.
Schedule Here
We look forward to seeing you there!


Student Activities
studentactivities@mdx.ac.ae
@WeAreMDX
Stay Connected


					

Team MDX

Middlesex University Dubai, Dubai,

Unsubscribe",https://eur02.safelinks.protection.outlook.com/?url=https%3A%2F%2Furl8303.mdx.ac.ae%2Fls%2Fclick%3Fupn%3Du001.qKO7kt4vmTGNswDJmump2VGdRFCCL2EoJ9ryhsIBHAqLFqoz386HmsxGxwemvvSafm1zvZrn9j5I8ZRU-2Bf7ZwxPqS1XyvqgToRrvZKE1S-2F6hDUrdMbn2qmm1n6wrFu2V54dKbP38hLcxjvZsUENB4xtldFU3IZVMBADD9wqQmSJ6HR9tJPoNAJACQeORX-2Fml__TB_-2FnxC0uuWwXVLvv-2FPcJIdQC9bKMk-2F8uXLPNfQ2WOqhE62uDMIO2D3ccNnJNXwTffdNjdEyvnDq7VLTV7VRHmI2bAs8TKD0ZSsp2fCl4TsG1L3T5J2O-2BdkCYZgDkRRMHCCLh-2FzboLHZZpoJIQ6jsR3j3HsoYX79K3KcWQ-2F0m5WbbCatXZBko690LD0drucXJv5XnoJd0KJoNUWM0RBWfZb8nEG9f2POzIjBqi8tDBoDmfikIyLX1nsWbrEFEoC-2BQ-2FixMIbpIekNBp075lP1VuIjn0iSn9uEkqaghqSQFrqTnmEJ49e-2BEMxxF1DVjSbZs3TTH56pssORSzJGHZgpDtbBdGuN136KOqVkXyUv-2FNAs1KQTIVUV0hu5JgyNRL96P6m4BK1karteISAycGMOe4xD8lFFZOND6jqndNwrrUmT209sB0sdlK2kN6o3yHOnHoQHaXadGWUjyl2AKaTT6WU-2Bwbinvu9jFq0XlU2tKr1cR5mqXHWTHL5bcX8gFnn4zRVoTSZIG05UbCLhKu60u6SJBVkMaI-2FPj8Ng7Dv2mDsww1ZjxlpnDeyGTH4Z-2FeoYof3sZ8y211dry-2Fd4-2F-2FsoPxygbPCFJ7IIVri5WViRW9KcQk6RmZFVGXu72nrbqfgLvb-2FBkyUP2MD3d7eh00UFsipkvXO20aXZlnsBSrSTQMkFlp2-2B8u8bkXzJELBtSYh128fBmx-2FPRZWsBiebDjM5LmQuFCARA4yaluUp5Jpghp6kX28ia8o2mPD4HdGce80w0q0gREvTC-2FEZgWRFFwLPxbigT2Tg2MuTCKZoXmjqTu2NQTls4NvFXnOs-2B5VwAxsLfuEBkVuYq44CUKFphHJ7NhCyKPkxNGnsnwNMlf5LpUzhccNPk7f4dwMR2ECUEf3mOb6yGplYhuKTRS1lnA0ZVg1XZeSLpHEe3-2FFakbgMrjorDKq5HqzbXbAo-2Bb4HYEhfRdIY02282tq099-2FbBt5YMPKdTUxqpUUEjmbZjtPdRECC9METwDBPkcvzRTAEso2HTC2&amp;data=05%7C02%7Caa6381%40live.mdx.ac.uk%7Cf6f91d9ea8034d0c67a508dede796803%7C38e37b88a3a148cf9f056537427fed24%7C0%7C0%7C639192810180891531%7CUnknown%7CTWFpbGZsb3d8eyJFbXB0eU1hcGkiOnRydWUsIlYiOiIwLjAuMDAwMCIsIlAiOiJXaW4zMiIsIkFOIjoiTWFpbCIsIldUIjoyfQ%3D%3D%7C0%7C%7C%7C&amp;sdata=fu5d7rlqSv1pO3%2FYxqntO%2FOSh3KnXyjPNQ517WoBMa8%3D&amp;reserved=0|https://url8303.mdx.ac.ae/ls/click?upn=u001.qKO7kt4vmTGNswDJmump2VGdRFCCL2EoJ9ryhsIBHAqLFqoz386HmsxGxwemvvSafm1zvZrn9j5I8ZRU-2Bf7ZwxPqS1XyvqgToRrvZKE1S-2F6hDUrdMbn2qmm1n6wrFu2V54dKbP38hLcxjvZsUENB4xtldFU3IZVMBADD9wqQmSJ6HR9tJPoNAJACQeORX-2Fml__TB_-2FnxC0uuWwXVLvv-2FPcJIdQC9bKMk-2F8uXLPNfQ2WOqhE62uDMIO2D3ccNnJNXwTffdNjdEyvnDq7VLTV7VRHmI2bAs8TKD0ZSsp2fCl4TsG1L3T5J2O-2BdkCYZgDkRRMHCCLh-2FzboLHZZpoJIQ6jsR3j3HsoYX79K3KcWQ-2F0m5WbbCatXZBko690LD0drucXJv5XnoJd0KJoNUWM0RBWfZb8nEG9f2POzIjBqi8tDBoDmfikIyLX1nsWbrEFEoC-2BQ-2FixMIbpIekNBp075lP1VuIjn0iSn9uEkqaghqSQFrqTnmEJ49e-2BEMxxF1DVjSbZs3TTH56pssORSzJGHZgpDtbBdGuN136KOqVkXyUv-2FNAs1KQTIVUV0hu5JgyNRL96P6m4BK1karteISAycGMOe4xD8lFFZOND6jqndNwrrUmT209sB0sdlK2kN6o3yHOnHoQHaXadGWUjyl2AKaTT6WU-2Bwbinvu9jFq0XlU2tKr1cR5mqXHWTHL5bcX8gFnn4zRVoTSZIG05UbCLhKu60u6SJBVkMaI-2FPj8Ng7Dv2mDsww1ZjxlpnDeyGTH4Z-2FeoYof3sZ8y211dry-2Fd4-2F-2FsoPxygbPCFJ7IIVri5WViRW9KcQk6RmZFVGXu72nrbqfgLvb-2FBkyUP2MD3d7eh00UFsipkvXO20aXZlnsBSrSTQMkFlp2-2B8u8bkXzJELBtSYh128fBmx-2FPRZWsBiebDjM5LmQuFCARA4yaluUp5Jpghp6kX28ia8o2mPD4HdGce80w0q0gREvTC-2FEZgWRFFwLPxbigT2Tg2MuTCKZoXmjqTu2NQTls4NvFXnOs-2B5VwAxsLfuEBkVuYq44CUKFphHJ7NhCyKPkxNGnsnwNMlf5LpUzhccNPk7f4dwMR2ECUEf3mOb6yGplYhuKTRS1lnA0ZVg1XZeSLpHEe3-2FFakbgMrjorDKq5HqzbXbAo-2Bb4HYEhfRdIY02282tq099-2FbBt5YMPKdTUxqpUUEjmbZjtPdRECC9METwDBPkcvzRTAEso2HTC2|https://url8303.mdx.ac.ae/ls/click?upn=u001.qKO7kt4vmTGNswDJmump2VGdRFCCL2EoJ9ryhsIBHAqLFqoz386HmsxGxwemvvSafm1zvZrn9j5I8ZRU-2Bf7ZwxPqS1XyvqgToRrvZKE1S-2F6hDUrdMbn2qmm1n6wrFu2V54dKbP38hLcxjvZsUENB4xtldFU3IZVMBADD9wqQmSJ6HR9tJPoNAJACQeORX-2Fml__TB_-2FnxC0uuWwXVLvv-2FPcJIdQC9bKMk-2F8uXLPNfQ2WOqhE62uDMIO2D3ccNnJNXwTffdNjdEyvnDq7VLTV7VRHmI2bAs8TKD0ZSsp2fCl4TsG1L3T5J2O-2BdkCYZgDkRRMHCCLh-2FzboLHZZpoJIQ6jsR3j3HsoYX79K3KcWQ-2F0m5WbbCatXZBko690LD0drucXJv5XnoJd0KJoNUWM0RBWfZb8nEG9f2POzIjBqi8tDBoDmfikIyLX1nsWbrEFEoC-2BQ-2FixMIbpIekNBp075lP1VuIjn0iSn9uEkqaghqSQFrqTnmEJ49e-2BEMxxF1DVjSbZs3TTH56pssORSzJGHZgpDtbBdGuN136KOqVkXyUv-2FNAs1KQTIVUV0hu5JgyNRL96P6m4BK1karteISAycGMOe4xD8lFFZOND6jqndNwrrUmT209sB0sdlK2kN6o3yHOnHoQHaXadGWUjyl2AKaTT6WU-2Bwbinvu9jFq0XlU2tKr1cR5mqXHWTHL5bcX8gFnn4zRVoTSZIG05UbCLhKu60u6SJBVkMaI-2FPj8Ng7Dv2mDsww1ZjxlpnDeyGTH4Z-2FeoYof3sZ8y211dry-2Fd4-2F-2FsoPxygbPCFJ7IIVri5WViRW9KcQk6RmZFVGXu72nrbqfgLvb-2FBkyUP2MD3d7eh00UFsipkvXO20aXZlnsBSrSTQMkFlp2-2B8u8bkXzJELBtSYh128fBmx-2FPRZWsBiebDjM5LmQuFCARA4yaluUp5Jpghp6kX28ia8o2mPD4HdGce80w0q0gREvTC-2FEZgWRFFwLPxbigT2Tg2MuTCKZoXmjqTu2NQTls4NvFXnOs-2B5VwAxsLfuEBkVuYq44CUKFphHJ7NhCyKPkxNGnsnwNMlf5LpUzhccNPk7f4dwMR2ECUEf3mOb6yGplYhuKTRS1lnA0ZVg1XZeSLpHEe3-2FFakbgMrjorDKq5HqzbXbAo-2Bb4HYEhfRdIY02282tq099-2FbBt5YMPKdTUxqpUUEjmbZjtPdRECC9METwDBPkcvzRTAEso2HTC2.|https://eur02.safelinks.protection.outlook.com/?url=https%3A%2F%2Furl8303.mdx.ac.ae%2Fls%2Fclick%3Fupn%3Du001.qKO7kt4vmTGNswDJmump2VGdRFCCL2EoJ9ryhsIBHAqLFqoz386HmsxGxwemvvSafm1zvZrn9j5I8ZRU-2Bf7ZwxPqS1XyvqgToRrvZKE1S-2F6hDUrdMbn2qmm1n6wrFu2V54dKbP38hLcxjvZsUENB4xtldFU3IZVMBADD9wqQmSJ6HR9tJPoNAJACQeORX-2Fmls3OA_-2FnxC0uuWwXVLvv-2FPcJIdQC9bKMk-2F8uXLPNfQ2WOqhE62uDMIO2D3ccNnJNXwTffdNjdEyvnDq7VLTV7VRHmI2bAs8TKD0ZSsp2fCl4TsG1L3T5J2O-2BdkCYZgDkRRMHCCLh-2FzboLHZZpoJIQ6jsR3j3HsoYX79K3KcWQ-2F0m5WbbCatXZBko690LD0drucXJv5XnoJd0KJoNUWM0RBWfZb8nEG9f2POzIjBqi8tDBoDmfikIyLX1nsWbrEFEoC-2BQ-2FixMIbpIekNBp075lP1VuIjn0iSn9uEkqaghqSQFrqTnmEJ49e-2BEMxxF1DVjSbZs3TTH56pssORSzJGHZgpDtbBdGuN136KOqVkXyUv-2FNAs1KQTIVUV0hu5JgyNRL96P6m4BK1karteISAycGMOe4xD8lFFZOND6jqndNwrrUmT209sB0sdlK2kN6o3yHOnHoQHaXadGWUjyl2AKaTT6WU-2Bwbinvu9jFq0XlU2tKr1cR5mqXHWTHL5bcX8gFnn4zRVoTSZIG05UbCLhKu60u6SJBVkMaI-2FPj8Ng7Dv2mDsww1ZjxlpnDeyGTH4Z-2FeoYof3sZ8y211dry-2Fd4-2F-2FsoPxygbPCFJ7IIVri5WViRW9KcQk6RmZFVGXu72nrbqfgLvb-2FBkyUP2MD3d7eh00UFsipkvXO20aXZlnsBSrSTQMkFlp2-2B8u8bkXzJELBtSYh128fBmx-2FPRZWsBiebDjM5LmQuFCARA4yaluUp5Jpghp6kX28ia8o2mPD4HdGce80w0q0gREvTC-2FEZgWRFFwLPxbigT2Tg2MuTCKZoXmjqTu2NQTls4NvFXnOs-2B5VwAxsLfuEBkVuYq44CUKFphHJ7NhCyKPkxNGnsnwNMlf5LpUzhcdUQ4ADo8-2B-2FZ7xft1L8aozuJtFvsnciuhD1oqpR9fn9tIfDAAjcMb5yQQY0QbqlvW5bx6YjzDNTF4NllUzr9li4b-2F1bOhLN4cuYACc3DA-2BsNVQNHbNAxyRFvmm-2FXpRFBUs7poVqyIPzJVwlcPDIqPaI&amp;data=05%7C02%7Caa6381%40live.mdx.ac.uk%7Cf6f91d9ea8034d0c67a508dede796803%7C38e37b88a3a148cf9f056537427fed24%7C0%7C0%7C639192810180947951%7CUnknown%7CTWFpbGZsb3d8eyJFbXB0eU1hcGkiOnRydWUsIlYiOiIwLjAuMDAwMCIsIlAiOiJXaW4zMiIsIkFOIjoiTWFpbCIsIldUIjoyfQ%3D%3D%7C0%7C%7C%7C&amp;sdata=pBgpIVgpZ3SJbWPZtMAmGlnmxz4aFzlfKFx0MhFkzzg%3D&amp;reserved=0|https://url8303.mdx.ac.ae/ls/click?upn=u001.qKO7kt4vmTGNswDJmump2VGdRFCCL2EoJ9ryhsIBHAqLFqoz386HmsxGxwemvvSafm1zvZrn9j5I8ZRU-2Bf7ZwxPqS1XyvqgToRrvZKE1S-2F6hDUrdMbn2qmm1n6wrFu2V54dKbP38hLcxjvZsUENB4xtldFU3IZVMBADD9wqQmSJ6HR9tJPoNAJACQeORX-2Fmls3OA_-2FnxC0uuWwXVLvv-2FPcJIdQC9bKMk-2F8uXLPNfQ2WOqhE62uDMIO2D3ccNnJNXwTffdNjdEyvnDq7VLTV7VRHmI2bAs8TKD0ZSsp2fCl4TsG1L3T5J2O-2BdkCYZgDkRRMHCCLh-2FzboLHZZpoJIQ6jsR3j3HsoYX79K3KcWQ-2F0m5WbbCatXZBko690LD0drucXJv5XnoJd0KJoNUWM0RBWfZb8nEG9f2POzIjBqi8tDBoDmfikIyLX1nsWbrEFEoC-2BQ-2FixMIbpIekNBp075lP1VuIjn0iSn9uEkqaghqSQFrqTnmEJ49e-2BEMxxF1DVjSbZs3TTH56pssORSzJGHZgpDtbBdGuN136KOqVkXyUv-2FNAs1KQTIVUV0hu5JgyNRL96P6m4BK1karteISAycGMOe4xD8lFFZOND6jqndNwrrUmT209sB0sdlK2kN6o3yHOnHoQHaXadGWUjyl2AKaTT6WU-2Bwbinvu9jFq0XlU2tKr1cR5mqXHWTHL5bcX8gFnn4zRVoTSZIG05UbCLhKu60u6SJBVkMaI-2FPj8Ng7Dv2mDsww1ZjxlpnDeyGTH4Z-2FeoYof3sZ8y211dry-2Fd4-2F-2FsoPxygbPCFJ7IIVri5WViRW9KcQk6RmZFVGXu72nrbqfgLvb-2FBkyUP2MD3d7eh00UFsipkvXO20aXZlnsBSrSTQMkFlp2-2B8u8bkXzJELBtSYh128fBmx-2FPRZWsBiebDjM5LmQuFCARA4yaluUp5Jpghp6kX28ia8o2mPD4HdGce80w0q0gREvTC-2FEZgWRFFwLPxbigT2Tg2MuTCKZoXmjqTu2NQTls4NvFXnOs-2B5VwAxsLfuEBkVuYq44CUKFphHJ7NhCyKPkxNGnsnwNMlf5LpUzhcdUQ4ADo8-2B-2FZ7xft1L8aozuJtFvsnciuhD1oqpR9fn9tIfDAAjcMb5yQQY0QbqlvW5bx6YjzDNTF4NllUzr9li4b-2F1bOhLN4cuYACc3DA-2BsNVQNHbNAxyRFvmm-2FXpRFBUs7poVqyIPzJVwlcPDIqPaI|https://url8303.mdx.ac.ae/ls/click?upn=u001.qKO7kt4vmTGNswDJmump2VGdRFCCL2EoJ9ryhsIBHAqLFqoz386HmsxGxwemvvSafm1zvZrn9j5I8ZRU-2Bf7ZwxPqS1XyvqgToRrvZKE1S-2F6hDUrdMbn2qmm1n6wrFu2V54dKbP38hLcxjvZsUENB4xtldFU3IZVMBADD9wqQmSJ6HR9tJPoNAJACQeORX-2Fmls3OA_-2FnxC0uuWwXVLvv-2FPcJIdQC9bKMk-2F8uXLPNfQ2WOqhE62uDMIO2D3ccNnJNXwTffdNjdEyvnDq7VLTV7VRHmI2bAs8TKD0ZSsp2fCl4TsG1L3T5J2O-2BdkCYZgDkRRMHCCLh-2FzboLHZZpoJIQ6jsR3j3HsoYX79K3KcWQ-2F0m5WbbCatXZBko690LD0drucXJv5XnoJd0KJoNUWM0RBWfZb8nEG9f2POzIjBqi8tDBoDmfikIyLX1nsWbrEFEoC-2BQ-2FixMIbpIekNBp075lP1VuIjn0iSn9uEkqaghqSQFrqTnmEJ49e-2BEMxxF1DVjSbZs3TTH56pssORSzJGHZgpDtbBdGuN136KOqVkXyUv-2FNAs1KQTIVUV0hu5JgyNRL96P6m4BK1karteISAycGMOe4xD8lFFZOND6jqndNwrrUmT209sB0sdlK2kN6o3yHOnHoQHaXadGWUjyl2AKaTT6WU-2Bwbinvu9jFq0XlU2tKr1cR5mqXHWTHL5bcX8gFnn4zRVoTSZIG05UbCLhKu60u6SJBVkMaI-2FPj8Ng7Dv2mDsww1ZjxlpnDeyGTH4Z-2FeoYof3sZ8y211dry-2Fd4-2F-2FsoPxygbPCFJ7IIVri5WViRW9KcQk6RmZFVGXu72nrbqfgLvb-2FBkyUP2MD3d7eh00UFsipkvXO20aXZlnsBSrSTQMkFlp2-2B8u8bkXzJELBtSYh128fBmx-2FPRZWsBiebDjM5LmQuFCARA4yaluUp5Jpghp6kX28ia8o2mPD4HdGce80w0q0gREvTC-2FEZgWRFFwLPxbigT2Tg2MuTCKZoXmjqTu2NQTls4NvFXnOs-2B5VwAxsLfuEBkVuYq44CUKFphHJ7NhCyKPkxNGnsnwNMlf5LpUzhcdUQ4ADo8-2B-2FZ7xft1L8aozuJtFvsnciuhD1oqpR9fn9tIfDAAjcMb5yQQY0QbqlvW5bx6YjzDNTF4NllUzr9li4b-2F1bOhLN4cuYACc3DA-2BsNVQNHbNAxyRFvmm-2FXpRFBUs7poVqyIPzJVwlcPDIqPaI.|https://eur02.safelinks.protection.outlook.com/?url=https%3A%2F%2Furl8303.mdx.ac.ae%2Fls%2Fclick%3Fupn%3Du001.qKO7kt4vmTGNswDJmump2VGdRFCCL2EoJ9ryhsIBHAqLFqoz386HmsxGxwemvvSafm1zvZrn9j5I8ZRU-2Bf7ZwxPqS1XyvqgToRrvZKE1S-2F6hDUrdMbn2qmm1n6wrFu2V54dKbP38hLcxjvZsUENB4xtldFU3IZVMBADD9wqQmSJ6HR9tJPoNAJACQeORX-2FmlyDfJ_-2FnxC0uuWwXVLvv-2FPcJIdQC9bKMk-2F8uXLPNfQ2WOqhE62uDMIO2D3ccNnJNXwTffdNjdEyvnDq7VLTV7VRHmI2bAs8TKD0ZSsp2fCl4TsG1L3T5J2O-2BdkCYZgDkRRMHCCLh-2FzboLHZZpoJIQ6jsR3j3HsoYX79K3KcWQ-2F0m5WbbCatXZBko690LD0drucXJv5XnoJd0KJoNUWM0RBWfZb8nEG9f2POzIjBqi8tDBoDmfikIyLX1nsWbrEFEoC-2BQ-2FixMIbpIekNBp075lP1VuIjn0iSn9uEkqaghqSQFrqTnmEJ49e-2BEMxxF1DVjSbZs3TTH56pssORSzJGHZgpDtbBdGuN136KOqVkXyUv-2FNAs1KQTIVUV0hu5JgyNRL96P6m4BK1karteISAycGMOe4xD8lFFZOND6jqndNwrrUmT209sB0sdlK2kN6o3yHOnHoQHaXadGWUjyl2AKaTT6WU-2Bwbinvu9jFq0XlU2tKr1cR5mqXHWTHL5bcX8gFnn4zRVoTSZIG05UbCLhKu60u6SJBVkMaI-2FPj8Ng7Dv2mDsww1ZjxlpnDeyGTH4Z-2FeoYof3sZ8y211dry-2Fd4-2F-2FsoPxygbPCFJ7IIVri5WViRW9KcQk6RmZFVGXu72nrbqfgLvb-2FBkyUP2MD3d7eh00UFsipkvXO20aXZlnsBSrSTQMkFlp2-2B8u8bkXzJELBtSYh128fBmx-2FPRZWsBiebDjM5LmQuFCARA4yaluUp5Jpghp6kX28ia8o2mPD4HdGce80w0q0gREvTC-2FEZgWRFFwLPxbigT2Tg2MuTCKZoXmjqTu2NQTls4NvFXnOs-2B5VwAxsLfuEBkVuYq44CUKFphHJ7NhCyKPkxNGnsnwNMlf5LpUzhccVHQXm9tVGuwAE4DZjPHWmvHiOKCd7kFKaKhrehfsGlQ02et6eqcvH76HcV4VxFX0O80BTCnUOKsH3s8uZqkLqBtcG-2FfUix2-2FUirywM-2Ft31mVubNFJPeBVYQa4mXBVYdHCBYTkWJVgHqLND-2BtY5ecz&amp;data=05%7C02%7Caa6381%40live.mdx.ac.uk%7Cf6f91d9ea8034d0c67a508dede796803%7C38e37b88a3a148cf9f056537427fed24%7C0%7C0%7C639192810180974145%7CUnknown%7CTWFpbGZsb3d8eyJFbXB0eU1hcGkiOnRydWUsIlYiOiIwLjAuMDAwMCIsIlAiOiJXaW4zMiIsIkFOIjoiTWFpbCIsIldUIjoyfQ%3D%3D%7C0%7C%7C%7C&amp;sdata=SD%2FSiieMjb27PHG0dDHH8gkSwCXTZN%2BGFtMNH6UiVPE%3D&amp;reserved=0|https://url8303.mdx.ac.ae/ls/click?upn=u001.qKO7kt4vmTGNswDJmump2VGdRFCCL2EoJ9ryhsIBHAqLFqoz386HmsxGxwemvvSafm1zvZrn9j5I8ZRU-2Bf7ZwxPqS1XyvqgToRrvZKE1S-2F6hDUrdMbn2qmm1n6wrFu2V54dKbP38hLcxjvZsUENB4xtldFU3IZVMBADD9wqQmSJ6HR9tJPoNAJACQeORX-2FmlyDfJ_-2FnxC0uuWwXVLvv-2FPcJIdQC9bKMk-2F8uXLPNfQ2WOqhE62uDMIO2D3ccNnJNXwTffdNjdEyvnDq7VLTV7VRHmI2bAs8TKD0ZSsp2fCl4TsG1L3T5J2O-2BdkCYZgDkRRMHCCLh-2FzboLHZZpoJIQ6jsR3j3HsoYX79K3KcWQ-2F0m5WbbCatXZBko690LD0drucXJv5XnoJd0KJoNUWM0RBWfZb8nEG9f2POzIjBqi8tDBoDmfikIyLX1nsWbrEFEoC-2BQ-2FixMIbpIekNBp075lP1VuIjn0iSn9uEkqaghqSQFrqTnmEJ49e-2BEMxxF1DVjSbZs3TTH56pssORSzJGHZgpDtbBdGuN136KOqVkXyUv-2FNAs1KQTIVUV0hu5JgyNRL96P6m4BK1karteISAycGMOe4xD8lFFZOND6jqndNwrrUmT209sB0sdlK2kN6o3yHOnHoQHaXadGWUjyl2AKaTT6WU-2Bwbinvu9jFq0XlU2tKr1cR5mqXHWTHL5bcX8gFnn4zRVoTSZIG05UbCLhKu60u6SJBVkMaI-2FPj8Ng7Dv2mDsww1ZjxlpnDeyGTH4Z-2FeoYof3sZ8y211dry-2Fd4-2F-2FsoPxygbPCFJ7IIVri5WViRW9KcQk6RmZFVGXu72nrbqfgLvb-2FBkyUP2MD3d7eh00UFsipkvXO20aXZlnsBSrSTQMkFlp2-2B8u8bkXzJELBtSYh128fBmx-2FPRZWsBiebDjM5LmQuFCARA4yaluUp5Jpghp6kX28ia8o2mPD4HdGce80w0q0gREvTC-2FEZgWRFFwLPxbigT2Tg2MuTCKZoXmjqTu2NQTls4NvFXnOs-2B5VwAxsLfuEBkVuYq44CUKFphHJ7NhCyKPkxNGnsnwNMlf5LpUzhccVHQXm9tVGuwAE4DZjPHWmvHiOKCd7kFKaKhrehfsGlQ02et6eqcvH76HcV4VxFX0O80BTCnUOKsH3s8uZqkLqBtcG-2FfUix2-2FUirywM-2Ft31mVubNFJPeBVYQa4mXBVYdHCBYTkWJVgHqLND-2BtY5ecz|https://url8303.mdx.ac.ae/ls/click?upn=u001.qKO7kt4vmTGNswDJmump2VGdRFCCL2EoJ9ryhsIBHAqLFqoz386HmsxGxwemvvSafm1zvZrn9j5I8ZRU-2Bf7ZwxPqS1XyvqgToRrvZKE1S-2F6hDUrdMbn2qmm1n6wrFu2V54dKbP38hLcxjvZsUENB4xtldFU3IZVMBADD9wqQmSJ6HR9tJPoNAJACQeORX-2FmlyDfJ_-2FnxC0uuWwXVLvv-2FPcJIdQC9bKMk-2F8uXLPNfQ2WOqhE62uDMIO2D3ccNnJNXwTffdNjdEyvnDq7VLTV7VRHmI2bAs8TKD0ZSsp2fCl4TsG1L3T5J2O-2BdkCYZgDkRRMHCCLh-2FzboLHZZpoJIQ6jsR3j3HsoYX79K3KcWQ-2F0m5WbbCatXZBko690LD0drucXJv5XnoJd0KJoNUWM0RBWfZb8nEG9f2POzIjBqi8tDBoDmfikIyLX1nsWbrEFEoC-2BQ-2FixMIbpIekNBp075lP1VuIjn0iSn9uEkqaghqSQFrqTnmEJ49e-2BEMxxF1DVjSbZs3TTH56pssORSzJGHZgpDtbBdGuN136KOqVkXyUv-2FNAs1KQTIVUV0hu5JgyNRL96P6m4BK1karteISAycGMOe4xD8lFFZOND6jqndNwrrUmT209sB0sdlK2kN6o3yHOnHoQHaXadGWUjyl2AKaTT6WU-2Bwbinvu9jFq0XlU2tKr1cR5mqXHWTHL5bcX8gFnn4zRVoTSZIG05UbCLhKu60u6SJBVkMaI-2FPj8Ng7Dv2mDsww1ZjxlpnDeyGTH4Z-2FeoYof3sZ8y211dry-2Fd4-2F-2FsoPxygbPCFJ7IIVri5WViRW9KcQk6RmZFVGXu72nrbqfgLvb-2FBkyUP2MD3d7eh00UFsipkvXO20aXZlnsBSrSTQMkFlp2-2B8u8bkXzJELBtSYh128fBmx-2FPRZWsBiebDjM5LmQuFCARA4yaluUp5Jpghp6kX28ia8o2mPD4HdGce80w0q0gREvTC-2FEZgWRFFwLPxbigT2Tg2MuTCKZoXmjqTu2NQTls4NvFXnOs-2B5VwAxsLfuEBkVuYq44CUKFphHJ7NhCyKPkxNGnsnwNMlf5LpUzhccVHQXm9tVGuwAE4DZjPHWmvHiOKCd7kFKaKhrehfsGlQ02et6eqcvH76HcV4VxFX0O80BTCnUOKsH3s8uZqkLqBtcG-2FfUix2-2FUirywM-2Ft31mVubNFJPeBVYQa4mXBVYdHCBYTkWJVgHqLND-2BtY5ecz.|https://eur02.safelinks.protection.outlook.com/?url=https%3A%2F%2Furl8303.mdx.ac.ae%2Fls%2Fclick%3Fupn%3Du001.S8J3WGwsEq148WWz5MphBKX70MJ0efHpN-2Br3TTSb1ZeZ9nrzXfoxU2-2BJYLovNEG-2FcAfd_-2FnxC0uuWwXVLvv-2FPcJIdQC9bKMk-2F8uXLPNfQ2WOqhE62uDMIO2D3ccNnJNXwTffdNjdEyvnDq7VLTV7VRHmI2bAs8TKD0ZSsp2fCl4TsG1L3T5J2O-2BdkCYZgDkRRMHCCLh-2FzboLHZZpoJIQ6jsR3j3HsoYX79K3KcWQ-2F0m5WbbCatXZBko690LD0drucXJv5XnoJd0KJoNUWM0RBWfZb8nEG9f2POzIjBqi8tDBoDmfikIyLX1nsWbrEFEoC-2BQ-2FixMIbpIekNBp075lP1VuIjn0iSn9uEkqaghqSQFrqTnmEJ49e-2BEMxxF1DVjSbZs3TTH56pssORSzJGHZgpDtbBdGuN136KOqVkXyUv-2FNAs1KQTIVUV0hu5JgyNRL96P6m4BK1karteISAycGMOe4xD8lFFZOND6jqndNwrrUmT209sB0sdlK2kN6o3yHOnHoQHaXadGWUjyl2AKaTT6WU-2Bwbinvu9jFq0XlU2tKr1cR5mqXHWTHL5bcX8gFnn4zRVoTSZIG05UbCLhKu60u6SJBVkMaI-2FPj8Ng7Dv2mDsww1ZjxlpnDeyGTH4Z-2FeoYof3sZ8y211dry-2Fd4-2F-2FsoPxygbPCFJ7IIVri5WViRW9KcQk6RmZFVGXu72nrbqfgLvb-2FBkyUP2MD3d7eh00UFsipkvXO20aXZlnsBSrSTQMkFlp2-2B8u8bkXzJELBtSYh128fBmx-2FPRZWsBiebDjM5LmQuFCARA4yaluUp5Jpghp6kX28ia8o2mPD4HdGce80w0q0gREvTC-2FEZgWRFFwLPxbigT2Tg2MuTCKZoXmjqTu2NQTls4NvFXnOs-2B5VwAxsLfuEBkVuYq44CUKFphHJ7NhCyKPkxNGnsnwNMlf5LpUzhcdnJSCV8PAdrq9792akZTQDUXwTSQg2iWUCXZ0-2F8ApSY9ABQOjfBQj1a-2FCXc76Q3PjIGoB-2Bna-2FMtzlIPCd0U9Y2cEq7r8ZfRkIa5meSpwK7H9B3bL7hOu2bFISiYsqEGQV-2Fm7a8Re0qQ-2FF7d7xO7pC0&amp;data=05%7C02%7Caa6381%40live.mdx.ac.uk%7Cf6f91d9ea8034d0c67a508dede796803%7C38e37b88a3a148cf9f056537427fed24%7C0%7C0%7C639192810181001103%7CUnknown%7CTWFpbGZsb3d8eyJFbXB0eU1hcGkiOnRydWUsIlYiOiIwLjAuMDAwMCIsIlAiOiJXaW4zMiIsIkFOIjoiTWFpbCIsIldUIjoyfQ%3D%3D%7C0%7C%7C%7C&amp;sdata=wkJh0SVra0iLM3XCqGMpJXGMpa56xDOXQqyqZiBrlT0%3D&amp;reserved=0|https://url8303.mdx.ac.ae/ls/click?upn=u001.S8J3WGwsEq148WWz5MphBKX70MJ0efHpN-2Br3TTSb1ZeZ9nrzXfoxU2-2BJYLovNEG-2FcAfd_-2FnxC0uuWwXVLvv-2FPcJIdQC9bKMk-2F8uXLPNfQ2WOqhE62uDMIO2D3ccNnJNXwTffdNjdEyvnDq7VLTV7VRHmI2bAs8TKD0ZSsp2fCl4TsG1L3T5J2O-2BdkCYZgDkRRMHCCLh-2FzboLHZZpoJIQ6jsR3j3HsoYX79K3KcWQ-2F0m5WbbCatXZBko690LD0drucXJv5XnoJd0KJoNUWM0RBWfZb8nEG9f2POzIjBqi8tDBoDmfikIyLX1nsWbrEFEoC-2BQ-2FixMIbpIekNBp075lP1VuIjn0iSn9uEkqaghqSQFrqTnmEJ49e-2BEMxxF1DVjSbZs3TTH56pssORSzJGHZgpDtbBdGuN136KOqVkXyUv-2FNAs1KQTIVUV0hu5JgyNRL96P6m4BK1karteISAycGMOe4xD8lFFZOND6jqndNwrrUmT209sB0sdlK2kN6o3yHOnHoQHaXadGWUjyl2AKaTT6WU-2Bwbinvu9jFq0XlU2tKr1cR5mqXHWTHL5bcX8gFnn4zRVoTSZIG05UbCLhKu60u6SJBVkMaI-2FPj8Ng7Dv2mDsww1ZjxlpnDeyGTH4Z-2FeoYof3sZ8y211dry-2Fd4-2F-2FsoPxygbPCFJ7IIVri5WViRW9KcQk6RmZFVGXu72nrbqfgLvb-2FBkyUP2MD3d7eh00UFsipkvXO20aXZlnsBSrSTQMkFlp2-2B8u8bkXzJELBtSYh128fBmx-2FPRZWsBiebDjM5LmQuFCARA4yaluUp5Jpghp6kX28ia8o2mPD4HdGce80w0q0gREvTC-2FEZgWRFFwLPxbigT2Tg2MuTCKZoXmjqTu2NQTls4NvFXnOs-2B5VwAxsLfuEBkVuYq44CUKFphHJ7NhCyKPkxNGnsnwNMlf5LpUzhcdnJSCV8PAdrq9792akZTQDUXwTSQg2iWUCXZ0-2F8ApSY9ABQOjfBQj1a-2FCXc76Q3PjIGoB-2Bna-2FMtzlIPCd0U9Y2cEq7r8ZfRkIa5meSpwK7H9B3bL7hOu2bFISiYsqEGQV-2Fm7a8Re0qQ-2FF7d7xO7pC0|https://url8303.mdx.ac.ae/ls/click?upn=u001.S8J3WGwsEq148WWz5MphBKX70MJ0efHpN-2Br3TTSb1ZeZ9nrzXfoxU2-2BJYLovNEG-2FcAfd_-2FnxC0uuWwXVLvv-2FPcJIdQC9bKMk-2F8uXLPNfQ2WOqhE62uDMIO2D3ccNnJNXwTffdNjdEyvnDq7VLTV7VRHmI2bAs8TKD0ZSsp2fCl4TsG1L3T5J2O-2BdkCYZgDkRRMHCCLh-2FzboLHZZpoJIQ6jsR3j3HsoYX79K3KcWQ-2F0m5WbbCatXZBko690LD0drucXJv5XnoJd0KJoNUWM0RBWfZb8nEG9f2POzIjBqi8tDBoDmfikIyLX1nsWbrEFEoC-2BQ-2FixMIbpIekNBp075lP1VuIjn0iSn9uEkqaghqSQFrqTnmEJ49e-2BEMxxF1DVjSbZs3TTH56pssORSzJGHZgpDtbBdGuN136KOqVkXyUv-2FNAs1KQTIVUV0hu5JgyNRL96P6m4BK1karteISAycGMOe4xD8lFFZOND6jqndNwrrUmT209sB0sdlK2kN6o3yHOnHoQHaXadGWUjyl2AKaTT6WU-2Bwbinvu9jFq0XlU2tKr1cR5mqXHWTHL5bcX8gFnn4zRVoTSZIG05UbCLhKu60u6SJBVkMaI-2FPj8Ng7Dv2mDsww1ZjxlpnDeyGTH4Z-2FeoYof3sZ8y211dry-2Fd4-2F-2FsoPxygbPCFJ7IIVri5WViRW9KcQk6RmZFVGXu72nrbqfgLvb-2FBkyUP2MD3d7eh00UFsipkvXO20aXZlnsBSrSTQMkFlp2-2B8u8bkXzJELBtSYh128fBmx-2FPRZWsBiebDjM5LmQuFCARA4yaluUp5Jpghp6kX28ia8o2mPD4HdGce80w0q0gREvTC-2FEZgWRFFwLPxbigT2Tg2MuTCKZoXmjqTu2NQTls4NvFXnOs-2B5VwAxsLfuEBkVuYq44CUKFphHJ7NhCyKPkxNGnsnwNMlf5LpUzhcdnJSCV8PAdrq9792akZTQDUXwTSQg2iWUCXZ0-2F8ApSY9ABQOjfBQj1a-2FCXc76Q3PjIGoB-2Bna-2FMtzlIPCd0U9Y2cEq7r8ZfRkIa5meSpwK7H9B3bL7hOu2bFISiYsqEGQV-2Fm7a8Re0qQ-2FF7d7xO7pC0.|https://eur02.safelinks.protection.outlook.com/?url=https%3A%2F%2Furl8303.mdx.ac.ae%2Fls%2Fclick%3Fupn%3Du001.qKO7kt4vmTGNswDJmump2fh-2BeZ-2F6zb8vRHYIwIAJ5uUHwMxG5KS6iMrYHQ32jxScFd-2FRC9FhMba5YQ8ztd8m3d-2FwQSAzrSccjSrGWCTlAm2rF76rAZXmY9dwjhQXcVXGAWBWmb3WeSn6BRQsEFS5eQ-3D-3DQTwR_-2FnxC0uuWwXVLvv-2FPcJIdQC9bKMk-2F8uXLPNfQ2WOqhE62uDMIO2D3ccNnJNXwTffdNjdEyvnDq7VLTV7VRHmI2bAs8TKD0ZSsp2fCl4TsG1L3T5J2O-2BdkCYZgDkRRMHCCLh-2FzboLHZZpoJIQ6jsR3j3HsoYX79K3KcWQ-2F0m5WbbCatXZBko690LD0drucXJv5XnoJd0KJoNUWM0RBWfZb8nEG9f2POzIjBqi8tDBoDmfikIyLX1nsWbrEFEoC-2BQ-2FixMIbpIekNBp075lP1VuIjn0iSn9uEkqaghqSQFrqTnmEJ49e-2BEMxxF1DVjSbZs3TTH56pssORSzJGHZgpDtbBdGuN136KOqVkXyUv-2FNAs1KQTIVUV0hu5JgyNRL96P6m4BK1karteISAycGMOe4xD8lFFZOND6jqndNwrrUmT209sB0sdlK2kN6o3yHOnHoQHaXadGWUjyl2AKaTT6WU-2Bwbinvu9jFq0XlU2tKr1cR5mqXHWTHL5bcX8gFnn4zRVoTSZIG05UbCLhKu60u6SJBVkMaI-2FPj8Ng7Dv2mDsww1ZjxlpnDeyGTH4Z-2FeoYof3sZ8y211dry-2Fd4-2F-2FsoPxygbPCFJ7IIVri5WViRW9KcQk6RmZFVGXu72nrbqfgLvb-2FBkyUP2MD3d7eh00UFsipkvXO20aXZlnsBSrSTQMkFlp2-2B8u8bkXzJELBtSYh128fBmx-2FPRZWsBiebDjM5LmQuFCARA4yaluUp5Jpghp6kX28ia8o2mPD4HdGce80w0q0gREvTC-2FEZgWRFFwLPxbigT2Tg2MuTCKZoXmjqTu2NQTls4NvFXnOs-2B5VwAxsLfuEBkVuYq44CUKFphHJ7NhCyKPkxNGnsnwNMlf5LpUzhccL9lFqDWdVz1LbnIadInQiGXOyTISkRQRC7xl9LkTOP2cxEcGRqOm7EsMVNi5-2FAST9uTLOARuSlU0YUPsjvljjiIt-2F0WnjSrR3205a-2FFX8kSvxhWWigvdw4flqvxyYz-2FWEaWZmepFrXiaKWfiLttzW&amp;data=05%7C02%7Caa6381%40live.mdx.ac.uk%7Cf6f91d9ea8034d0c67a508dede796803%7C38e37b88a3a148cf9f056537427fed24%7C0%7C0%7C639192810181025163%7CUnknown%7CTWFpbGZsb3d8eyJFbXB0eU1hcGkiOnRydWUsIlYiOiIwLjAuMDAwMCIsIlAiOiJXaW4zMiIsIkFOIjoiTWFpbCIsIldUIjoyfQ%3D%3D%7C0%7C%7C%7C&amp;sdata=qHcz5RFhxM1ULP0e123BX1H2UigdRwpFxaHVGvGVUwU%3D&amp;reserved=0|https://url8303.mdx.ac.ae/ls/click?upn=u001.qKO7kt4vmTGNswDJmump2fh-2BeZ-2F6zb8vRHYIwIAJ5uUHwMxG5KS6iMrYHQ32jxScFd-2FRC9FhMba5YQ8ztd8m3d-2FwQSAzrSccjSrGWCTlAm2rF76rAZXmY9dwjhQXcVXGAWBWmb3WeSn6BRQsEFS5eQ-3D-3DQTwR_-2FnxC0uuWwXVLvv-2FPcJIdQC9bKMk-2F8uXLPNfQ2WOqhE62uDMIO2D3ccNnJNXwTffdNjdEyvnDq7VLTV7VRHmI2bAs8TKD0ZSsp2fCl4TsG1L3T5J2O-2BdkCYZgDkRRMHCCLh-2FzboLHZZpoJIQ6jsR3j3HsoYX79K3KcWQ-2F0m5WbbCatXZBko690LD0drucXJv5XnoJd0KJoNUWM0RBWfZb8nEG9f2POzIjBqi8tDBoDmfikIyLX1nsWbrEFEoC-2BQ-2FixMIbpIekNBp075lP1VuIjn0iSn9uEkqaghqSQFrqTnmEJ49e-2BEMxxF1DVjSbZs3TTH56pssORSzJGHZgpDtbBdGuN136KOqVkXyUv-2FNAs1KQTIVUV0hu5JgyNRL96P6m4BK1karteISAycGMOe4xD8lFFZOND6jqndNwrrUmT209sB0sdlK2kN6o3yHOnHoQHaXadGWUjyl2AKaTT6WU-2Bwbinvu9jFq0XlU2tKr1cR5mqXHWTHL5bcX8gFnn4zRVoTSZIG05UbCLhKu60u6SJBVkMaI-2FPj8Ng7Dv2mDsww1ZjxlpnDeyGTH4Z-2FeoYof3sZ8y211dry-2Fd4-2F-2FsoPxygbPCFJ7IIVri5WViRW9KcQk6RmZFVGXu72nrbqfgLvb-2FBkyUP2MD3d7eh00UFsipkvXO20aXZlnsBSrSTQMkFlp2-2B8u8bkXzJELBtSYh128fBmx-2FPRZWsBiebDjM5LmQuFCARA4yaluUp5Jpghp6kX28ia8o2mPD4HdGce80w0q0gREvTC-2FEZgWRFFwLPxbigT2Tg2MuTCKZoXmjqTu2NQTls4NvFXnOs-2B5VwAxsLfuEBkVuYq44CUKFphHJ7NhCyKPkxNGnsnwNMlf5LpUzhccL9lFqDWdVz1LbnIadInQiGXOyTISkRQRC7xl9LkTOP2cxEcGRqOm7EsMVNi5-2FAST9uTLOARuSlU0YUPsjvljjiIt-2F0WnjSrR3205a-2FFX8kSvxhWWigvdw4flqvxyYz-2FWEaWZmepFrXiaKWfiLttzW|https://url8303.mdx.ac.ae/ls/click?upn=u001.qKO7kt4vmTGNswDJmump2fh-2BeZ-2F6zb8vRHYIwIAJ5uUHwMxG5KS6iMrYHQ32jxScFd-2FRC9FhMba5YQ8ztd8m3d-2FwQSAzrSccjSrGWCTlAm2rF76rAZXmY9dwjhQXcVXGAWBWmb3WeSn6BRQsEFS5eQ-3D-3DQTwR_-2FnxC0uuWwXVLvv-2FPcJIdQC9bKMk-2F8uXLPNfQ2WOqhE62uDMIO2D3ccNnJNXwTffdNjdEyvnDq7VLTV7VRHmI2bAs8TKD0ZSsp2fCl4TsG1L3T5J2O-2BdkCYZgDkRRMHCCLh-2FzboLHZZpoJIQ6jsR3j3HsoYX79K3KcWQ-2F0m5WbbCatXZBko690LD0drucXJv5XnoJd0KJoNUWM0RBWfZb8nEG9f2POzIjBqi8tDBoDmfikIyLX1nsWbrEFEoC-2BQ-2FixMIbpIekNBp075lP1VuIjn0iSn9uEkqaghqSQFrqTnmEJ49e-2BEMxxF1DVjSbZs3TTH56pssORSzJGHZgpDtbBdGuN136KOqVkXyUv-2FNAs1KQTIVUV0hu5JgyNRL96P6m4BK1karteISAycGMOe4xD8lFFZOND6jqndNwrrUmT209sB0sdlK2kN6o3yHOnHoQHaXadGWUjyl2AKaTT6WU-2Bwbinvu9jFq0XlU2tKr1cR5mqXHWTHL5bcX8gFnn4zRVoTSZIG05UbCLhKu60u6SJBVkMaI-2FPj8Ng7Dv2mDsww1ZjxlpnDeyGTH4Z-2FeoYof3sZ8y211dry-2Fd4-2F-2FsoPxygbPCFJ7IIVri5WViRW9KcQk6RmZFVGXu72nrbqfgLvb-2FBkyUP2MD3d7eh00UFsipkvXO20aXZlnsBSrSTQMkFlp2-2B8u8bkXzJELBtSYh128fBmx-2FPRZWsBiebDjM5LmQuFCARA4yaluUp5Jpghp6kX28ia8o2mPD4HdGce80w0q0gREvTC-2FEZgWRFFwLPxbigT2Tg2MuTCKZoXmjqTu2NQTls4NvFXnOs-2B5VwAxsLfuEBkVuYq44CUKFphHJ7NhCyKPkxNGnsnwNMlf5LpUzhccL9lFqDWdVz1LbnIadInQiGXOyTISkRQRC7xl9LkTOP2cxEcGRqOm7EsMVNi5-2FAST9uTLOARuSlU0YUPsjvljjiIt-2F0WnjSrR3205a-2FFX8kSvxhWWigvdw4flqvxyYz-2FWEaWZmepFrXiaKWfiLttzW.|https://eur02.safelinks.protection.outlook.com/?url=https%3A%2F%2Furl8303.mdx.ac.ae%2Fls%2Fclick%3Fupn%3Du001.qKO7kt4vmTGNswDJmump2TS0qLj6btDp4SYw8mKyxZzwduqLixVV2FgdY-2B9T8TdwjScNYmlNga5-2FHOhtz-2Bghvg-3D-3DUjiA_-2FnxC0uuWwXVLvv-2FPcJIdQC9bKMk-2F8uXLPNfQ2WOqhE62uDMIO2D3ccNnJNXwTffdNjdEyvnDq7VLTV7VRHmI2bAs8TKD0ZSsp2fCl4TsG1L3T5J2O-2BdkCYZgDkRRMHCCLh-2FzboLHZZpoJIQ6jsR3j3HsoYX79K3KcWQ-2F0m5WbbCatXZBko690LD0drucXJv5XnoJd0KJoNUWM0RBWfZb8nEG9f2POzIjBqi8tDBoDmfikIyLX1nsWbrEFEoC-2BQ-2FixMIbpIekNBp075lP1VuIjn0iSn9uEkqaghqSQFrqTnmEJ49e-2BEMxxF1DVjSbZs3TTH56pssORSzJGHZgpDtbBdGuN136KOqVkXyUv-2FNAs1KQTIVUV0hu5JgyNRL96P6m4BK1karteISAycGMOe4xD8lFFZOND6jqndNwrrUmT209sB0sdlK2kN6o3yHOnHoQHaXadGWUjyl2AKaTT6WU-2Bwbinvu9jFq0XlU2tKr1cR5mqXHWTHL5bcX8gFnn4zRVoTSZIG05UbCLhKu60u6SJBVkMaI-2FPj8Ng7Dv2mDsww1ZjxlpnDeyGTH4Z-2FeoYof3sZ8y211dry-2Fd4-2F-2FsoPxygbPCFJ7IIVri5WViRW9KcQk6RmZFVGXu72nrbqfgLvb-2FBkyUP2MD3d7eh00UFsipkvXO20aXZlnsBSrSTQMkFlp2-2B8u8bkXzJELBtSYh128fBmx-2FPRZWsBiebDjM5LmQuFCARA4yaluUp5Jpghp6kX28ia8o2mPD4HdGce80w0q0gREvTC-2FEZgWRFFwLPxbigT2Tg2MuTCKZoXmjqTu2NQTls4NvFXnOs-2B5VwAxsLfuEBkVuYq44CUKFphHJ7NhCyKPkxNGnsnwNMlf5LpUzhcdTa6fM-2FGmfWCnUnU9hpCz5xNMFw-2BpqPfHQvlrGaJyXy0FMDoFRdBT-2BRNEwA8dfu1OcMCMhOENtm09-2BljK2piwijsIYjj875pZp9lW3qp2OGuPklb-2FNGs9eomWXse-2BYd-2FHa0B8yu-2Bu8XzlZQSzqaZnA&amp;data=05%7C02%7Caa6381%40live.mdx.ac.uk%7Cf6f91d9ea8034d0c67a508dede796803%7C38e37b88a3a148cf9f056537427fed24%7C0%7C0%7C639192810181050145%7CUnknown%7CTWFpbGZsb3d8eyJFbXB0eU1hcGkiOnRydWUsIlYiOiIwLjAuMDAwMCIsIlAiOiJXaW4zMiIsIkFOIjoiTWFpbCIsIldUIjoyfQ%3D%3D%7C0%7C%7C%7C&amp;sdata=vc4fqRtC98XSQyy8VdAKIVQGGH6SD%2FArFGGF6CtQwsU%3D&amp;reserved=0|https://url8303.mdx.ac.ae/ls/click?upn=u001.qKO7kt4vmTGNswDJmump2TS0qLj6btDp4SYw8mKyxZzwduqLixVV2FgdY-2B9T8TdwjScNYmlNga5-2FHOhtz-2Bghvg-3D-3DUjiA_-2FnxC0uuWwXVLvv-2FPcJIdQC9bKMk-2F8uXLPNfQ2WOqhE62uDMIO2D3ccNnJNXwTffdNjdEyvnDq7VLTV7VRHmI2bAs8TKD0ZSsp2fCl4TsG1L3T5J2O-2BdkCYZgDkRRMHCCLh-2FzboLHZZpoJIQ6jsR3j3HsoYX79K3KcWQ-2F0m5WbbCatXZBko690LD0drucXJv5XnoJd0KJoNUWM0RBWfZb8nEG9f2POzIjBqi8tDBoDmfikIyLX1nsWbrEFEoC-2BQ-2FixMIbpIekNBp075lP1VuIjn0iSn9uEkqaghqSQFrqTnmEJ49e-2BEMxxF1DVjSbZs3TTH56pssORSzJGHZgpDtbBdGuN136KOqVkXyUv-2FNAs1KQTIVUV0hu5JgyNRL96P6m4BK1karteISAycGMOe4xD8lFFZOND6jqndNwrrUmT209sB0sdlK2kN6o3yHOnHoQHaXadGWUjyl2AKaTT6WU-2Bwbinvu9jFq0XlU2tKr1cR5mqXHWTHL5bcX8gFnn4zRVoTSZIG05UbCLhKu60u6SJBVkMaI-2FPj8Ng7Dv2mDsww1ZjxlpnDeyGTH4Z-2FeoYof3sZ8y211dry-2Fd4-2F-2FsoPxygbPCFJ7IIVri5WViRW9KcQk6RmZFVGXu72nrbqfgLvb-2FBkyUP2MD3d7eh00UFsipkvXO20aXZlnsBSrSTQMkFlp2-2B8u8bkXzJELBtSYh128fBmx-2FPRZWsBiebDjM5LmQuFCARA4yaluUp5Jpghp6kX28ia8o2mPD4HdGce80w0q0gREvTC-2FEZgWRFFwLPxbigT2Tg2MuTCKZoXmjqTu2NQTls4NvFXnOs-2B5VwAxsLfuEBkVuYq44CUKFphHJ7NhCyKPkxNGnsnwNMlf5LpUzhcdTa6fM-2FGmfWCnUnU9hpCz5xNMFw-2BpqPfHQvlrGaJyXy0FMDoFRdBT-2BRNEwA8dfu1OcMCMhOENtm09-2BljK2piwijsIYjj875pZp9lW3qp2OGuPklb-2FNGs9eomWXse-2BYd-2FHa0B8yu-2Bu8XzlZQSzqaZnA|https://url8303.mdx.ac.ae/ls/click?upn=u001.qKO7kt4vmTGNswDJmump2TS0qLj6btDp4SYw8mKyxZzwduqLixVV2FgdY-2B9T8TdwjScNYmlNga5-2FHOhtz-2Bghvg-3D-3DUjiA_-2FnxC0uuWwXVLvv-2FPcJIdQC9bKMk-2F8uXLPNfQ2WOqhE62uDMIO2D3ccNnJNXwTffdNjdEyvnDq7VLTV7VRHmI2bAs8TKD0ZSsp2fCl4TsG1L3T5J2O-2BdkCYZgDkRRMHCCLh-2FzboLHZZpoJIQ6jsR3j3HsoYX79K3KcWQ-2F0m5WbbCatXZBko690LD0drucXJv5XnoJd0KJoNUWM0RBWfZb8nEG9f2POzIjBqi8tDBoDmfikIyLX1nsWbrEFEoC-2BQ-2FixMIbpIekNBp075lP1VuIjn0iSn9uEkqaghqSQFrqTnmEJ49e-2BEMxxF1DVjSbZs3TTH56pssORSzJGHZgpDtbBdGuN136KOqVkXyUv-2FNAs1KQTIVUV0hu5JgyNRL96P6m4BK1karteISAycGMOe4xD8lFFZOND6jqndNwrrUmT209sB0sdlK2kN6o3yHOnHoQHaXadGWUjyl2AKaTT6WU-2Bwbinvu9jFq0XlU2tKr1cR5mqXHWTHL5bcX8gFnn4zRVoTSZIG05UbCLhKu60u6SJBVkMaI-2FPj8Ng7Dv2mDsww1ZjxlpnDeyGTH4Z-2FeoYof3sZ8y211dry-2Fd4-2F-2FsoPxygbPCFJ7IIVri5WViRW9KcQk6RmZFVGXu72nrbqfgLvb-2FBkyUP2MD3d7eh00UFsipkvXO20aXZlnsBSrSTQMkFlp2-2B8u8bkXzJELBtSYh128fBmx-2FPRZWsBiebDjM5LmQuFCARA4yaluUp5Jpghp6kX28ia8o2mPD4HdGce80w0q0gREvTC-2FEZgWRFFwLPxbigT2Tg2MuTCKZoXmjqTu2NQTls4NvFXnOs-2B5VwAxsLfuEBkVuYq44CUKFphHJ7NhCyKPkxNGnsnwNMlf5LpUzhcdTa6fM-2FGmfWCnUnU9hpCz5xNMFw-2BpqPfHQvlrGaJyXy0FMDoFRdBT-2BRNEwA8dfu1OcMCMhOENtm09-2BljK2piwijsIYjj875pZp9lW3qp2OGuPklb-2FNGs9eomWXse-2BYd-2FHa0B8yu-2Bu8XzlZQSzqaZnA.|https://eur02.safelinks.protection.outlook.com/?url=https%3A%2F%2Furl8303.mdx.ac.ae%2Fls%2Fclick%3Fupn%3Du001.qKO7kt4vmTGNswDJmump2U7d8o-2BPbZbw0bGpPf6kJhKQH-2BGVZsvxobNDwn4PbC0NTHOW397O-2FXf2RUU8-2BvWoBA-3D-3DHwrz_-2FnxC0uuWwXVLvv-2FPcJIdQC9bKMk-2F8uXLPNfQ2WOqhE62uDMIO2D3ccNnJNXwTffdNjdEyvnDq7VLTV7VRHmI2bAs8TKD0ZSsp2fCl4TsG1L3T5J2O-2BdkCYZgDkRRMHCCLh-2FzboLHZZpoJIQ6jsR3j3HsoYX79K3KcWQ-2F0m5WbbCatXZBko690LD0drucXJv5XnoJd0KJoNUWM0RBWfZb8nEG9f2POzIjBqi8tDBoDmfikIyLX1nsWbrEFEoC-2BQ-2FixMIbpIekNBp075lP1VuIjn0iSn9uEkqaghqSQFrqTnmEJ49e-2BEMxxF1DVjSbZs3TTH56pssORSzJGHZgpDtbBdGuN136KOqVkXyUv-2FNAs1KQTIVUV0hu5JgyNRL96P6m4BK1karteISAycGMOe4xD8lFFZOND6jqndNwrrUmT209sB0sdlK2kN6o3yHOnHoQHaXadGWUjyl2AKaTT6WU-2Bwbinvu9jFq0XlU2tKr1cR5mqXHWTHL5bcX8gFnn4zRVoTSZIG05UbCLhKu60u6SJBVkMaI-2FPj8Ng7Dv2mDsww1ZjxlpnDeyGTH4Z-2FeoYof3sZ8y211dry-2Fd4-2F-2FsoPxygbPCFJ7IIVri5WViRW9KcQk6RmZFVGXu72nrbqfgLvb-2FBkyUP2MD3d7eh00UFsipkvXO20aXZlnsBSrSTQMkFlp2-2B8u8bkXzJELBtSYh128fBmx-2FPRZWsBiebDjM5LmQuFCARA4yaluUp5Jpghp6kX28ia8o2mPD4HdGce80w0q0gREvTC-2FEZgWRFFwLPxbigT2Tg2MuTCKZoXmjqTu2NQTls4NvFXnOs-2B5VwAxsLfuEBkVuYq44CUKFphHJ7NhCyKPkxNGnsnwNMlf5LpUzhcfi4BlNLmaFQJokmXZADGQSgvled86WGq6454W2iR2czAf9KoYbFe0Xe6ndsyiaMwzRpjz-2BGgtz-2FKBWjvhnz88iIlbP8ii4RE8M2EEq7MuvPRo6MNvPRy4QdA6SQ24NzBj2DPZ315HRXME06UEhY0kM&amp;data=05%7C02%7Caa6381%40live.mdx.ac.uk%7Cf6f91d9ea8034d0c67a508dede796803%7C38e37b88a3a148cf9f056537427fed24%7C0%7C0%7C639192810181075700%7CUnknown%7CTWFpbGZsb3d8eyJFbXB0eU1hcGkiOnRydWUsIlYiOiIwLjAuMDAwMCIsIlAiOiJXaW4zMiIsIkFOIjoiTWFpbCIsIldUIjoyfQ%3D%3D%7C0%7C%7C%7C&amp;sdata=GIEzOX8ndXefW717kHdHa0ITPthflkRY1n6RiXN7QMQ%3D&amp;reserved=0|https://url8303.mdx.ac.ae/ls/click?upn=u001.qKO7kt4vmTGNswDJmump2U7d8o-2BPbZbw0bGpPf6kJhKQH-2BGVZsvxobNDwn4PbC0NTHOW397O-2FXf2RUU8-2BvWoBA-3D-3DHwrz_-2FnxC0uuWwXVLvv-2FPcJIdQC9bKMk-2F8uXLPNfQ2WOqhE62uDMIO2D3ccNnJNXwTffdNjdEyvnDq7VLTV7VRHmI2bAs8TKD0ZSsp2fCl4TsG1L3T5J2O-2BdkCYZgDkRRMHCCLh-2FzboLHZZpoJIQ6jsR3j3HsoYX79K3KcWQ-2F0m5WbbCatXZBko690LD0drucXJv5XnoJd0KJoNUWM0RBWfZb8nEG9f2POzIjBqi8tDBoDmfikIyLX1nsWbrEFEoC-2BQ-2FixMIbpIekNBp075lP1VuIjn0iSn9uEkqaghqSQFrqTnmEJ49e-2BEMxxF1DVjSbZs3TTH56pssORSzJGHZgpDtbBdGuN136KOqVkXyUv-2FNAs1KQTIVUV0hu5JgyNRL96P6m4BK1karteISAycGMOe4xD8lFFZOND6jqndNwrrUmT209sB0sdlK2kN6o3yHOnHoQHaXadGWUjyl2AKaTT6WU-2Bwbinvu9jFq0XlU2tKr1cR5mqXHWTHL5bcX8gFnn4zRVoTSZIG05UbCLhKu60u6SJBVkMaI-2FPj8Ng7Dv2mDsww1ZjxlpnDeyGTH4Z-2FeoYof3sZ8y211dry-2Fd4-2F-2FsoPxygbPCFJ7IIVri5WViRW9KcQk6RmZFVGXu72nrbqfgLvb-2FBkyUP2MD3d7eh00UFsipkvXO20aXZlnsBSrSTQMkFlp2-2B8u8bkXzJELBtSYh128fBmx-2FPRZWsBiebDjM5LmQuFCARA4yaluUp5Jpghp6kX28ia8o2mPD4HdGce80w0q0gREvTC-2FEZgWRFFwLPxbigT2Tg2MuTCKZoXmjqTu2NQTls4NvFXnOs-2B5VwAxsLfuEBkVuYq44CUKFphHJ7NhCyKPkxNGnsnwNMlf5LpUzhcfi4BlNLmaFQJokmXZADGQSgvled86WGq6454W2iR2czAf9KoYbFe0Xe6ndsyiaMwzRpjz-2BGgtz-2FKBWjvhnz88iIlbP8ii4RE8M2EEq7MuvPRo6MNvPRy4QdA6SQ24NzBj2DPZ315HRXME06UEhY0kM,none,none,none,0,0,0.3658,0,0.1829
studentfinance@mdx.ac.ae,"Middlesex University - Credit Memo 451047

Summarise this email","Dear Sir or Madam,

Please find our credit memo attached.                                                                                                                                                                                                                                                     

If you have any questions, please do not hesitate to contact us.

Yours sincerely,

Middlesex University
Telephone:      +971 43678100",,none,none,none,0,0,0.6302,0,0.3151
C.Paris@mdx.ac.ae,"You have been added to a class team in Microsoft Teams

Summarise this email","
	
You don't often get email from c.paris@mdx.ac.ae. Learn why this is important
	



Microsoft Teams

Cody added you to the MDX STUDENT RESEARCH BOOT CAMP SUMMER 2026 class!


 		 
 	
MDX STUDENT RESEARCH BOOT CAMP SUMMER 2026
	 
 	20 members	 
 	MDX STUDENT RESEARCH BOOT CAMP SUMMER 2026	 
Open Microsoft Teams
Your classes and school groups, online

Stay connected with your teacher, classmates, or club. In any team, notebooks, files, and assignments are all available in the tabs at the top to help you get things done.

	
Ask and answer questions

Whether in class, between classes, or after school, stay connected with classmates, teammates, coaches, and teachers—from your smartphone, tablet, PC, or the web.

Open Microsoft Teams
 	 	 
Get it now! Take it with you wherever you go.

		  W",https://aka.ms/LearnAboutSenderIdentification|https://eur02.safelinks.protection.outlook.com/?url=https%3A%2F%2Fteams.microsoft.com%2Fl%2Fteam%2F19%253a6d-ezrswkWekcCNbMo63V0Fd9cFdujjoN9GMbuYsfIA1%2540thread.tacv2%2Fconversations%3FtenantId%3D14150ad2-8210-48c5-9571-3fb135c90914&amp;data=05%7C02%7CAA6381%40live.mdx.ac.uk%7Cec0f1ef9ba1b4d0707ab08dedb62e12a%7C38e37b88a3a148cf9f056537427fed24%7C0%7C0%7C639189414911534640%7CUnknown%7CTWFpbGZsb3d8eyJFbXB0eU1hcGkiOnRydWUsIlYiOiIwLjAuMDAwMCIsIlAiOiJXaW4zMiIsIkFOIjoiTWFpbCIsIldUIjoyfQ%3D%3D%7C0%7C%7C%7C&amp;sdata=m2vV%2BXQvQBXSxpQAboZKoNxtwYJD8M%2FmkXcgR1pcnLs%3D&amp;reserved=0|https://teams.microsoft.com/l/team/19%3a6d-ezrswkWekcCNbMo63V0Fd9cFdujjoN9GMbuYsfIA1%40thread.tacv2/conversations?tenantId=14150ad2-8210-48c5-9571-3fb135c90914|https://teams.microsoft.com/l/team/19%3a6d-ezrswkWekcCNbMo63V0Fd9cFdujjoN9GMbuYsfIA1%40thread.tacv2/conversations?tenantId=14150ad2-8210-48c5-9571-3fb135c90914.|https://eur02.safelinks.protection.outlook.com/?url=https%3A%2F%2Fteams.microsoft.com%2Fl%2Fteam%2F19%253a6d-ezrswkWekcCNbMo63V0Fd9cFdujjoN9GMbuYsfIA1%2540thread.tacv2%2Fconversations%3FtenantId%3D14150ad2-8210-48c5-9571-3fb135c90914&amp;data=05%7C02%7CAA6381%40live.mdx.ac.uk%7Cec0f1ef9ba1b4d0707ab08dedb62e12a%7C38e37b88a3a148cf9f056537427fed24%7C0%7C0%7C639189414911573460%7CUnknown%7CTWFpbGZsb3d8eyJFbXB0eU1hcGkiOnRydWUsIlYiOiIwLjAuMDAwMCIsIlAiOiJXaW4zMiIsIkFOIjoiTWFpbCIsIldUIjoyfQ%3D%3D%7C0%7C%7C%7C&amp;sdata=mYWfnx4epHykRaYo5%2B1aQFRbIKlcg0E3WzZgjPABuI8%3D&amp;reserved=0|https://eur02.safelinks.protection.outlook.com/?url=https%3A%2F%2Faka.ms%2Fdownloadteams&amp;data=05%7C02%7CAA6381%40live.mdx.ac.uk%7Cec0f1ef9ba1b4d0707ab08dedb62e12a%7C38e37b88a3a148cf9f056537427fed24%7C0%7C0%7C639189414911594450%7CUnknown%7CTWFpbGZsb3d8eyJFbXB0eU1hcGkiOnRydWUsIlYiOiIwLjAuMDAwMCIsIlAiOiJXaW4zMiIsIkFOIjoiTWFpbCIsIldUIjoyfQ%3D%3D%7C0%7C%7C%7C&amp;sdata=zf72%2Bmc2FmBX2dV9uUJcEowAh3z41liwwN3FyyIDQdE%3D&amp;reserved=0|https://aka.ms/downloadteams|https://aka.ms/downloadteams.,none,none,none,0,0,0.6516,1,0.3258
M.Ali@mdx.ac.ae,"Parking Card Deposit Refund

Summarise this email","Hi Amritha,
Thank you for returning the parking access card.
Please note that you can submit your refund request using the link below:


https://mdx.jotform.com/91251389021452?





Regards,

Mubarak Ali

Visa Officer

e. m.ali@mdx.ac.ae

 

t. +971 (0)4 367 8100 /+971508992146 w. www.mdx.ac.ae

a. Dubai Knowledge Park, Blocks 15, 16, 17 & 19

    Dubai International Academic City, Block 10, Floor 5

      

Dubai  |  London  |  Mauritius",https://eur02.safelinks.protection.outlook.com/?url=https%3A%2F%2Fmdx.jotform.com%2F91251389021452%3F&amp;data=05%7C02%7Caa6381%40live.mdx.ac.uk%7C3745666e868a4fd7984408dedb4b6e49%7C38e37b88a3a148cf9f056537427fed24%7C0%7C0%7C639189314224068031%7CUnknown%7CTWFpbGZsb3d8eyJFbXB0eU1hcGkiOnRydWUsIlYiOiIwLjAuMDAwMCIsIlAiOiJXaW4zMiIsIkFOIjoiTWFpbCIsIldUIjoyfQ%3D%3D%7C0%7C%7C%7C&amp;sdata=CSpF9IHm7Vd7ULddZvr9Tgp9GefO9zL1jE%2BQRDLrobk%3D&amp;reserved=0|https://mdx.jotform.com/91251389021452?|https://mdx.jotform.com/91251389021452?.|https://outlook.cloud.microsoft/9d331b77-acc2-45ab-9660-98d5f4059bb5|https://eur02.safelinks.protection.outlook.com/?url=http%3A%2F%2Fwww.mdx.ac.ae%2F&amp;data=05%7C02%7Caa6381%40live.mdx.ac.uk%7C3745666e868a4fd7984408dedb4b6e49%7C38e37b88a3a148cf9f056537427fed24%7C0%7C0%7C639189314224134153%7CUnknown%7CTWFpbGZsb3d8eyJFbXB0eU1hcGkiOnRydWUsIlYiOiIwLjAuMDAwMCIsIlAiOiJXaW4zMiIsIkFOIjoiTWFpbCIsIldUIjoyfQ%3D%3D%7C0%7C%7C%7C&amp;sdata=qJ3LsXXsNnU1irW7N51QlIG2liWPS88zpVy05417IwU%3D&amp;reserved=0|http://www.mdx.ac.ae/|http://www.mdx.ac.ae/.|https://outlook.cloud.microsoft/0d134786-f9d7-4e8d-9486-f29ae831937c|https://outlook.cloud.microsoft/60dc9445-39b2-480c-a2bd-5ad792373ab6|https://outlook.cloud.microsoft/3c9cf18c-075f-4c5f-a236-e4d7777d116e|https://outlook.cloud.microsoft/37a5f388-617c-4957-a050-0a4696c5cbe3|https://outlook.cloud.microsoft/fafdd3e0-dfa9-43a8-bb7a-70b59f268795|https://outlook.cloud.microsoft/22d92cab-7e79-45b9-910f-8d690cec4485|https://outlook.cloud.microsoft/9fa85788-2b38-43db-aa23-7cc9b5009bee|https://outlook.cloud.microsoft/4c645c16-342f-4d67-8028-b48225fba494,none,none,none,1,0,0.9454,1,0.4727
ces@mdx.ac.ae,"UPDATE: Industry Insights Visit - Hampton by Hilton Al Barsha!

Summarise this email","
Dear Student,


We’re pleased to share that registrations are still open for the Hampton by Hilton Al Barsha Industry Insights Visit, as part of the MDX Summer Skills Series 2026.

Please note that the visit date has been updated to 21st July 2026. This is a great opportunity for students interested in hospitality, tourism, and hotel management to gain real-world industry exposure and learn more about hotel operations in a professional setting.

During the visit, participants will get a behind-the-scenes look at the day-to-day operations of Hampton by Hilton Dubai Al Barsha, explore different departments, and engage with hospitality professionals to better understand career pathways within the industry.
📅 Date: 21st July 2026
⏰ Time: 1:00 PM - 2:30 PM
📍 Location: Hampton by Hilton Hotel ",https://eur02.safelinks.protection.outlook.com/?url=http%3A%2F%2Furl8148.mdx.ac.ae%2Fls%2Fclick%3Fupn%3Du001.hhduUulMZKjYD7venOe2S0Z4q6yc6tzwoja04ul3056xI77lqcRcyZ67oxctwAYKYR1nBGgeJLg7Z1ZLvwk7Kw-3D-3DbMH3_-2FnxC0uuWwXVLvv-2FPcJIdQC9bKMk-2F8uXLPNfQ2WOqhE62uDMIO2D3ccNnJNXwTffdNjdEyvnDq7VLTV7VRHmI2dM-2FFP-2FcPE3pEC7iCZEAqHGp6aemWNkOaq6Y00nnzMwInB-2FY5anxPCHqXzfvgsTzGZ-2FRPIMs5WFCkOSRGfOc2wJU5BgDDayc6y3ZcXFv50RtVZCJs6z0axnqff6pbgGnqx-2F0NXk2ChpBBUNosie13GvThxd9F7-2B73bLSmVM8xZci9UQvjw3qcGvQLEdXNbSMEN6WA4mTQ9aIn6aG1biizT4-2BGqOO2alaBDdFOTVXx8D5bwEjiB-2BtDcr5GStrM3yMndFGwLbrOKYp-2FEL1KS-2BpmK9MLwaImNXg5figBKEDLKHuZQ2mHvqmZ4JAaD7MB-2F-2F2cbLCNkMVBpQSkvU4gThNxh8mXjeLJcS9uHxd5XbVHXXErKQ7KmIh2Q5C5-2FcAQ0yVXzUuKQgdJPfPGl3aCgwhUopyJ1pPezWseM0oeecJmweOsRQwGUT1mYfn1Kn-2BNExpS84ImY1ErgMWsyTZLJix8hy-2FRAAKI83qEKxzH7uEmwiQ0G5XFwawWF0OVifdTMLia5BlGecp-2B4so3EONmvRWwDjwnxTuVw68HEen7nUUuZRKaFb2mys4BPqTgyqeb96nGLHuVfvU946GaB3DOD2yyeaGnEAMJAa3b2D87NJGaC5y9z9yqDb8jvOX-2BV5CoWYbBccad4YespWYYbo-2BlqVa9PbO-2BaC5BJGhSTiV9CC5b5kIT9YfxiEFJguGI8op4teXg8LXMLcLGUOYknwDkFK8dmYLj6HrPcO7KGB3hL8oTczymqqKxsI2f-2Fq1MPzpeouneGLWx8p57FeizriF78Y-2F4KqP-2B2dMMBgufjzgp-2BVl8JKvKbV4pQUuv2m4JL-2FkHlt32sQ-2F0v7nhdXECvMfnqMAmT3hWUJ-2FLhr7fY-2BLknqw-2BsA89y-2FYKn0tO0o1fwhP5-2FyWm7gJDTivdYaN1dOY6FWdE8iNxWLX5CLdQZyJv4JABUvZhiNHKTFROgzrz3r-2FH8OWhw-3D-3D&amp;data=05%7C02%7Caa6381%40live.mdx.ac.uk%7Caa1f9b6c3ea94176947f08ded8c42caa%7C38e37b88a3a148cf9f056537427fed24%7C0%7C0%7C639186534235134091%7CUnknown%7CTWFpbGZsb3d8eyJFbXB0eU1hcGkiOnRydWUsIlYiOiIwLjAuMDAwMCIsIlAiOiJXaW4zMiIsIkFOIjoiTWFpbCIsIldUIjoyfQ%3D%3D%7C0%7C%7C%7C&amp;sdata=bB2XXAfqSKsbBAKkxhFCB%2Fm4GL6uzok8hpNJeGuHpuM%3D&amp;reserved=0|http://url8148.mdx.ac.ae/ls/click?upn=u001.hhduUulMZKjYD7venOe2S0Z4q6yc6tzwoja04ul3056xI77lqcRcyZ67oxctwAYKYR1nBGgeJLg7Z1ZLvwk7Kw-3D-3DbMH3_-2FnxC0uuWwXVLvv-2FPcJIdQC9bKMk-2F8uXLPNfQ2WOqhE62uDMIO2D3ccNnJNXwTffdNjdEyvnDq7VLTV7VRHmI2dM-2FFP-2FcPE3pEC7iCZEAqHGp6aemWNkOaq6Y00nnzMwInB-2FY5anxPCHqXzfvgsTzGZ-2FRPIMs5WFCkOSRGfOc2wJU5BgDDayc6y3ZcXFv50RtVZCJs6z0axnqff6pbgGnqx-2F0NXk2ChpBBUNosie13GvThxd9F7-2B73bLSmVM8xZci9UQvjw3qcGvQLEdXNbSMEN6WA4mTQ9aIn6aG1biizT4-2BGqOO2alaBDdFOTVXx8D5bwEjiB-2BtDcr5GStrM3yMndFGwLbrOKYp-2FEL1KS-2BpmK9MLwaImNXg5figBKEDLKHuZQ2mHvqmZ4JAaD7MB-2F-2F2cbLCNkMVBpQSkvU4gThNxh8mXjeLJcS9uHxd5XbVHXXErKQ7KmIh2Q5C5-2FcAQ0yVXzUuKQgdJPfPGl3aCgwhUopyJ1pPezWseM0oeecJmweOsRQwGUT1mYfn1Kn-2BNExpS84ImY1ErgMWsyTZLJix8hy-2FRAAKI83qEKxzH7uEmwiQ0G5XFwawWF0OVifdTMLia5BlGecp-2B4so3EONmvRWwDjwnxTuVw68HEen7nUUuZRKaFb2mys4BPqTgyqeb96nGLHuVfvU946GaB3DOD2yyeaGnEAMJAa3b2D87NJGaC5y9z9yqDb8jvOX-2BV5CoWYbBccad4YespWYYbo-2BlqVa9PbO-2BaC5BJGhSTiV9CC5b5kIT9YfxiEFJguGI8op4teXg8LXMLcLGUOYknwDkFK8dmYLj6HrPcO7KGB3hL8oTczymqqKxsI2f-2Fq1MPzpeouneGLWx8p57FeizriF78Y-2F4KqP-2B2dMMBgufjzgp-2BVl8JKvKbV4pQUuv2m4JL-2FkHlt32sQ-2F0v7nhdXECvMfnqMAmT3hWUJ-2FLhr7fY-2BLknqw-2BsA89y-2FYKn0tO0o1fwhP5-2FyWm7gJDTivdYaN1dOY6FWdE8iNxWLX5CLdQZyJv4JABUvZhiNHKTFROgzrz3r-2FH8OWhw-3D-3D|http://url8148.mdx.ac.ae/ls/click?upn=u001.hhduUulMZKjYD7venOe2S0Z4q6yc6tzwoja04ul3056xI77lqcRcyZ67oxctwAYKYR1nBGgeJLg7Z1ZLvwk7Kw-3D-3DbMH3_-2FnxC0uuWwXVLvv-2FPcJIdQC9bKMk-2F8uXLPNfQ2WOqhE62uDMIO2D3ccNnJNXwTffdNjdEyvnDq7VLTV7VRHmI2dM-2FFP-2FcPE3pEC7iCZEAqHGp6aemWNkOaq6Y00nnzMwInB-2FY5anxPCHqXzfvgsTzGZ-2FRPIMs5WFCkOSRGfOc2wJU5BgDDayc6y3ZcXFv50RtVZCJs6z0axnqff6pbgGnqx-2F0NXk2ChpBBUNosie13GvThxd9F7-2B73bLSmVM8xZci9UQvjw3qcGvQLEdXNbSMEN6WA4mTQ9aIn6aG1biizT4-2BGqOO2alaBDdFOTVXx8D5bwEjiB-2BtDcr5GStrM3yMndFGwLbrOKYp-2FEL1KS-2BpmK9MLwaImNXg5figBKEDLKHuZQ2mHvqmZ4JAaD7MB-2F-2F2cbLCNkMVBpQSkvU4gThNxh8mXjeLJcS9uHxd5XbVHXXErKQ7KmIh2Q5C5-2FcAQ0yVXzUuKQgdJPfPGl3aCgwhUopyJ1pPezWseM0oeecJmweOsRQwGUT1mYfn1Kn-2BNExpS84ImY1ErgMWsyTZLJix8hy-2FRAAKI83qEKxzH7uEmwiQ0G5XFwawWF0OVifdTMLia5BlGecp-2B4so3EONmvRWwDjwnxTuVw68HEen7nUUuZRKaFb2mys4BPqTgyqeb96nGLHuVfvU946GaB3DOD2yyeaGnEAMJAa3b2D87NJGaC5y9z9yqDb8jvOX-2BV5CoWYbBccad4YespWYYbo-2BlqVa9PbO-2BaC5BJGhSTiV9CC5b5kIT9YfxiEFJguGI8op4teXg8LXMLcLGUOYknwDkFK8dmYLj6HrPcO7KGB3hL8oTczymqqKxsI2f-2Fq1MPzpeouneGLWx8p57FeizriF78Y-2F4KqP-2B2dMMBgufjzgp-2BVl8JKvKbV4pQUuv2m4JL-2FkHlt32sQ-2F0v7nhdXECvMfnqMAmT3hWUJ-2FLhr7fY-2BLknqw-2BsA89y-2FYKn0tO0o1fwhP5-2FyWm7gJDTivdYaN1dOY6FWdE8iNxWLX5CLdQZyJv4JABUvZhiNHKTFROgzrz3r-2FH8OWhw-3D-3D.|https://eur02.safelinks.protection.outlook.com/?url=http%3A%2F%2Furl8148.mdx.ac.ae%2Fwf%2Funsubscribe%3Fupn%3Du001.G5oppK3eC1WFntLY75qU6008sXDEyAqeOxYWQZzjV4trHR13GA1mN0b5rp7AfwsklW4dfsTvRxJJVJLDSGODdX6n-2Fznf6ASTEocecn0phdEzp9NZEX-2FRG0BFSV2mdzoNYMqWyFV4zwMIuUjO-2BofWNMIS48D2pZU3qiBnrLK-2F-2BA6yM-2B569LfC8OrsfW1g1Yu94zjlGGA8-2FiFanH9SbqJojsAvqSC2VAm1lShrF8RGJRNMe3O0JubC4Jx0kqTH4pg7NcijVoIIKm1e60gdrSHyDykUvCRWF8J3KAHd3sZcCxbsjkgCKQHQleC6KwkLkNzHqBdDxQeChm69bO8FdlLOaRU-2FWqHT-2Bz52HEpBFI5lMdU8vTflFy6-2FBlaIwUIBiG-2FvGPF9C2rXFE8reNxKQJuO5cLCIqWWnD1lpJk5EWJQ0ReKfNHu-2F7sEnulDUU94zWZmrBFCoXUwv-2BeR-2Fh7Bi8ibhWMwvef4PMsHNuGmqhimWokyr1-2BCPUTRarDnmwhlZ39upwTHvMM38lQcqInsfEUXy4MBnO29DaQoZFc9y3HhoTZyyC-2BZbaFxNFkeBDYsCRQAH7j2BnP-2FB8tOU9-2Fsa1HPEIDjsdxPqn1xJKJkK1e9bKG-2F-2BgnwEE1AG1eZoGPEm5kemTcUNQUv2ljXje-2Bev1aJEK0RP9bpOVQspzy8B2ehDai1YMFQpsUxzMWvesr-2F3cNrFPFp9EA8cxextyZ7V68mXHWxoLxOrxOy7g6HIO2YNdrtH-2BrQqrOEBM-2FHZzSel07CwCpt-2BN4B79aVYe-2FmfEJSIu2NZK5SHUYEUVEEwNStWWiptmUzGd9MJwYtb0lN-2Bc41xikn60jJs4bo5CoHZZIJ-2FAVjwjuVrfBEaAHNZ6ez93I2HL2-2FxakXWuvvPge7wa-2BxiHqx8VIkRFvTa4xUeGWuaAFd5kQuCQWKe2sC2-2BX9HBSAv-2BHi1BTElqO4-2B-2BzNUsnYYL1t5zgs7-2BUCbJVCV5lH7m5XkE64qwXl8SGl0iu7pCj75AQCaHhJephsgzT-2Byu3Y1Y2Ykrd7jrJ2d2MJqnqwh78GbXgYRymW-2BAXgXlAe4gs-3D&amp;data=05%7C02%7Caa6381%40live.mdx.ac.uk%7Caa1f9b6c3ea94176947f08ded8c42caa%7C38e37b88a3a148cf9f056537427fed24%7C0%7C0%7C639186534235163054%7CUnknown%7CTWFpbGZsb3d8eyJFbXB0eU1hcGkiOnRydWUsIlYiOiIwLjAuMDAwMCIsIlAiOiJXaW4zMiIsIkFOIjoiTWFpbCIsIldUIjoyfQ%3D%3D%7C0%7C%7C%7C&amp;sdata=Mz%2B10PPWefpJT6%2FZbJaA6mL7eNTeiLXGnmqZkgtD8I0%3D&amp;reserved=0|http://url8148.mdx.ac.ae/wf/unsubscribe?upn=u001.G5oppK3eC1WFntLY75qU6008sXDEyAqeOxYWQZzjV4trHR13GA1mN0b5rp7AfwsklW4dfsTvRxJJVJLDSGODdX6n-2Fznf6ASTEocecn0phdEzp9NZEX-2FRG0BFSV2mdzoNYMqWyFV4zwMIuUjO-2BofWNMIS48D2pZU3qiBnrLK-2F-2BA6yM-2B569LfC8OrsfW1g1Yu94zjlGGA8-2FiFanH9SbqJojsAvqSC2VAm1lShrF8RGJRNMe3O0JubC4Jx0kqTH4pg7NcijVoIIKm1e60gdrSHyDykUvCRWF8J3KAHd3sZcCxbsjkgCKQHQleC6KwkLkNzHqBdDxQeChm69bO8FdlLOaRU-2FWqHT-2Bz52HEpBFI5lMdU8vTflFy6-2FBlaIwUIBiG-2FvGPF9C2rXFE8reNxKQJuO5cLCIqWWnD1lpJk5EWJQ0ReKfNHu-2F7sEnulDUU94zWZmrBFCoXUwv-2BeR-2Fh7Bi8ibhWMwvef4PMsHNuGmqhimWokyr1-2BCPUTRarDnmwhlZ39upwTHvMM38lQcqInsfEUXy4MBnO29DaQoZFc9y3HhoTZyyC-2BZbaFxNFkeBDYsCRQAH7j2BnP-2FB8tOU9-2Fsa1HPEIDjsdxPqn1xJKJkK1e9bKG-2F-2BgnwEE1AG1eZoGPEm5kemTcUNQUv2ljXje-2Bev1aJEK0RP9bpOVQspzy8B2ehDai1YMFQpsUxzMWvesr-2F3cNrFPFp9EA8cxextyZ7V68mXHWxoLxOrxOy7g6HIO2YNdrtH-2BrQqrOEBM-2FHZzSel07CwCpt-2BN4B79aVYe-2FmfEJSIu2NZK5SHUYEUVEEwNStWWiptmUzGd9MJwYtb0lN-2Bc41xikn60jJs4bo5CoHZZIJ-2FAVjwjuVrfBEaAHNZ6ez93I2HL2-2FxakXWuvvPge7wa-2BxiHqx8VIkRFvTa4xUeGWuaAFd5kQuCQWKe2sC2-2BX9HBSAv-2BHi1BTElqO4-2B-2BzNUsnYYL1t5zgs7-2BUCbJVCV5lH7m5XkE64qwXl8SGl0iu7pCj75AQCaHhJephsgzT-2Byu3Y1Y2Ykrd7jrJ2d2MJqnqwh78GbXgYRymW-2BAXgXlAe4gs-3D|http://url8148.mdx.ac.ae/wf/unsubscribe?upn=u001.G5oppK3eC1WFntLY75qU6008sXDEyAqeOxYWQZzjV4trHR13GA1mN0b5rp7AfwsklW4dfsTvRxJJVJLDSGODdX6n-2Fznf6ASTEocecn0phdEzp9NZEX-2FRG0BFSV2mdzoNYMqWyFV4zwMIuUjO-2BofWNMIS48D2pZU3qiBnrLK-2F-2BA6yM-2B569LfC8OrsfW1g1Yu94zjlGGA8-2FiFanH9SbqJojsAvqSC2VAm1lShrF8RGJRNMe3O0JubC4Jx0kqTH4pg7NcijVoIIKm1e60gdrSHyDykUvCRWF8J3KAHd3sZcCxbsjkgCKQHQleC6KwkLkNzHqBdDxQeChm69bO8FdlLOaRU-2FWqHT-2Bz52HEpBFI5lMdU8vTflFy6-2FBlaIwUIBiG-2FvGPF9C2rXFE8reNxKQJuO5cLCIqWWnD1lpJk5EWJQ0ReKfNHu-2F7sEnulDUU94zWZmrBFCoXUwv-2BeR-2Fh7Bi8ibhWMwvef4PMsHNuGmqhimWokyr1-2BCPUTRarDnmwhlZ39upwTHvMM38lQcqInsfEUXy4MBnO29DaQoZFc9y3HhoTZyyC-2BZbaFxNFkeBDYsCRQAH7j2BnP-2FB8tOU9-2Fsa1HPEIDjsdxPqn1xJKJkK1e9bKG-2F-2BgnwEE1AG1eZoGPEm5kemTcUNQUv2ljXje-2Bev1aJEK0RP9bpOVQspzy8B2ehDai1YMFQpsUxzMWvesr-2F3cNrFPFp9EA8cxextyZ7V68mXHWxoLxOrxOy7g6HIO2YNdrtH-2BrQqrOEBM-2FHZzSel07CwCpt-2BN4B79aVYe-2FmfEJSIu2NZK5SHUYEUVEEwNStWWiptmUzGd9MJwYtb0lN-2Bc41xikn60jJs4bo5CoHZZIJ-2FAVjwjuVrfBEaAHNZ6ez93I2HL2-2FxakXWuvvPge7wa-2BxiHqx8VIkRFvTa4xUeGWuaAFd5kQuCQWKe2sC2-2BX9HBSAv-2BHi1BTElqO4-2B-2BzNUsnYYL1t5zgs7-2BUCbJVCV5lH7m5XkE64qwXl8SGl0iu7pCj75AQCaHhJephsgzT-2Byu3Y1Y2Ykrd7jrJ2d2MJqnqwh78GbXgYRymW-2BAXgXlAe4gs-3D.,none,none,none,0,0,0.349,0,0.1745
M.Ali@mdx.ac.ae,"Parking Reminder

Summarise this email","Dear Student,

We hope you are doing well.
As the academic year has now concluded, we kindly request that you return your parking card to the Visa Office between 8:00 AM and 5:00 PM at your earliest convenience.
If you are unable to visit during these hours, you may hand the parking card to our security staff member, Mr. Zubair. Please contact him in advance at 050 106 9615 to arrange the handover.
If you are enrolled for the next academic year and wish to continue using the same parking card, please reply to this email and inform us before the end of August.
Please note that if we do not receive your response by the end of August and the parking card is not returned, your parking subscription will be cancelled, and the cost of the parking card will be deducted from the security deposit yo",https://outlook.cloud.microsoft/2ac7e0b4-341d-4a88-a882-5135bd462f12|https://eur02.safelinks.protection.outlook.com/?url=http%3A%2F%2Fwww.mdx.ac.ae%2F&amp;data=05%7C02%7Caa6381%40live.mdx.ac.uk%7C45751bf59c99441648f908ded5a80ca3%7C38e37b88a3a148cf9f056537427fed24%7C0%7C0%7C639183114960002332%7CUnknown%7CTWFpbGZsb3d8eyJFbXB0eU1hcGkiOnRydWUsIlYiOiIwLjAuMDAwMCIsIlAiOiJXaW4zMiIsIkFOIjoiTWFpbCIsIldUIjoyfQ%3D%3D%7C0%7C%7C%7C&amp;sdata=0DfknrRaM7zAjAWyWfQm0RUArmlJnbe5PPzkzlZqBng%3D&amp;reserved=0|http://www.mdx.ac.ae/|http://www.mdx.ac.ae/.|https://outlook.cloud.microsoft/29769513-be53-4270-981c-7c2e4400beae|https://outlook.cloud.microsoft/6d91c71f-14e0-4dc5-8c24-d0f62f977d9a|https://outlook.cloud.microsoft/3e4af9d1-f6e3-4856-909f-f6d9e9c8bb22|https://outlook.cloud.microsoft/5c893fe5-3e67-45bc-853e-320527a0b149|https://outlook.cloud.microsoft/867eeb35-fc96-41ab-b77f-e6e883339299|https://outlook.cloud.microsoft/b11fdfb1-a7a5-45fd-8787-3b04f498ed38|https://outlook.cloud.microsoft/aa843b3d-32d1-4840-a7c9-e4c25b836780|https://outlook.cloud.microsoft/94ca0cfe-bc83-47cc-b381-027521165e6c,none,none,none,0,0,0.5862,1,0.2931
oir@mdx.ac.ae,"SVL Certificate 2025-2026

Summarise this email","Dear Amritha Anand,


Thank you for actively taking part in the Programme Voice Group Meetings in your capacity as a student voice leader for your cohort.
Your certificate is attached.



Best regards,

Office of Institutional Research
e.oir@mdx.ac.ae

 

t. +971 (0)4 367 1930  w. www.mdx.ac.ae

a. Dubai Knowledge Park, Blocks 15, 16, 17 & 19

    Dubai International Academic City, Block 10, Floor 5

      

Dubai  |  London  |  Mauritius",https://outlook.cloud.microsoft/cb17c9f7-de98-4b87-90ce-b5e55fab734f|https://eur02.safelinks.protection.outlook.com/?url=http%3A%2F%2Fwww.mdx.ac.ae%2F&amp;data=05%7C02%7CAA6381%40live.mdx.ac.uk%7Cb427bb9377b64e15042108decc74c6cd%7C38e37b88a3a148cf9f056537427fed24%7C0%7C0%7C639172999578675252%7CUnknown%7CTWFpbGZsb3d8eyJFbXB0eU1hcGkiOnRydWUsIlYiOiIwLjAuMDAwMCIsIlAiOiJXaW4zMiIsIkFOIjoiTWFpbCIsIldUIjoyfQ%3D%3D%7C0%7C%7C%7C&amp;sdata=U5DekVyO4BFXzYlRtd2wi0%2BnundFEp8HJ9XwF7Cs0VQ%3D&amp;reserved=0|http://www.mdx.ac.ae/|http://www.mdx.ac.ae/.|https://outlook.cloud.microsoft/249fd9a4-4903-4a08-9ddc-db75c1422c21|https://outlook.cloud.microsoft/dae7cded-8a40-455f-9f3f-7bb6beaf17eb|https://outlook.cloud.microsoft/0a94dcd0-e732-4f3b-9693-b1cd16217036|https://outlook.cloud.microsoft/ba5078a9-b7f0-40fb-ab2b-786705d10146|https://outlook.cloud.microsoft/e2c4ebfe-c57e-402b-9526-fbd5fabbe8e7|https://outlook.cloud.microsoft/c234e00b-68b8-4c14-a96f-cf1655614f67|https://outlook.cloud.microsoft/ea9adde2-061f-4c06-a0cd-5849d25e4b9f|https://outlook.cloud.microsoft/97ebda8a-c8e6-434e-b480-67f1a5f34e9b,none,none,none,0,0,0.5982,1,0.2991
ces@mdx.ac.ae,"🚀 Unlock Real Industry Exposure with Derby Group!

Summarise this email","
Dear Student,

As part of the MDX Summer Skills Series 2026, Careers and Employability Services is pleased to offer students the opportunity to participate in a series of industry visits with Derby Group, a leading UAE business group operating across multiple sectors.

These visits will provide valuable exposure to different industries, allowing students to gain insights into business operations, workplace environments, career pathways, and industry trends directly from professionals in the field.
The available industry areas include:

• HR, Recruitment & Workforce Solutions
• Contact Centre, Customer Experience & Business Operations
• Banking, Financial Services & Sales
• Consumer Services, Healthcare, Home Finance & Lifestyle Services
Express your interest here!
Please note:

• Registr",https://eur02.safelinks.protection.outlook.com/?url=http%3A%2F%2Furl8148.mdx.ac.ae%2Fls%2Fclick%3Fupn%3Du001.hhduUulMZKjYD7venOe2S0Z4q6yc6tzwoja04ul3054NiRhboUgjfPEq4Lf6-2B6pgmT5zmunr7010Cv3hG-2F7aKQ-3D-3DNozi_-2FnxC0uuWwXVLvv-2FPcJIdQC9bKMk-2F8uXLPNfQ2WOqhE62uDMIO2D3ccNnJNXwTffdNjdEyvnDq7VLTV7VRHmI2dM-2FFP-2FcPE3pEC7iCZEAqHGp6aemWNkOaq6Y00nnzMwInB-2FY5anxPCHqXzfvgsTzGWUKidGg9-2BOGH3Yj-2FwgOEPUrniUa1avW0B4noMzn3f6SKUe1f-2Few6M1PhE5UeboGudvbCpcsVoUwba9c8KwXuz6bx4ReBIlGemDZat7rqAsKts6BplvtkPu0m6rUo7js1B3HzKsgOf8YItMlLX3-2FoEVX9S4045eIJJhQHPwIFBqysz4wkddjwweJ0ZlrgkQW-2FftwqblNFdYzg-2B3HH1uWs-2FHlOMwDwTjAGOAG0BaOESviuSarKdsGhXRZgDD-2FRL2YDmABAONZVSMnkS9ZUcHybx2r5baYlPR-2BydomVv9C6b-2FzViw3aKs83P0MQwGEs5S0XOKEuEO-2Fg9B5y0nnnBcg6bxh-2BEOu4TkDz5UDXHrzJO2g-2B-2Bc3XL4ruq6KA2sSRjNeK2AUs3I6Viss9kOuNSJ2cf4BU7nrEqQYZxh5xhXdSKStSc-2BbK9hq-2F1aYVYvy1CC7QQgy7YkL3DQGeeyVdJLrHSvBf3VaOlHvft7RyEcjRNCw7i-2FHblgqqTkrnhW9vmxOU2kgbM6FNcvEE7lnIr9IG5mqp474oEpbbakqAaRy-2BxE5ODPQqIFm-2FiGHuj0flHlu3sVMtDNKYiz2LmQ-2FYah7YS9gKhSXYL-2B-2Bj-2F4pt3sjBi9QUXcd7VN-2FR1DqpmESzdwHZ55G-2BLZsk6zOK-2Bpd6ypHbxAreZUXtatynhO9KHjXiqYGaFFg0fEuRLgOrGGRcEeV1irtVf2qQXv-2FnBx0enJTzuRy9LDg6iCu2w4eboZhWrY4dyauBGMoaa-2Fi8uXK-2FxrZTySUxQtcKvDuQFr-2F7jGeQcoSMe42hPF7oxVTM9xep9WwNGjfZHynJ8q-2FhJMML6M9aMKgHdpcBp2898zfvMHsgcKBmJTh4AJ-2BNAEYrveGCk3n&amp;data=05%7C02%7Caa6381%40live.mdx.ac.uk%7C9eb6caaf564c41d1fc5408dec6f4692a%7C38e37b88a3a148cf9f056537427fed24%7C0%7C0%7C639166950200784431%7CUnknown%7CTWFpbGZsb3d8eyJFbXB0eU1hcGkiOnRydWUsIlYiOiIwLjAuMDAwMCIsIlAiOiJXaW4zMiIsIkFOIjoiTWFpbCIsIldUIjoyfQ%3D%3D%7C0%7C%7C%7C&amp;sdata=ukYBqSSRs1vMXm2VyfwDnVWQjA0ICMBeA0HOq0A3ZUQ%3D&amp;reserved=0|http://url8148.mdx.ac.ae/ls/click?upn=u001.hhduUulMZKjYD7venOe2S0Z4q6yc6tzwoja04ul3054NiRhboUgjfPEq4Lf6-2B6pgmT5zmunr7010Cv3hG-2F7aKQ-3D-3DNozi_-2FnxC0uuWwXVLvv-2FPcJIdQC9bKMk-2F8uXLPNfQ2WOqhE62uDMIO2D3ccNnJNXwTffdNjdEyvnDq7VLTV7VRHmI2dM-2FFP-2FcPE3pEC7iCZEAqHGp6aemWNkOaq6Y00nnzMwInB-2FY5anxPCHqXzfvgsTzGWUKidGg9-2BOGH3Yj-2FwgOEPUrniUa1avW0B4noMzn3f6SKUe1f-2Few6M1PhE5UeboGudvbCpcsVoUwba9c8KwXuz6bx4ReBIlGemDZat7rqAsKts6BplvtkPu0m6rUo7js1B3HzKsgOf8YItMlLX3-2FoEVX9S4045eIJJhQHPwIFBqysz4wkddjwweJ0ZlrgkQW-2FftwqblNFdYzg-2B3HH1uWs-2FHlOMwDwTjAGOAG0BaOESviuSarKdsGhXRZgDD-2FRL2YDmABAONZVSMnkS9ZUcHybx2r5baYlPR-2BydomVv9C6b-2FzViw3aKs83P0MQwGEs5S0XOKEuEO-2Fg9B5y0nnnBcg6bxh-2BEOu4TkDz5UDXHrzJO2g-2B-2Bc3XL4ruq6KA2sSRjNeK2AUs3I6Viss9kOuNSJ2cf4BU7nrEqQYZxh5xhXdSKStSc-2BbK9hq-2F1aYVYvy1CC7QQgy7YkL3DQGeeyVdJLrHSvBf3VaOlHvft7RyEcjRNCw7i-2FHblgqqTkrnhW9vmxOU2kgbM6FNcvEE7lnIr9IG5mqp474oEpbbakqAaRy-2BxE5ODPQqIFm-2FiGHuj0flHlu3sVMtDNKYiz2LmQ-2FYah7YS9gKhSXYL-2B-2Bj-2F4pt3sjBi9QUXcd7VN-2FR1DqpmESzdwHZ55G-2BLZsk6zOK-2Bpd6ypHbxAreZUXtatynhO9KHjXiqYGaFFg0fEuRLgOrGGRcEeV1irtVf2qQXv-2FnBx0enJTzuRy9LDg6iCu2w4eboZhWrY4dyauBGMoaa-2Fi8uXK-2FxrZTySUxQtcKvDuQFr-2F7jGeQcoSMe42hPF7oxVTM9xep9WwNGjfZHynJ8q-2FhJMML6M9aMKgHdpcBp2898zfvMHsgcKBmJTh4AJ-2BNAEYrveGCk3n|http://url8148.mdx.ac.ae/ls/click?upn=u001.hhduUulMZKjYD7venOe2S0Z4q6yc6tzwoja04ul3054NiRhboUgjfPEq4Lf6-2B6pgmT5zmunr7010Cv3hG-2F7aKQ-3D-3DNozi_-2FnxC0uuWwXVLvv-2FPcJIdQC9bKMk-2F8uXLPNfQ2WOqhE62uDMIO2D3ccNnJNXwTffdNjdEyvnDq7VLTV7VRHmI2dM-2FFP-2FcPE3pEC7iCZEAqHGp6aemWNkOaq6Y00nnzMwInB-2FY5anxPCHqXzfvgsTzGWUKidGg9-2BOGH3Yj-2FwgOEPUrniUa1avW0B4noMzn3f6SKUe1f-2Few6M1PhE5UeboGudvbCpcsVoUwba9c8KwXuz6bx4ReBIlGemDZat7rqAsKts6BplvtkPu0m6rUo7js1B3HzKsgOf8YItMlLX3-2FoEVX9S4045eIJJhQHPwIFBqysz4wkddjwweJ0ZlrgkQW-2FftwqblNFdYzg-2B3HH1uWs-2FHlOMwDwTjAGOAG0BaOESviuSarKdsGhXRZgDD-2FRL2YDmABAONZVSMnkS9ZUcHybx2r5baYlPR-2BydomVv9C6b-2FzViw3aKs83P0MQwGEs5S0XOKEuEO-2Fg9B5y0nnnBcg6bxh-2BEOu4TkDz5UDXHrzJO2g-2B-2Bc3XL4ruq6KA2sSRjNeK2AUs3I6Viss9kOuNSJ2cf4BU7nrEqQYZxh5xhXdSKStSc-2BbK9hq-2F1aYVYvy1CC7QQgy7YkL3DQGeeyVdJLrHSvBf3VaOlHvft7RyEcjRNCw7i-2FHblgqqTkrnhW9vmxOU2kgbM6FNcvEE7lnIr9IG5mqp474oEpbbakqAaRy-2BxE5ODPQqIFm-2FiGHuj0flHlu3sVMtDNKYiz2LmQ-2FYah7YS9gKhSXYL-2B-2Bj-2F4pt3sjBi9QUXcd7VN-2FR1DqpmESzdwHZ55G-2BLZsk6zOK-2Bpd6ypHbxAreZUXtatynhO9KHjXiqYGaFFg0fEuRLgOrGGRcEeV1irtVf2qQXv-2FnBx0enJTzuRy9LDg6iCu2w4eboZhWrY4dyauBGMoaa-2Fi8uXK-2FxrZTySUxQtcKvDuQFr-2F7jGeQcoSMe42hPF7oxVTM9xep9WwNGjfZHynJ8q-2FhJMML6M9aMKgHdpcBp2898zfvMHsgcKBmJTh4AJ-2BNAEYrveGCk3n.|https://eur02.safelinks.protection.outlook.com/?url=http%3A%2F%2Furl8148.mdx.ac.ae%2Fwf%2Funsubscribe%3Fupn%3Du001.G5oppK3eC1WFntLY75qU6008sXDEyAqeOxYWQZzjV4trHR13GA1mN0b5rp7AfwsklW4dfsTvRxJJVJLDSGODdX6n-2Fznf6ASTEocecn0phdEzp9NZEX-2FRG0BFSV2mdzoNYMqWyFV4zwMIuUjO-2BofWNDeJXQ4E7XXLL8yU7G5Bp6L0CKNGehuTj-2Bnfe-2BRtA79U4TkIJoSuHId5xQgUiZDeRXbAiHeUUSOKFX7ee-2FSMfirHgtfTQ2zdJiEGsO-2FTqEenqJUZG7HSM5jlgLm7IV4EbQu4Wpn6IP1lSGkMmf2e5WQBc6OQKk0CGe3SHcSK-2FGvA1w7dLsrlbOofU4y99kQAk8L69fm1f0Fpy4K1RgkzcdJb-2FMzBaeKPsF8dvsCn454YJhO8O3WUICpMejeBKeTNIeds6Uc-2FpW-2FWbCkLqxE20kCU6PrYJ2XdKZnwr6tx1ybazfBdS-2FxWVwvDdvPyuwG-2FJxpa-2FP8HzV0WTEZbgFdRZWIpdxm8Xnr4-2B6kqyoTZUKUIqEC-2FFHGY22derzcKILSb6J5dZJ9U5BLBY-2B-2BddBRA9-2BtLIb90nMIR6jiPt84V7ScSkTN6UN9eQlE1SEZwyxFHY2qfu7wzb2gaz7X8wRYJNUZ-2Bw2CxyBMWNquObA8fJ8vsq-2F0o7Wf-2B12i1VOBo7N8NnW48TjXYEkDYb-2FYQRhYSCse2wrmP-2FOB1yoxM4t4XKwr1bS3DH7ec18ygGbMNMYwXp5e95PQtAas5p0JFtUjKI-2BgLH4unsCZFnXF-2Fe7A-2BJbjMbRq5pUMXNMQNNJgze3c1wjAYV3zaga8H68TCPpWf6qfjs7JI5s9vj3o51J6zFEW-2BymSh-2FfFDT6AKgcXsTbgxossQebu3LWaC8XYewfwiu7-2F7BIozr2IONMvs8ivb4zWswBSacoFoXfizJZRpe75SU8RH3kB-2BRCDtL2q-2FXMXyxgre4O6z0lHV8-2FRdrnhZeEugLt5qMU3OK1BYy5E6QZD-2F9GAuTJtcIOzLG7xJweb-2BnzM2QNfN6mU3SFdYRbPEIOIpdIIr2XdFRrpsuT2ZXn4e4g-3D-3D&amp;data=05%7C02%7Caa6381%40live.mdx.ac.uk%7C9eb6caaf564c41d1fc5408dec6f4692a%7C38e37b88a3a148cf9f056537427fed24%7C0%7C0%7C639166950200850184%7CUnknown%7CTWFpbGZsb3d8eyJFbXB0eU1hcGkiOnRydWUsIlYiOiIwLjAuMDAwMCIsIlAiOiJXaW4zMiIsIkFOIjoiTWFpbCIsIldUIjoyfQ%3D%3D%7C0%7C%7C%7C&amp;sdata=5ZqQKWfRo5JIOQ%2BvnTvxN1MOdX0J2157rr0ELhogV8Q%3D&amp;reserved=0|http://url8148.mdx.ac.ae/wf/unsubscribe?upn=u001.G5oppK3eC1WFntLY75qU6008sXDEyAqeOxYWQZzjV4trHR13GA1mN0b5rp7AfwsklW4dfsTvRxJJVJLDSGODdX6n-2Fznf6ASTEocecn0phdEzp9NZEX-2FRG0BFSV2mdzoNYMqWyFV4zwMIuUjO-2BofWNDeJXQ4E7XXLL8yU7G5Bp6L0CKNGehuTj-2Bnfe-2BRtA79U4TkIJoSuHId5xQgUiZDeRXbAiHeUUSOKFX7ee-2FSMfirHgtfTQ2zdJiEGsO-2FTqEenqJUZG7HSM5jlgLm7IV4EbQu4Wpn6IP1lSGkMmf2e5WQBc6OQKk0CGe3SHcSK-2FGvA1w7dLsrlbOofU4y99kQAk8L69fm1f0Fpy4K1RgkzcdJb-2FMzBaeKPsF8dvsCn454YJhO8O3WUICpMejeBKeTNIeds6Uc-2FpW-2FWbCkLqxE20kCU6PrYJ2XdKZnwr6tx1ybazfBdS-2FxWVwvDdvPyuwG-2FJxpa-2FP8HzV0WTEZbgFdRZWIpdxm8Xnr4-2B6kqyoTZUKUIqEC-2FFHGY22derzcKILSb6J5dZJ9U5BLBY-2B-2BddBRA9-2BtLIb90nMIR6jiPt84V7ScSkTN6UN9eQlE1SEZwyxFHY2qfu7wzb2gaz7X8wRYJNUZ-2Bw2CxyBMWNquObA8fJ8vsq-2F0o7Wf-2B12i1VOBo7N8NnW48TjXYEkDYb-2FYQRhYSCse2wrmP-2FOB1yoxM4t4XKwr1bS3DH7ec18ygGbMNMYwXp5e95PQtAas5p0JFtUjKI-2BgLH4unsCZFnXF-2Fe7A-2BJbjMbRq5pUMXNMQNNJgze3c1wjAYV3zaga8H68TCPpWf6qfjs7JI5s9vj3o51J6zFEW-2BymSh-2FfFDT6AKgcXsTbgxossQebu3LWaC8XYewfwiu7-2F7BIozr2IONMvs8ivb4zWswBSacoFoXfizJZRpe75SU8RH3kB-2BRCDtL2q-2FXMXyxgre4O6z0lHV8-2FRdrnhZeEugLt5qMU3OK1BYy5E6QZD-2F9GAuTJtcIOzLG7xJweb-2BnzM2QNfN6mU3SFdYRbPEIOIpdIIr2XdFRrpsuT2ZXn4e4g-3D-3D|http://url8148.mdx.ac.ae/wf/unsubscribe?upn=u001.G5oppK3eC1WFntLY75qU6008sXDEyAqeOxYWQZzjV4trHR13GA1mN0b5rp7AfwsklW4dfsTvRxJJVJLDSGODdX6n-2Fznf6ASTEocecn0phdEzp9NZEX-2FRG0BFSV2mdzoNYMqWyFV4zwMIuUjO-2BofWNDeJXQ4E7XXLL8yU7G5Bp6L0CKNGehuTj-2Bnfe-2BRtA79U4TkIJoSuHId5xQgUiZDeRXbAiHeUUSOKFX7ee-2FSMfirHgtfTQ2zdJiEGsO-2FTqEenqJUZG7HSM5jlgLm7IV4EbQu4Wpn6IP1lSGkMmf2e5WQBc6OQKk0CGe3SHcSK-2FGvA1w7dLsrlbOofU4y99kQAk8L69fm1f0Fpy4K1RgkzcdJb-2FMzBaeKPsF8dvsCn454YJhO8O3WUICpMejeBKeTNIeds6Uc-2FpW-2FWbCkLqxE20kCU6PrYJ2XdKZnwr6tx1ybazfBdS-2FxWVwvDdvPyuwG-2FJxpa-2FP8HzV0WTEZbgFdRZWIpdxm8Xnr4-2B6kqyoTZUKUIqEC-2FFHGY22derzcKILSb6J5dZJ9U5BLBY-2B-2BddBRA9-2BtLIb90nMIR6jiPt84V7ScSkTN6UN9eQlE1SEZwyxFHY2qfu7wzb2gaz7X8wRYJNUZ-2Bw2CxyBMWNquObA8fJ8vsq-2F0o7Wf-2B12i1VOBo7N8NnW48TjXYEkDYb-2FYQRhYSCse2wrmP-2FOB1yoxM4t4XKwr1bS3DH7ec18ygGbMNMYwXp5e95PQtAas5p0JFtUjKI-2BgLH4unsCZFnXF-2Fe7A-2BJbjMbRq5pUMXNMQNNJgze3c1wjAYV3zaga8H68TCPpWf6qfjs7JI5s9vj3o51J6zFEW-2BymSh-2FfFDT6AKgcXsTbgxossQebu3LWaC8XYewfwiu7-2F7BIozr2IONMvs8ivb4zWswBSacoFoXfizJZRpe75SU8RH3kB-2BRCDtL2q-2FXMXyxgre4O6z0lHV8-2FRdrnhZeEugLt5qMU3OK1BYy5E6QZD-2F9GAuTJtcIOzLG7xJweb-2BnzM2QNfN6mU3SFdYRbPEIOIpdIIr2XdFRrpsuT2ZXn4e4g-3D-3D.,none,none,none,1,0,0.7928,1,0.3964
From: Campus Central | Middlesex University Dubai,"🎯 Level Up: Understanding Your Grades & Academic Progression

Summarise this email","

🎯 Level Up: Your Grades & Progression Are Coming! 
👉 Register now! https://mdx.jotform.com/260953582007862 
📢 Results Release Date: 15th June

💻 Online Sessions: 11th - 12th June (Thursday and Friday)
🕒 Time: 12:00 PM & 3:00 PM (UAE time)


💡 Why You Should Attend:
Understand what your grades mean for your academic journey
Ask questions and get clarity on your next steps
👥 Who Should Attend?
All students receiving their grades on 15th June


Regards, 
Campus Central

Unsubscribe - Unsubscribe Preferences",https://outlook.cloud.microsoft/b2fcaf46-8762-44f1-b474-17692181da74|http://cdn.mcauto-images-production.sendgrid.net/75e0f36a9fe61ed5/b1beef39-14fd-4caf-9897-6fc91fd07849/1080x506.png|https://eur02.safelinks.protection.outlook.com/?url=http%3A%2F%2Furl7229.mdx.ac.ae%2Fls%2Fclick%3Fupn%3Du001.mxCP4ksaq32wzzfct4Lv3kZmlByjsWU9WqIYSLOGZbhW-2FVV-2FCfiFYsWEiaHyUFLxq26TJsscoR4WWVbCC4-2FOfQ-3D-3D98Sl_-2FnxC0uuWwXVLvv-2FPcJIdQC9bKMk-2F8uXLPNfQ2WOqhE62uDMIO2D3ccNnJNXwTffdNjdEyvnDq7VLTV7VRHmI2dM-2FFP-2FcPE3pEC7iCZEAqHGp6aemWNkOaq6Y00nnzMwInB-2FY5anxPCHqXzfvgsTzGWUKidGg9-2BOGH3Yj-2FwgOEPUNFn9x72zVEpVry6vdOWjPza6YNJt2jiaSenvdNV-2BZUaC52BiFHJzK-2FPrvKOjTZogS5KS-2BfKoArHZ-2BVIPy9vbqYW8x1bs0p78ijfbIX63DESL8-2FK5K9-2FwggPw9IPv8WnSSjvBJ8tN603fsEjW7inz-2FID7h9xrdpiuyRcKEScKLaI00ik12-2BnwfsYfoYALaEWqX-2FoAXvnSPESunZF8FhFgzHvQwAkNNpVsrVh-2Fpgvr99W1QXxI6VeBCVo-2BgD2tvOvbF-2FFWMrzxUixwt-2BQKCTBhj2t1qXg2KDZUQHo2r0y3XaIpA49AoEKEH5W0-2FHrzY5gphQEjLqGf6BIYB-2B-2B8CQcU-2FhyjF5ddO9nyIEteK8BvmBmytJ44N73J2WgjPdOqXBuY3lYg9WcM-2BkYDRzHnKvYUFOyUzDkeeNbf-2B-2FGzhNnLvB5Ecb0MNR0oVmEZjEUi3KwQEjsRQ97PQoekTLhGOo1IuZlkuGVJynWT-2FeRabdx9RSizBTvIoemuQ76SFdKfGQuvwPGAYbIWARrf3VgteFwCRE-2B7sNt8s3nOOmgY05cPCLmy9RgOhbon-2FxxtQKO6Zq7lIwaxGY2p9amcLgfLKmLhIGyLJ1-2BvBQMN5ytHw8Sjxf9v7s9CG2ohPtgoQ-2FDTu3CsvYgO8N3pQTLqPzMIkedCNf0Ez0mc5lLDsJ9RW3bc4DlA-2FMjfUqKUL5fingfPGgQJkod50HUmUc9QQHiuHnkq7Vk8gaQ3ZFsb07ViOuKv9yQ-3D-3D&amp;data=05%7C02%7Caa6381%40live.mdx.ac.uk%7C7d72094ea8b84b5589b808dec6f256c2%7C38e37b88a3a148cf9f056537427fed24%7C0%7C0%7C639166941299022324%7CUnknown%7CTWFpbGZsb3d8eyJFbXB0eU1hcGkiOnRydWUsIlYiOiIwLjAuMDAwMCIsIlAiOiJXaW4zMiIsIkFOIjoiTWFpbCIsIldUIjoyfQ%3D%3D%7C0%7C%7C%7C&amp;sdata=jQP0n5%2FlS9yOkN5WzTgxAv4pWRv85LREaCWxy0So0W0%3D&amp;reserved=0|http://url7229.mdx.ac.ae/ls/click?upn=u001.mxCP4ksaq32wzzfct4Lv3kZmlByjsWU9WqIYSLOGZbhW-2FVV-2FCfiFYsWEiaHyUFLxq26TJsscoR4WWVbCC4-2FOfQ-3D-3D98Sl_-2FnxC0uuWwXVLvv-2FPcJIdQC9bKMk-2F8uXLPNfQ2WOqhE62uDMIO2D3ccNnJNXwTffdNjdEyvnDq7VLTV7VRHmI2dM-2FFP-2FcPE3pEC7iCZEAqHGp6aemWNkOaq6Y00nnzMwInB-2FY5anxPCHqXzfvgsTzGWUKidGg9-2BOGH3Yj-2FwgOEPUNFn9x72zVEpVry6vdOWjPza6YNJt2jiaSenvdNV-2BZUaC52BiFHJzK-2FPrvKOjTZogS5KS-2BfKoArHZ-2BVIPy9vbqYW8x1bs0p78ijfbIX63DESL8-2FK5K9-2FwggPw9IPv8WnSSjvBJ8tN603fsEjW7inz-2FID7h9xrdpiuyRcKEScKLaI00ik12-2BnwfsYfoYALaEWqX-2FoAXvnSPESunZF8FhFgzHvQwAkNNpVsrVh-2Fpgvr99W1QXxI6VeBCVo-2BgD2tvOvbF-2FFWMrzxUixwt-2BQKCTBhj2t1qXg2KDZUQHo2r0y3XaIpA49AoEKEH5W0-2FHrzY5gphQEjLqGf6BIYB-2B-2B8CQcU-2FhyjF5ddO9nyIEteK8BvmBmytJ44N73J2WgjPdOqXBuY3lYg9WcM-2BkYDRzHnKvYUFOyUzDkeeNbf-2B-2FGzhNnLvB5Ecb0MNR0oVmEZjEUi3KwQEjsRQ97PQoekTLhGOo1IuZlkuGVJynWT-2FeRabdx9RSizBTvIoemuQ76SFdKfGQuvwPGAYbIWARrf3VgteFwCRE-2B7sNt8s3nOOmgY05cPCLmy9RgOhbon-2FxxtQKO6Zq7lIwaxGY2p9amcLgfLKmLhIGyLJ1-2BvBQMN5ytHw8Sjxf9v7s9CG2ohPtgoQ-2FDTu3CsvYgO8N3pQTLqPzMIkedCNf0Ez0mc5lLDsJ9RW3bc4DlA-2FMjfUqKUL5fingfPGgQJkod50HUmUc9QQHiuHnkq7Vk8gaQ3ZFsb07ViOuKv9yQ-3D-3D|http://url7229.mdx.ac.ae/ls/click?upn=u001.mxCP4ksaq32wzzfct4Lv3kZmlByjsWU9WqIYSLOGZbhW-2FVV-2FCfiFYsWEiaHyUFLxq26TJsscoR4WWVbCC4-2FOfQ-3D-3D98Sl_-2FnxC0uuWwXVLvv-2FPcJIdQC9bKMk-2F8uXLPNfQ2WOqhE62uDMIO2D3ccNnJNXwTffdNjdEyvnDq7VLTV7VRHmI2dM-2FFP-2FcPE3pEC7iCZEAqHGp6aemWNkOaq6Y00nnzMwInB-2FY5anxPCHqXzfvgsTzGWUKidGg9-2BOGH3Yj-2FwgOEPUNFn9x72zVEpVry6vdOWjPza6YNJt2jiaSenvdNV-2BZUaC52BiFHJzK-2FPrvKOjTZogS5KS-2BfKoArHZ-2BVIPy9vbqYW8x1bs0p78ijfbIX63DESL8-2FK5K9-2FwggPw9IPv8WnSSjvBJ8tN603fsEjW7inz-2FID7h9xrdpiuyRcKEScKLaI00ik12-2BnwfsYfoYALaEWqX-2FoAXvnSPESunZF8FhFgzHvQwAkNNpVsrVh-2Fpgvr99W1QXxI6VeBCVo-2BgD2tvOvbF-2FFWMrzxUixwt-2BQKCTBhj2t1qXg2KDZUQHo2r0y3XaIpA49AoEKEH5W0-2FHrzY5gphQEjLqGf6BIYB-2B-2B8CQcU-2FhyjF5ddO9nyIEteK8BvmBmytJ44N73J2WgjPdOqXBuY3lYg9WcM-2BkYDRzHnKvYUFOyUzDkeeNbf-2B-2FGzhNnLvB5Ecb0MNR0oVmEZjEUi3KwQEjsRQ97PQoekTLhGOo1IuZlkuGVJynWT-2FeRabdx9RSizBTvIoemuQ76SFdKfGQuvwPGAYbIWARrf3VgteFwCRE-2B7sNt8s3nOOmgY05cPCLmy9RgOhbon-2FxxtQKO6Zq7lIwaxGY2p9amcLgfLKmLhIGyLJ1-2BvBQMN5ytHw8Sjxf9v7s9CG2ohPtgoQ-2FDTu3CsvYgO8N3pQTLqPzMIkedCNf0Ez0mc5lLDsJ9RW3bc4DlA-2FMjfUqKUL5fingfPGgQJkod50HUmUc9QQHiuHnkq7Vk8gaQ3ZFsb07ViOuKv9yQ-3D-3D.|https://mdx.jotform.com/260953582007862|https://eur02.safelinks.protection.outlook.com/?url=http%3A%2F%2Furl7229.mdx.ac.ae%2Fasm%2Funsubscribe%2F%3Fuser_id%3D50228955%26data%3DtD62QU3_-S3QBrx7LSFwjTXTYq3_YAVhlYZ5NBVv_oRoMDAwdTAwMBvab0y-EcJwMPxoPml663JrbLrfJDyVSCiHAqu7MieGekN6cr44lr0_XaUu9UlKJno9AqgwToy1JZZPxe4bSK9yY2--jeOArSKotQyh9dYnK31MXivRYPwIEjAb_Zv-TDskvy-TkELKx-U6NPhu0vYVGTZ73xf3md9IgCgPoyaqNUIWShiSjV0AfHdxvQl5yQjUj5rQd1OL5XXXnvb5_yEyQqDabMubRXN7QG83X8TLRLBU9QpNa1jaFUxEuxU7X8OQxrxbWVa72naSg_SOIB3sbjx4iD7qfeqZC8Xd1zP1vrjxoWrDzCWtvf7LzJIIB1VwrdYny_MkIden-BlJXXVJ3aBElGNb2Fm2ia1Px_VgnVX81AlgjkeoLARrvtuUTThusZW5Kgoc6d0IloLXYgBJtcT58zYxCD5QVUvk8KraOq9WpfF3rXZvXHcxbV1W8oFn-8KKBk0f-DbF0tu7wXQlGMCQRzcDBQL6HO_XJnK54s2aSQmfpNHjoTraHEzS62_6FZ6HycjUdnKB_dNw-IZ-n3J7fXlUAO2euGPffiM9bcJpLJoQP4Q4Hs0RKS9Z_FPeQTJBmKf-2qkRkrzD-EcZL9ciGwLwYm0VeNRAKHGBofutpaD-lHvT-bzUt6BGx7kMRJecj_DkPPovjeRxc17qD_IZX8kojoO1X0-PjrxNVqIeCvsKqlTGW4EeiD_UrZvl2yPy-pFsPBrCaK2Hequw9-QDU8bxAcducUQ8xSeiwBoyqavQ-FvqeKLGg0fDFitXTLI7wuNPFsAMiHEfmpr2hLG-ANM1jiT_m_cwzBRdjFfO-z-Iy9UnsOaLfY1J48uDwmACAYS_e__ZhmoPIVuI14I0ViivK1YyRWRwZfPJNuQlKH_e8fKCEZmcMhUw1-sJCLKDaTErf31H5znU3UsrCKCCPNXYGFCJgvDWXHo2ijNI-HGw_alLd7eu63OJ49z__McfF4rOnccK3FxuS7Dhsy15ajBNglOUJ00ebxQfDWSIuzJT4i5UZywTjOyQJ8Zs6ev8u98zFA3ahUbno-9-JVtRbZXEeZwkffBP7i1C&amp;data=05%7C02%7Caa6381%40live.mdx.ac.uk%7C7d72094ea8b84b5589b808dec6f256c2%7C38e37b88a3a148cf9f056537427fed24%7C0%7C0%7C639166941299068806%7CUnknown%7CTWFpbGZsb3d8eyJFbXB0eU1hcGkiOnRydWUsIlYiOiIwLjAuMDAwMCIsIlAiOiJXaW4zMiIsIkFOIjoiTWFpbCIsIldUIjoyfQ%3D%3D%7C0%7C%7C%7C&amp;sdata=6ufV%2FeC5A1eRTgptRekzaO9Kf%2F2QeQcHTCQZ4VTh2uA%3D&amp;reserved=0|http://url7229.mdx.ac.ae/asm/unsubscribe/?user_id=50228955&amp;data=tD62QU3_-S3QBrx7LSFwjTXTYq3_YAVhlYZ5NBVv_oRoMDAwdTAwMBvab0y-EcJwMPxoPml663JrbLrfJDyVSCiHAqu7MieGekN6cr44lr0_XaUu9UlKJno9AqgwToy1JZZPxe4bSK9yY2--jeOArSKotQyh9dYnK31MXivRYPwIEjAb_Zv-TDskvy-TkELKx-U6NPhu0vYVGTZ73xf3md9IgCgPoyaqNUIWShiSjV0AfHdxvQl5yQjUj5rQd1OL5XXXnvb5_yEyQqDabMubRXN7QG83X8TLRLBU9QpNa1jaFUxEuxU7X8OQxrxbWVa72naSg_SOIB3sbjx4iD7qfeqZC8Xd1zP1vrjxoWrDzCWtvf7LzJIIB1VwrdYny_MkIden-BlJXXVJ3aBElGNb2Fm2ia1Px_VgnVX81AlgjkeoLARrvtuUTThusZW5Kgoc6d0IloLXYgBJtcT58zYxCD5QVUvk8KraOq9WpfF3rXZvXHcxbV1W8oFn-8KKBk0f-DbF0tu7wXQlGMCQRzcDBQL6HO_XJnK54s2aSQmfpNHjoTraHEzS62_6FZ6HycjUdnKB_dNw-IZ-n3J7fXlUAO2euGPffiM9bcJpLJoQP4Q4Hs0RKS9Z_FPeQTJBmKf-2qkRkrzD-EcZL9ciGwLwYm0VeNRAKHGBofutpaD-lHvT-bzUt6BGx7kMRJecj_DkPPovjeRxc17qD_IZX8kojoO1X0-PjrxNVqIeCvsKqlTGW4EeiD_UrZvl2yPy-pFsPBrCaK2Hequw9-QDU8bxAcducUQ8xSeiwBoyqavQ-FvqeKLGg0fDFitXTLI7wuNPFsAMiHEfmpr2hLG-ANM1jiT_m_cwzBRdjFfO-z-Iy9UnsOaLfY1J48uDwmACAYS_e__ZhmoPIVuI14I0ViivK1YyRWRwZfPJNuQlKH_e8fKCEZmcMhUw1-sJCLKDaTErf31H5znU3UsrCKCCPNXYGFCJgvDWXHo2ijNI-HGw_alLd7eu63OJ49z__McfF4rOnccK3FxuS7Dhsy15ajBNglOUJ00ebxQfDWSIuzJT4i5UZywTjOyQJ8Zs6ev8u98zFA3ahUbno-9-JVtRbZXEeZwkffBP7i1C|http://url7229.mdx.ac.ae/asm/unsubscribe/?user_id=50228955.|https://eur02.safelinks.protection.outlook.com/?url=http%3A%2F%2Furl7229.mdx.ac.ae%2Fasm%2F%3Fuser_id%3D50228955%26data%3DWHjqSRulRfOlHOXBn9Wp5EqXkgvqhVqW7-KgA7LEWvxoMDAwdTAwMA6Lmu3mkgA2qff0SDIoYrs8orBzo8xd8KG0UGCpB4_yrK7JDVhC7RCgzEJNSfrsBzDdQDQtO1oRIfFfzxrUc7aKNVL4OIoBTo0kH6Cx0o_RXoCCd9bO1Rj_FyW8n5AA7hjb2bMbkR9HdCLRoauUocDY3hGuFdanZh5v-d71NeP3Mf2XcYJNZzfbLajsy3KGti8BJPWYPjgcL1pWf8KGMOag7UmW7k2dzh7BGYxFJrSp4jAHtODBxBatNGblC5m_BzIHYFG_dmYJIknLh8sUfyzPJOQEEw6wD50FwnLkWYGaFtmJvSMMOTBe-HS4xluuYxrS_-FZkLv7e-p_kRe6rDPtRr_4_-vxoNrt61zKrRWy7_xFmpSkkbG9sxx0iDeSlSo81fYMERgPvGulWldJ2kCXqpP7Akdt-vCwl2YMxMr2AiQi0aBF-k4k1zIgPak-vKttJVOBMo9q7_Xiu1wdtprU0edTgy6BE9bYiePH4B9xJdF-OVvI0vuVE5w7b5Hy3pDtzWi1beiVGwtG1gBfvPhboAqtNsDuDZUlUUXhwJfzenGn4yrHZphijlYSclrjznIloTmHCGVYnSrVCX-rYfQlNwAPtfxqf1P9NV1HEvHlnbjPDkuWfTopjaknSsRESttktwWQ7CsGnyr2yy6TyAvFRowa32IvSxA7ahmoRuLWE8UJIZzTQvOT4hE5JfP3bGIZEmdoBtkvqygXhnl59gxfcermqFboowrurHtqwphpKk_B624ErS2M4-HnPKQ8r14ey8oh5c7UWf293kHP3aIkB_A43Bj8LY4NB6DMUw4wOeh2P0ehxrKiAiizMrOLT4at8hFwr2V2Wfu9Qd3_WRCBD6ZvFC6IICNiKK13P0637EG3-nmSvKIrwXzbSX6rOoSCe5fuiCytQAXKdxvQPDIwNVEEbfybcG5XL8udxMTv-f_l0znqtliEgZO_ESODOJ-w5nXpzsTCe0ILd78KvYB1bjfOs4xPi8fvqYVmU6oR0W4ChooATNoRgNo_FpbtHunnhjaYiPoEBlHdBEQpYt8%3D&amp;data=05%7C02%7Caa6381%40live.mdx.ac.uk%7C7d72094ea8b84b5589b808dec6f256c2%7C38e37b88a3a148cf9f056537427fed24%7C0%7C0%7C639166941299108027%7CUnknown%7CTWFpbGZsb3d8eyJFbXB0eU1hcGkiOnRydWUsIlYiOiIwLjAuMDAwMCIsIlAiOiJXaW4zMiIsIkFOIjoiTWFpbCIsIldUIjoyfQ%3D%3D%7C0%7C%7C%7C&amp;sdata=UtcNaWmmRfmQfWhE2hVfeTmuOnmSXtIPqNWAOhOzras%3D&amp;reserved=0|http://url7229.mdx.ac.ae/asm/?user_id=50228955&amp;data=WHjqSRulRfOlHOXBn9Wp5EqXkgvqhVqW7-KgA7LEWvxoMDAwdTAwMA6Lmu3mkgA2qff0SDIoYrs8orBzo8xd8KG0UGCpB4_yrK7JDVhC7RCgzEJNSfrsBzDdQDQtO1oRIfFfzxrUc7aKNVL4OIoBTo0kH6Cx0o_RXoCCd9bO1Rj_FyW8n5AA7hjb2bMbkR9HdCLRoauUocDY3hGuFdanZh5v-d71NeP3Mf2XcYJNZzfbLajsy3KGti8BJPWYPjgcL1pWf8KGMOag7UmW7k2dzh7BGYxFJrSp4jAHtODBxBatNGblC5m_BzIHYFG_dmYJIknLh8sUfyzPJOQEEw6wD50FwnLkWYGaFtmJvSMMOTBe-HS4xluuYxrS_-FZkLv7e-p_kRe6rDPtRr_4_-vxoNrt61zKrRWy7_xFmpSkkbG9sxx0iDeSlSo81fYMERgPvGulWldJ2kCXqpP7Akdt-vCwl2YMxMr2AiQi0aBF-k4k1zIgPak-vKttJVOBMo9q7_Xiu1wdtprU0edTgy6BE9bYiePH4B9xJdF-OVvI0vuVE5w7b5Hy3pDtzWi1beiVGwtG1gBfvPhboAqtNsDuDZUlUUXhwJfzenGn4yrHZphijlYSclrjznIloTmHCGVYnSrVCX-rYfQlNwAPtfxqf1P9NV1HEvHlnbjPDkuWfTopjaknSsRESttktwWQ7CsGnyr2yy6TyAvFRowa32IvSxA7ahmoRuLWE8UJIZzTQvOT4hE5JfP3bGIZEmdoBtkvqygXhnl59gxfcermqFboowrurHtqwphpKk_B624ErS2M4-HnPKQ8r14ey8oh5c7UWf293kHP3aIkB_A43Bj8LY4NB6DMUw4wOeh2P0ehxrKiAiizMrOLT4at8hFwr2V2Wfu9Qd3_WRCBD6ZvFC6IICNiKK13P0637EG3-nmSvKIrwXzbSX6rOoSCe5fuiCytQAXKdxvQPDIwNVEEbfybcG5XL8udxMTv-f_l0znqtliEgZO_ESODOJ-w5nXpzsTCe0ILd78KvYB1bjfOs4xPi8fvqYVmU6oR0W4ChooATNoRgNo_FpbtHunnhjaYiPoEBlHdBEQpYt8=|http://url7229.mdx.ac.ae/asm/?user_id=50228955.|https://outlook.cloud.microsoft/cdc0b269-ff92-4e2a-a8e3-96508717a8c6|http://url7229.mdx.ac.ae/wf/open?upn=u001.G5oppK3eC1WFntLY75qU6008sXDEyAqeOxYWQZzjV4trHR13GA1mN0b5rp7AfwsklW4dfsTvRxJJVJLDSGODdX6n-2Fznf6ASTEocecn0phdEzp9NZEX-2FRG0BFSV2mdzoNYMqWyFV4zwMIuUjO-2BofWNDeJXQ4E7XXLL8yU7G5Bp6KsMQvKqVJAvew0nZRAE13xCax2pCDRrvWK6BUbYxjgUPU4FWiTZyRkU9XgaSBaJ9diAEEcLNo-2FVeLPXBDjXfbF3pObXKm5xPQl1YpmT1BpeNxUwwwtcv5TLJqSsbOUulT5pOp2X3knzL5LhakIbKCdPts0z-2FUTae-2FtWJ-2BA8lXjeEASHhLsRlq9D9Q4bDf-2Bj9nTWCerjhntfhD7aqBmSo1NiWnPMbnrMMIW2BocON9gToMBylXZtWvZFT4OX-2BQ2-2BX1kGeFmOI-2BjHe-2F2GzMkCJzy5YzLh4sIT1BlQbyQG4VYtqOEJ8WLfUyhCVK8C6hkbWSXgC1n5x-2FQ43nPL7GvNWY2eoOQ8-2BXmdcv-2F6fl6wKaRUXFBcfyC1wKP-2BpHlHDMPdEx261RCOzKu50QbWUrLtU2qfNDTGSKUHWaLleWgx3P9pKsxfkojYlJErQ81gaOrrecX-2FyErTYZrQ4FZu8cTK0xUr3NBxi9IpsUI-2BBKUpQWFDr1zPdL-2F3lIb8wDRXz8DNDZ6MeywAbv-2F2CBOuUZ5mxtY8ZcPgIJeU0YEuOSyTkq7DJUn0Ws5E3VX7K3CG9obAOZjtEpkx6LsYf3v80Ty7xfHCe77wOB7iY9LZPEFBwsYupJjc-2FyjxKgjMytIkvrDcZR9Y9mWEUUfSPCfAASZy0zgt95HB8FBZm4GzWBVXl6-2B0qkWdhmO-2Ba88SKgmZltYFfmECNyQ-2F67HGWFfL4LBAYUdHvg8SfVxjU8-2F60uvNsaOFe8vMxRdJ39Bvb3SLTwCyek-3D,none,none,none,0,1,0.7032,1,0.3516
C.George@mdx.ac.ae,"Formal Proposal review

Summarise this email","Dear Amritha ,


Please go ahead with the submission . put my initials in signature (C.G).





Best Regards,

Dr. Chinnu Mary George(Ph.D. , FHEA)

Lecturer, Computer Engineering & Informatics

BSc  BCDA  Programme Advisor

BSc  BIS  Programme Advisor

School of Science and Technology
e. C.M.George@mdx.ac.ae

 

t. +971 4 367 8100  w. www.mdx.ac.ae

a. Dubai Knowledge Park, Blocks  16, 17 & 19

 Dubai | London  | Mauritius",https://outlook.cloud.microsoft/2c47348e-6986-47b5-8963-7af0eb452b4b|https://eur02.safelinks.protection.outlook.com/?url=http%3A%2F%2Fwww.mdx.ac.ae%2F&amp;data=05%7C02%7CAA6381%40live.mdx.ac.uk%7C4ad42b35020843c2db8308dec2cf7a70%7C38e37b88a3a148cf9f056537427fed24%7C0%7C0%7C639162393539358850%7CUnknown%7CTWFpbGZsb3d8eyJFbXB0eU1hcGkiOnRydWUsIlYiOiIwLjAuMDAwMCIsIlAiOiJXaW4zMiIsIkFOIjoiTWFpbCIsIldUIjoyfQ%3D%3D%7C0%7C%7C%7C&amp;sdata=Z1EfgOD%2Bz%2F%2FN58H20Z%2BqvFXd3aHTOPHxYbPczyff1JM%3D&amp;reserved=0|http://www.mdx.ac.ae/|http://www.mdx.ac.ae/.|https://outlook.cloud.microsoft/51830e95-1242-4625-be98-8c43473d79cf|https://eur02.safelinks.protection.outlook.com/?url=https%3A%2F%2Fwww.facebook.com%2FMiddlesexDubai&amp;data=05%7C02%7CAA6381%40live.mdx.ac.uk%7C4ad42b35020843c2db8308dec2cf7a70%7C38e37b88a3a148cf9f056537427fed24%7C0%7C0%7C639162393539390412%7CUnknown%7CTWFpbGZsb3d8eyJFbXB0eU1hcGkiOnRydWUsIlYiOiIwLjAuMDAwMCIsIlAiOiJXaW4zMiIsIkFOIjoiTWFpbCIsIldUIjoyfQ%3D%3D%7C0%7C%7C%7C&amp;sdata=d637291JXvK1PiBvPZNsxG9p9LHPYwc0pbhmrlNFg08%3D&amp;reserved=0|https://www.facebook.com/MiddlesexDubai|https://www.facebook.com/MiddlesexDubai.|https://outlook.cloud.microsoft/e8418a6f-558b-42c2-960a-da1cde20f7d4|https://eur02.safelinks.protection.outlook.com/?url=https%3A%2F%2Ftwitter.com%2FMiddlesexDubai&amp;data=05%7C02%7CAA6381%40live.mdx.ac.uk%7C4ad42b35020843c2db8308dec2cf7a70%7C38e37b88a3a148cf9f056537427fed24%7C0%7C0%7C639162393539409473%7CUnknown%7CTWFpbGZsb3d8eyJFbXB0eU1hcGkiOnRydWUsIlYiOiIwLjAuMDAwMCIsIlAiOiJXaW4zMiIsIkFOIjoiTWFpbCIsIldUIjoyfQ%3D%3D%7C0%7C%7C%7C&amp;sdata=oEWSmzOHB0yLG%2BH2szKwtr3J6zeHOn6xweQD8bJja2o%3D&amp;reserved=0|https://twitter.com/MiddlesexDubai|https://twitter.com/MiddlesexDubai.|https://outlook.cloud.microsoft/90364fd5-3bc1-42ef-906f-679ab6848d5c|https://eur02.safelinks.protection.outlook.com/?url=https%3A%2F%2Fwww.instagram.com%2Fmiddlesexdubai%2F&amp;data=05%7C02%7CAA6381%40live.mdx.ac.uk%7C4ad42b35020843c2db8308dec2cf7a70%7C38e37b88a3a148cf9f056537427fed24%7C0%7C0%7C639162393539427220%7CUnknown%7CTWFpbGZsb3d8eyJFbXB0eU1hcGkiOnRydWUsIlYiOiIwLjAuMDAwMCIsIlAiOiJXaW4zMiIsIkFOIjoiTWFpbCIsIldUIjoyfQ%3D%3D%7C0%7C%7C%7C&amp;sdata=wchvOzC3jFFXEYzVxu1%2FUF%2FthQlA5WIdEZCrTWaXxfI%3D&amp;reserved=0|https://www.instagram.com/middlesexdubai/|https://www.instagram.com/middlesexdubai/.|https://outlook.cloud.microsoft/ff688add-a64e-4a8d-90e7-b58de497f9f1|https://eur02.safelinks.protection.outlook.com/?url=https%3A%2F%2Fwww.linkedin.com%2Fschool%2Fmiddlesexdubai%2F&amp;data=05%7C02%7CAA6381%40live.mdx.ac.uk%7C4ad42b35020843c2db8308dec2cf7a70%7C38e37b88a3a148cf9f056537427fed24%7C0%7C0%7C639162393539444835%7CUnknown%7CTWFpbGZsb3d8eyJFbXB0eU1hcGkiOnRydWUsIlYiOiIwLjAuMDAwMCIsIlAiOiJXaW4zMiIsIkFOIjoiTWFpbCIsIldUIjoyfQ%3D%3D%7C0%7C%7C%7C&amp;sdata=xg%2BrPcV%2B%2FbcbL9wBddvS%2FmX%2Btr2vxW2eZWqMccYcWC0%3D&amp;reserved=0|https://www.linkedin.com/school/middlesexdubai/|https://www.linkedin.com/school/middlesexdubai/.,none,none,none,0,1,0.7118,1,0.3559
ces@mdx.ac.ae,"Burjeel NextGen Leaders Program: Applications Open!

Summarise this email","
Dear Student,


As part of the MDX Summer Skills Series 2026, Careers and Employability Services is excited to share an opportunity designed to help you develop your leadership potential, strengthen your workplace skills, and connect with industry professionals. 


The Burjeel NextGen Leaders Program is now open for applications! This unique leadership and workforce readiness initiative is designed to support future professionals by bridging the gap between academic learning and workplace expectations. 


Participants will gain valuable exposure to industry practices through mentorship, leadership engagement, professional development activities, and direct interaction with healthcare leaders and experts across Burjeel Holdings. 
Why apply?
• Open to all nationalities
• Completely free of",https://eur02.safelinks.protection.outlook.com/?url=http%3A%2F%2Furl8148.mdx.ac.ae%2Fls%2Fclick%3Fupn%3Du001.hhduUulMZKjYD7venOe2S4W6tbIZdfQb2oWYSSbOleeLqs-2F48w0AeF2BBcwMMse76sio_-2FnxC0uuWwXVLvv-2FPcJIdQC9bKMk-2F8uXLPNfQ2WOqhE62uDMIO2D3ccNnJNXwTffdNjdEyvnDq7VLTV7VRHmI2dM-2FFP-2FcPE3pEC7iCZEAqHGp6aemWNkOaq6Y00nnzMwInB-2FY5anxPCHqXzfvgsTzGUvVZ2xcRM3w6crWC-2FeS2wBgULDJF-2BlrlCadKyh-2BFsHGnmmU1P-2FaKd-2FaZg-2F4Sst6UfU9VZodbo3U1okW-2B9OrYvBiLjg-2BzwXyHy6ag3EQP1-2FdsS-2BLEx-2BxOVdg4A0xK4OlO6EQu5XE-2FH4aocyJGXIbCeR8I4sFvhCn9TtCvmyapFr9N7C9o6XLfL1MFeqMX1Sw0izeqZsOBeHEfpPQvM6kReqbYaRDX5jnr-2FXLTD4f4wPXBzVNScTc3px1O0O7VwL3ajWCUwcp8xBwtpaPCCT8tdChaYkJXGB8982Ti7-2FC6UMhCFDx75fKmQ-2F-2BUZUVz-2B2SxhTj83fr32Vhr6e1lsKrIKF85NkXFSxruNHUbMLpPAcn7X-2F50TuLEpCJ8EaWdRTfPnivpgLOFM6V7mS5WQSl2e1lGWWFzrh99i-2Fr63a3ro29oQ2i4FWOpKXmAd4QCdEuYmsJIGJVuRImakydoO8ZAVIoF6oII15RsTBrb3ujV4q-2BO7StqSieO7pjsgbkIi8hgM9Ctg47ZlM-2B3Qw5w29K3C6SrykFnUMnnAvtO-2BfVIhHt7lYgEBgx-2F2QC4mAreJ-2FBuh9NqHjujDVx0GJyATKlS-2B-2BU3gd3fSnRfuLfwlMhbovJ9-2FuUj9w54KqvsJ-2FASzZISj1Fn8iDOsC6m9UurKwRC4GbtozA9lWa9YHCnqe-2BC9Jz3Ghcbgot0n0WyLU8B-2Fdk12pkf42iyqgwU7mGE9r-2FV5ytutyXS1LRG0F7Zz-2FTQWtYkEk03Nhva1SfddVDLTDK6DgFuuCA9TBfBHe407m6gP80w3F4ZJr-2FODHwCs-2FcuJo9xKw9QDC-2Fu3NuqbCvGoR-2B7Iitg6ihZ93RcM7b5GRM2SxBZ-2BjTBHZOTdccUUq6TGmm&amp;data=05%7C02%7Caa6381%40live.mdx.ac.uk%7C4a67bde8554d4345106b08dec07d102e%7C38e37b88a3a148cf9f056537427fed24%7C0%7C0%7C639159840534566859%7CUnknown%7CTWFpbGZsb3d8eyJFbXB0eU1hcGkiOnRydWUsIlYiOiIwLjAuMDAwMCIsIlAiOiJXaW4zMiIsIkFOIjoiTWFpbCIsIldUIjoyfQ%3D%3D%7C0%7C%7C%7C&amp;sdata=uMjVqu1Ah46pv55eru7DmSOGsmm0MsDyNDLwk1WswrU%3D&amp;reserved=0|http://url8148.mdx.ac.ae/ls/click?upn=u001.hhduUulMZKjYD7venOe2S4W6tbIZdfQb2oWYSSbOleeLqs-2F48w0AeF2BBcwMMse76sio_-2FnxC0uuWwXVLvv-2FPcJIdQC9bKMk-2F8uXLPNfQ2WOqhE62uDMIO2D3ccNnJNXwTffdNjdEyvnDq7VLTV7VRHmI2dM-2FFP-2FcPE3pEC7iCZEAqHGp6aemWNkOaq6Y00nnzMwInB-2FY5anxPCHqXzfvgsTzGUvVZ2xcRM3w6crWC-2FeS2wBgULDJF-2BlrlCadKyh-2BFsHGnmmU1P-2FaKd-2FaZg-2F4Sst6UfU9VZodbo3U1okW-2B9OrYvBiLjg-2BzwXyHy6ag3EQP1-2FdsS-2BLEx-2BxOVdg4A0xK4OlO6EQu5XE-2FH4aocyJGXIbCeR8I4sFvhCn9TtCvmyapFr9N7C9o6XLfL1MFeqMX1Sw0izeqZsOBeHEfpPQvM6kReqbYaRDX5jnr-2FXLTD4f4wPXBzVNScTc3px1O0O7VwL3ajWCUwcp8xBwtpaPCCT8tdChaYkJXGB8982Ti7-2FC6UMhCFDx75fKmQ-2F-2BUZUVz-2B2SxhTj83fr32Vhr6e1lsKrIKF85NkXFSxruNHUbMLpPAcn7X-2F50TuLEpCJ8EaWdRTfPnivpgLOFM6V7mS5WQSl2e1lGWWFzrh99i-2Fr63a3ro29oQ2i4FWOpKXmAd4QCdEuYmsJIGJVuRImakydoO8ZAVIoF6oII15RsTBrb3ujV4q-2BO7StqSieO7pjsgbkIi8hgM9Ctg47ZlM-2B3Qw5w29K3C6SrykFnUMnnAvtO-2BfVIhHt7lYgEBgx-2F2QC4mAreJ-2FBuh9NqHjujDVx0GJyATKlS-2B-2BU3gd3fSnRfuLfwlMhbovJ9-2FuUj9w54KqvsJ-2FASzZISj1Fn8iDOsC6m9UurKwRC4GbtozA9lWa9YHCnqe-2BC9Jz3Ghcbgot0n0WyLU8B-2Fdk12pkf42iyqgwU7mGE9r-2FV5ytutyXS1LRG0F7Zz-2FTQWtYkEk03Nhva1SfddVDLTDK6DgFuuCA9TBfBHe407m6gP80w3F4ZJr-2FODHwCs-2FcuJo9xKw9QDC-2Fu3NuqbCvGoR-2B7Iitg6ihZ93RcM7b5GRM2SxBZ-2BjTBHZOTdccUUq6TGmm|http://url8148.mdx.ac.ae/ls/click?upn=u001.hhduUulMZKjYD7venOe2S4W6tbIZdfQb2oWYSSbOleeLqs-2F48w0AeF2BBcwMMse76sio_-2FnxC0uuWwXVLvv-2FPcJIdQC9bKMk-2F8uXLPNfQ2WOqhE62uDMIO2D3ccNnJNXwTffdNjdEyvnDq7VLTV7VRHmI2dM-2FFP-2FcPE3pEC7iCZEAqHGp6aemWNkOaq6Y00nnzMwInB-2FY5anxPCHqXzfvgsTzGUvVZ2xcRM3w6crWC-2FeS2wBgULDJF-2BlrlCadKyh-2BFsHGnmmU1P-2FaKd-2FaZg-2F4Sst6UfU9VZodbo3U1okW-2B9OrYvBiLjg-2BzwXyHy6ag3EQP1-2FdsS-2BLEx-2BxOVdg4A0xK4OlO6EQu5XE-2FH4aocyJGXIbCeR8I4sFvhCn9TtCvmyapFr9N7C9o6XLfL1MFeqMX1Sw0izeqZsOBeHEfpPQvM6kReqbYaRDX5jnr-2FXLTD4f4wPXBzVNScTc3px1O0O7VwL3ajWCUwcp8xBwtpaPCCT8tdChaYkJXGB8982Ti7-2FC6UMhCFDx75fKmQ-2F-2BUZUVz-2B2SxhTj83fr32Vhr6e1lsKrIKF85NkXFSxruNHUbMLpPAcn7X-2F50TuLEpCJ8EaWdRTfPnivpgLOFM6V7mS5WQSl2e1lGWWFzrh99i-2Fr63a3ro29oQ2i4FWOpKXmAd4QCdEuYmsJIGJVuRImakydoO8ZAVIoF6oII15RsTBrb3ujV4q-2BO7StqSieO7pjsgbkIi8hgM9Ctg47ZlM-2B3Qw5w29K3C6SrykFnUMnnAvtO-2BfVIhHt7lYgEBgx-2F2QC4mAreJ-2FBuh9NqHjujDVx0GJyATKlS-2B-2BU3gd3fSnRfuLfwlMhbovJ9-2FuUj9w54KqvsJ-2FASzZISj1Fn8iDOsC6m9UurKwRC4GbtozA9lWa9YHCnqe-2BC9Jz3Ghcbgot0n0WyLU8B-2Fdk12pkf42iyqgwU7mGE9r-2FV5ytutyXS1LRG0F7Zz-2FTQWtYkEk03Nhva1SfddVDLTDK6DgFuuCA9TBfBHe407m6gP80w3F4ZJr-2FODHwCs-2FcuJo9xKw9QDC-2Fu3NuqbCvGoR-2B7Iitg6ihZ93RcM7b5GRM2SxBZ-2BjTBHZOTdccUUq6TGmm.|https://eur02.safelinks.protection.outlook.com/?url=http%3A%2F%2Furl8148.mdx.ac.ae%2Fwf%2Funsubscribe%3Fupn%3Du001.G5oppK3eC1WFntLY75qU6008sXDEyAqeOxYWQZzjV4trHR13GA1mN0b5rp7AfwsklW4dfsTvRxJJVJLDSGODdX6n-2Fznf6ASTEocecn0phdEzp9NZEX-2FRG0BFSV2mdzoNYMqWyFV4zwMIuUjO-2BofWNMY-2FX3-2BcE7LNjK-2BciMYziblg2JwR80b6t69lGbeV6Ny-2F1P1fbVzJhGiaCp3SgEZ542U5y9ItBnux8XbKsxIOfHkRzkXZ7T-2FFIM6Pl-2B6CQYsMmnawcyEvtL-2F7TP-2FlL3HlekDkxWTnk1zoTxEjyfumcppRr7VP7n5pJsd89y-2FFJ6YuOTHMhg7-2BLoHu2pJe2HjG4SYBHFO2yctSfYP7U1DRP9-2BpuO6PJDoBGTSguRVcWxbsmjSiFyhKag1-2FYDO-2BuLDqsQ3qSjGPFWLa5PXV5HMM-2F5f9cAuKmhH4UYKExc8qLV62FSyYpkRaBKR4Gibgc0HK9meBhoFGtUm8yCA2u-2BFUQUqIeGTXKw-2Bta1OuSdyhruat8rD-2FWdNu5c9T9V2V-2BaFlpnAFeDSMR4Yqm0jlPFVKHdOdQf2B4O5dVZ2MKfBwVzkNPSCQ6zoUWebXL5pr5kZEF-2Fjix0FuV7U8168sifSlGohe84bnqTWtC0sgnFsbqxu5Am-2Bt-2BcazHiVKmVE4ALyyMy1-2Bj2dIBcYo-2F85GT5DlGyQnJqRcdV0R66GbrE06oO8wBZh4J0OwMB2-2BW-2FScZr6uJ0IzJVPmuRK1HVGsEgAjMIrpSMEtyL4dRw0jgFU4zsVOQSjYKxSNynp2EzYnjKYakmdSDcQL3hfe0hlzsi5hUcn-2BahgHiQ55nZDweZetVz1mVdOnNsjClhjGbnKo2M5QF4fytXSudcunuvkHRbJ1ay0VNN8Aeu1e7pZL9Qp64icAJ1y-2BRQ2bQdldVD4tuYsemhMOVwF0dtzY6y5igXRBZAflgeCk4W-2FA7plKAre2d449-2BCUMZb5Bs7vs812F9EZr97o0q9OSfqhaOzR4by66MBOes0SoPqeUAFQBGihL-2FjPH&amp;data=05%7C02%7Caa6381%40live.mdx.ac.uk%7C4a67bde8554d4345106b08dec07d102e%7C38e37b88a3a148cf9f056537427fed24%7C0%7C0%7C639159840534623471%7CUnknown%7CTWFpbGZsb3d8eyJFbXB0eU1hcGkiOnRydWUsIlYiOiIwLjAuMDAwMCIsIlAiOiJXaW4zMiIsIkFOIjoiTWFpbCIsIldUIjoyfQ%3D%3D%7C0%7C%7C%7C&amp;sdata=vPQRHpNGBtldpHi0N7j5%2FsQpWJKn3bvwU6n%2Bfp%2FoSmQ%3D&amp;reserved=0|http://url8148.mdx.ac.ae/wf/unsubscribe?upn=u001.G5oppK3eC1WFntLY75qU6008sXDEyAqeOxYWQZzjV4trHR13GA1mN0b5rp7AfwsklW4dfsTvRxJJVJLDSGODdX6n-2Fznf6ASTEocecn0phdEzp9NZEX-2FRG0BFSV2mdzoNYMqWyFV4zwMIuUjO-2BofWNMY-2FX3-2BcE7LNjK-2BciMYziblg2JwR80b6t69lGbeV6Ny-2F1P1fbVzJhGiaCp3SgEZ542U5y9ItBnux8XbKsxIOfHkRzkXZ7T-2FFIM6Pl-2B6CQYsMmnawcyEvtL-2F7TP-2FlL3HlekDkxWTnk1zoTxEjyfumcppRr7VP7n5pJsd89y-2FFJ6YuOTHMhg7-2BLoHu2pJe2HjG4SYBHFO2yctSfYP7U1DRP9-2BpuO6PJDoBGTSguRVcWxbsmjSiFyhKag1-2FYDO-2BuLDqsQ3qSjGPFWLa5PXV5HMM-2F5f9cAuKmhH4UYKExc8qLV62FSyYpkRaBKR4Gibgc0HK9meBhoFGtUm8yCA2u-2BFUQUqIeGTXKw-2Bta1OuSdyhruat8rD-2FWdNu5c9T9V2V-2BaFlpnAFeDSMR4Yqm0jlPFVKHdOdQf2B4O5dVZ2MKfBwVzkNPSCQ6zoUWebXL5pr5kZEF-2Fjix0FuV7U8168sifSlGohe84bnqTWtC0sgnFsbqxu5Am-2Bt-2BcazHiVKmVE4ALyyMy1-2Bj2dIBcYo-2F85GT5DlGyQnJqRcdV0R66GbrE06oO8wBZh4J0OwMB2-2BW-2FScZr6uJ0IzJVPmuRK1HVGsEgAjMIrpSMEtyL4dRw0jgFU4zsVOQSjYKxSNynp2EzYnjKYakmdSDcQL3hfe0hlzsi5hUcn-2BahgHiQ55nZDweZetVz1mVdOnNsjClhjGbnKo2M5QF4fytXSudcunuvkHRbJ1ay0VNN8Aeu1e7pZL9Qp64icAJ1y-2BRQ2bQdldVD4tuYsemhMOVwF0dtzY6y5igXRBZAflgeCk4W-2FA7plKAre2d449-2BCUMZb5Bs7vs812F9EZr97o0q9OSfqhaOzR4by66MBOes0SoPqeUAFQBGihL-2FjPH|http://url8148.mdx.ac.ae/wf/unsubscribe?upn=u001.G5oppK3eC1WFntLY75qU6008sXDEyAqeOxYWQZzjV4trHR13GA1mN0b5rp7AfwsklW4dfsTvRxJJVJLDSGODdX6n-2Fznf6ASTEocecn0phdEzp9NZEX-2FRG0BFSV2mdzoNYMqWyFV4zwMIuUjO-2BofWNMY-2FX3-2BcE7LNjK-2BciMYziblg2JwR80b6t69lGbeV6Ny-2F1P1fbVzJhGiaCp3SgEZ542U5y9ItBnux8XbKsxIOfHkRzkXZ7T-2FFIM6Pl-2B6CQYsMmnawcyEvtL-2F7TP-2FlL3HlekDkxWTnk1zoTxEjyfumcppRr7VP7n5pJsd89y-2FFJ6YuOTHMhg7-2BLoHu2pJe2HjG4SYBHFO2yctSfYP7U1DRP9-2BpuO6PJDoBGTSguRVcWxbsmjSiFyhKag1-2FYDO-2BuLDqsQ3qSjGPFWLa5PXV5HMM-2F5f9cAuKmhH4UYKExc8qLV62FSyYpkRaBKR4Gibgc0HK9meBhoFGtUm8yCA2u-2BFUQUqIeGTXKw-2Bta1OuSdyhruat8rD-2FWdNu5c9T9V2V-2BaFlpnAFeDSMR4Yqm0jlPFVKHdOdQf2B4O5dVZ2MKfBwVzkNPSCQ6zoUWebXL5pr5kZEF-2Fjix0FuV7U8168sifSlGohe84bnqTWtC0sgnFsbqxu5Am-2Bt-2BcazHiVKmVE4ALyyMy1-2Bj2dIBcYo-2F85GT5DlGyQnJqRcdV0R66GbrE06oO8wBZh4J0OwMB2-2BW-2FScZr6uJ0IzJVPmuRK1HVGsEgAjMIrpSMEtyL4dRw0jgFU4zsVOQSjYKxSNynp2EzYnjKYakmdSDcQL3hfe0hlzsi5hUcn-2BahgHiQ55nZDweZetVz1mVdOnNsjClhjGbnKo2M5QF4fytXSudcunuvkHRbJ1ay0VNN8Aeu1e7pZL9Qp64icAJ1y-2BRQ2bQdldVD4tuYsemhMOVwF0dtzY6y5igXRBZAflgeCk4W-2FA7plKAre2d449-2BCUMZb5Bs7vs812F9EZr97o0q9OSfqhaOzR4by66MBOes0SoPqeUAFQBGihL-2FjPH.,none,none,none,0,0,0.3744,1,0.1872
ERADCASHIERNOTIFY@dm.gov.ae,Receipt Generation Successfully 202600420882,"Dear Customer,

Kindly note receipt no 202600420882 of amount AED 10 is generated on 05/08/2026 13:05:03, for PV number RSVESS202600580488.

Regards
DM

Mail Footer

Disclaimer:

This e-mail may contain confidential and privileged material for the sole use of the intended recipient. Any review, copy, use, distribution, disseminate or disclosure by others is strictly prohibited. If you are not the intended recipient, please contact the sender by reply e-mail and delete all copies. Statements and opinions expressed in this e-mail are those of the sender, and do not necessarily represent Dubai Municipality. The sender does not guarantee that this material is free from viruses/worms although possible action has been taken to minimize the risk.

Think Before You Print and Save the Environment

",,none,none,none,1,0,0.5798,1,0.2899
noreply@x.ai,New login to your SpaceXAI account,"We've noticed a new login

Hi Amritha,

We're notifying you by email of a new login to your SpaceXAI account:

Time: Thu, 6 Aug 2026 14:04:56 +0000
IP address: 2a00:f29:1119:12c5:b5f0:98bb:c649:cc62
Location: Dubai, AE
Browser: Mozilla/5.0 (Windows NT 10.0; Win64; x64) AppleWebKit/537.36 (KHTML, like Gecko) Chrome/151.0.0.0 Safari/537.36

If you notice any suspicious activity on your account, please change your password and enable two-factor authentication.



SpaceXAI Team





© 2026 X.AI LLC


For questions contact support@x.ai
...

[Message clipped]  View entire message",https://ci3.googleusercontent.com/meips/ADKq_NaZuki3NW2rTVk-Npby87b_F7Yj0ahOL-JpRY3o1YJtTt0m4lzORjECZwRstY6hUSC_dGFEW46hSYwqsikTKHI1VmUz-TUAplWzrJQ_XAaXLA=s0-d-e1-ft#https://data.x.ai/email-attachments/spacexai-logo-light.png|http://151.0.0.0|https://www.google.com/url?q=http://151.0.0.0&amp;source=gmail&amp;ust=1786726669950000&amp;usg=AOvVaw06eAHQn8nkTDg-Xpx4zVw3|https://accounts.x.ai/change-password|https://www.google.com/url?q=https://accounts.x.ai/change-password&amp;source=gmail&amp;ust=1786726669950000&amp;usg=AOvVaw292CGuirmUVR71KXwR074J|http://X.AI|https://www.google.com/url?q=http://X.AI&amp;source=gmail&amp;ust=1786726669950000&amp;usg=AOvVaw1Uqzo8qKsDjHfXPjHB6Vip|https://mail.google.com/mail/u/1?ui=2&amp;ik=1b301268b0&amp;view=lg&amp;permmsgid=msg-f:1872783058694204508,none,none,none,0,1,0.0502,1,0.0251
noreply@talabat.com,Your service charges Receipt,"Download
Download



Just dropping off your receipt.

Open the attachment for your payment breakdown.





	
 
 
 



You’re receiving these emails because you signed up to talabat.",https://ci3.googleusercontent.com/meips/ADKq_NZlUBSRYXs9YX6E1e0wGTIN334zU7quwQ-_A1s7bAXGi3tidTydZd8iaR2yEuCHGk5JIz_s9GxwuPxceMs6_jhvpvhqsMyj_hjTf1Uy2TUXi1naFnjP8sNsKMY0Dq2DvzTQYtocdi1wEjzkdiQ_wu9xzMMNOEjSdpPwvx_DjZ1wQjkWlscAzberGuQPz3Rx=s0-d-e1-ft#https://braze-images.com/appboy/communication/assets/image_assets/images/678dfe4195ac23006411e087/original.png?1737358913|https://ci3.googleusercontent.com/meips/ADKq_NYWrfPMtRmpY1zYmQebN3ahCTPUxKpQ-yVMPI9OIlu78wF9xwA2jlkGzBho5SWSEi2KweGq9B63jpmos6pI9OkVbHsELQMG7pfGa0EcLO9IKhInJ7TGkk3r7wt0WO6NOA0PLj7yQ_TqPTj4Z_HHBq6d5i-ASsXeI45_xomgcCZIRUUGHlgb3hBUpphbvHsZ=s0-d-e1-ft#https://braze-images.com/appboy/communication/assets/image_assets/images/678df91c8af65f0063e065d7/original.png?1737357595|https://ci3.googleusercontent.com/meips/ADKq_NYWFbF3mLSe-o2qhjSTi2M7Hxx4XFs6PgN0uys1bjcAebo4i-6mPbwzbHESbe-14C6jB9y_Bu_0vGGZ20k0bbYvos72_Hl3DsT-WVB3Uxh8s_gfufWYb8bliDlFTWrqgvbl0xwp42M77NRsdmUn23kTPwnk3z-zva70jmn8hngA1Ne4xh27SQOK_mDw0jST=s0-d-e1-ft#https://braze-images.com/appboy/communication/assets/image_assets/images/66c4ee770d22440071e45424/original.png?1724182135|http://url8707.talabat.com/ls/click?upn=u001.DpzgeX5tlJMn48wzUQah0-2FvXJsfcc5c2HhteO5Y6DAtzzFB5z91HAfF7fA9c2-2BdZUsCXSmUAP9WOqSgBmMUf82DqqUcUrDwLdQfuTQMm4oDXzVjbmfr3nEN9hUi2pJfEQwUp_FX2eX3NFpGmw4-2F9Ov9s3vSRIuoWKGjp5-2FGKJ1p98OCy-2BjX7KeFv7XVALMwmwEKEDbHQjJULEICDndfovsrvxxFmLcr9MXIlTkCwsaJBR2mYEcj8aVbajGctSUjZb8eWv9Op2bCKfk4bsq77XwIA6alhdTV41jo3V-2BaPEO945r-2FjfeWct95ey9Jw7ewpHqP9nieVWEvvDpLCtcx-2BQOFaRlA-3D-3D|https://www.google.com/url?q=http://url8707.talabat.com/ls/click?upn%3Du001.DpzgeX5tlJMn48wzUQah0-2FvXJsfcc5c2HhteO5Y6DAtzzFB5z91HAfF7fA9c2-2BdZUsCXSmUAP9WOqSgBmMUf82DqqUcUrDwLdQfuTQMm4oDXzVjbmfr3nEN9hUi2pJfEQwUp_FX2eX3NFpGmw4-2F9Ov9s3vSRIuoWKGjp5-2FGKJ1p98OCy-2BjX7KeFv7XVALMwmwEKEDbHQjJULEICDndfovsrvxxFmLcr9MXIlTkCwsaJBR2mYEcj8aVbajGctSUjZb8eWv9Op2bCKfk4bsq77XwIA6alhdTV41jo3V-2BaPEO945r-2FjfeWct95ey9Jw7ewpHqP9nieVWEvvDpLCtcx-2BQOFaRlA-3D-3D&amp;source=gmail&amp;ust=1786726669961000&amp;usg=AOvVaw3hd_d_pA-Cbyc_vMfM1_o9|https://ci3.googleusercontent.com/meips/ADKq_Nbnqp_OunpbnWjU6BLJT-5CGi2xM8HbImYEW2ZHVk3SLQZ4MXZUxSlU1I4CoYYgm87LjEYKxQ6oimuCeU12iyBMrpKiFcwRTQC1Eg9Sa65eAkJ9IDR0Q86ClnIbGPjc8B4lyf2h1TmI8BTrxz_prTsbnvYRRuNQgFJh6873coH9OopSjkrQl27flkpega6g=s0-d-e1-ft#https://braze-images.com/appboy/communication/assets/image_assets/images/678dfe906e821a0063b5bed1/original.png?1737358992|http://url8707.talabat.com/ls/click?upn=u001.DpzgeX5tlJMn48wzUQah01H3n7-2F4oGQX44qA-2FJrCve2cXzYgzj1guQnHndOOT5hEF7azaISS4NfU-2FIstQZO9rh7YoeoPqmeys9lWXbWhW1bbfPS7Uigw8JHOEYcldWXls1poqPxjRzhbJz-2BkmrkUwQ-3D-3DquBW_FX2eX3NFpGmw4-2F9Ov9s3vSRIuoWKGjp5-2FGKJ1p98OCy-2BjX7KeFv7XVALMwmwEKED6VSKccVq7NHxN5eLAWdrHKzoeoiif3Ghr9accHVOfDzKAY7hZajYlzm3d0amqhYOcqBnN2tTiEWGRk1PN5m6fuG7siqGT-2FRCvMuLkaVFPwlBnB8fCHrr53lPAbHhZLgbLN1TH6937zo6UTtOu2-2FugA-3D-3D|https://www.google.com/url?q=http://url8707.talabat.com/ls/click?upn%3Du001.DpzgeX5tlJMn48wzUQah01H3n7-2F4oGQX44qA-2FJrCve2cXzYgzj1guQnHndOOT5hEF7azaISS4NfU-2FIstQZO9rh7YoeoPqmeys9lWXbWhW1bbfPS7Uigw8JHOEYcldWXls1poqPxjRzhbJz-2BkmrkUwQ-3D-3DquBW_FX2eX3NFpGmw4-2F9Ov9s3vSRIuoWKGjp5-2FGKJ1p98OCy-2BjX7KeFv7XVALMwmwEKED6VSKccVq7NHxN5eLAWdrHKzoeoiif3Ghr9accHVOfDzKAY7hZajYlzm3d0amqhYOcqBnN2tTiEWGRk1PN5m6fuG7siqGT-2FRCvMuLkaVFPwlBnB8fCHrr53lPAbHhZLgbLN1TH6937zo6UTtOu2-2FugA-3D-3D&amp;source=gmail&amp;ust=1786726669961000&amp;usg=AOvVaw0keKbExpkhxc11V_FPsW6R|https://ci3.googleusercontent.com/meips/ADKq_NaFj_nM97b0HasulkLtEOmaIZURMuo_5vy9_-kwIvnXw-VLbJDf_K4TMNLFSCJTxu5x85yFJf01d2RqHnskt26y0Rgt78yNV634Y0XRNOPYS1vjdJiMBDQOkVzvwePBbKbdFLPE6zVRgRno5ekxiOYACOE5bKKxLhffWsymOOUK29vh0Rxaggj01I9OHQ0C=s0-d-e1-ft#https://braze-images.com/appboy/communication/assets/image_assets/images/678dfef3ac6d370064bc541e/original.png?1737359091|http://url8707.talabat.com/ls/click?upn=u001.DpzgeX5tlJMn48wzUQah0yFvQKqYRdn2rnafq4OonKZo9CJnh2yHPN39m3bsHKIYyeWgV2XvMRtoddHeggsBmmXHrId5alTEaz2md9x6mUk-2FjXeP3Mbv1MD3fbesLOUO7eM3_FX2eX3NFpGmw4-2F9Ov9s3vSRIuoWKGjp5-2FGKJ1p98OCy-2BjX7KeFv7XVALMwmwEKEDHhhCTMPsbI7UCOZKWN8VoTDP0oxPatYkQ7i8586sqUQnSY1eAnqeTotfKm3qgUWDsCZ5gcJjGWlcJ77cc2NQ8RmdFy5gLmIHGNuvL27VkFsfnvy0eq295cr411xs1EjN0fnnHABkCtQw-2FcGTVg2oYg-3D-3D|https://www.google.com/url?q=http://url8707.talabat.com/ls/click?upn%3Du001.DpzgeX5tlJMn48wzUQah0yFvQKqYRdn2rnafq4OonKZo9CJnh2yHPN39m3bsHKIYyeWgV2XvMRtoddHeggsBmmXHrId5alTEaz2md9x6mUk-2FjXeP3Mbv1MD3fbesLOUO7eM3_FX2eX3NFpGmw4-2F9Ov9s3vSRIuoWKGjp5-2FGKJ1p98OCy-2BjX7KeFv7XVALMwmwEKEDHhhCTMPsbI7UCOZKWN8VoTDP0oxPatYkQ7i8586sqUQnSY1eAnqeTotfKm3qgUWDsCZ5gcJjGWlcJ77cc2NQ8RmdFy5gLmIHGNuvL27VkFsfnvy0eq295cr411xs1EjN0fnnHABkCtQw-2FcGTVg2oYg-3D-3D&amp;source=gmail&amp;ust=1786726669961000&amp;usg=AOvVaw2vIZzznIY0UD_GbjlEJP7w|https://ci3.googleusercontent.com/meips/ADKq_NakyFZrZ6V4HgiqXIMnIyFc0aTGxPFxxqipq7Pao7sGiYXQKNZeHiN-aqUzyk0LBvg9EvPZnyMeZZBzJp21PFAOToKpLMmIbpSrwCjymtHw476_anzBBAPT2SiQHJRVB6xIa_QnKM7o76hRqDmmV-I4J73Jise5MB2W3x46zjVdGjAQVgemiTctiUtrxHt8=s0-d-e1-ft#https://braze-images.com/appboy/communication/assets/image_assets/images/678dfef3b8ef4300639f1d7d/original.png?1737359091|http://url8707.talabat.com/ls/click?upn=u001.DpzgeX5tlJMn48wzUQah01bn-2BnCpb4tg3Ed9B4l5D4aWb1Hz0bagz1zXLvd-2F6wgdOLYBpDEd8-2FE3rbuFLa9fLmDjZT-2F7rYH-2FIrFE6rqkPhnorvlOfsVZRU9bnI2XS71xG7-2BSWKyHm6BYqHSpnLVvvg-3D-3Dp8fO_FX2eX3NFpGmw4-2F9Ov9s3vSRIuoWKGjp5-2FGKJ1p98OCy-2BjX7KeFv7XVALMwmwEKEDFeHSLJWDrz4nUHJf3kNPbMqpec1XftqKmcVbb-2BKz9U6rAJJrerM-2FNTWD713tLew-2Blvt6TkI4TQ-2BUM0HDPK-2FcXK7l3dA0oeIHPmRlGyNzNwu0hxphkNKJHr2cKOkjJ7l5mP2qpzgajXKkkUj63zoEuw-3D-3D|https://www.google.com/url?q=http://url8707.talabat.com/ls/click?upn%3Du001.DpzgeX5tlJMn48wzUQah01bn-2BnCpb4tg3Ed9B4l5D4aWb1Hz0bagz1zXLvd-2F6wgdOLYBpDEd8-2FE3rbuFLa9fLmDjZT-2F7rYH-2FIrFE6rqkPhnorvlOfsVZRU9bnI2XS71xG7-2BSWKyHm6BYqHSpnLVvvg-3D-3Dp8fO_FX2eX3NFpGmw4-2F9Ov9s3vSRIuoWKGjp5-2FGKJ1p98OCy-2BjX7KeFv7XVALMwmwEKEDFeHSLJWDrz4nUHJf3kNPbMqpec1XftqKmcVbb-2BKz9U6rAJJrerM-2FNTWD713tLew-2Blvt6TkI4TQ-2BUM0HDPK-2FcXK7l3dA0oeIHPmRlGyNzNwu0hxphkNKJHr2cKOkjJ7l5mP2qpzgajXKkkUj63zoEuw-3D-3D&amp;source=gmail&amp;ust=1786726669961000&amp;usg=AOvVaw0bOXm4nMIN4-IBhiXcwU39|https://ci3.googleusercontent.com/meips/ADKq_NbyVCH9bZh2_8MIP_kGSi5NqaM1YG3xFCbPE5CZ16preQSdSISNFYVollSIYgrdvHEDRU9pJph5l0C7yGqniC0vTqwT7rpLq5VtmCKfvduAtfl5Ijs0HMIKEHa4GrzbZ_mz4WpCqgnXhnCb4Qzdb_y-qHtcMw7uy883fK0fckw4C7utCzmA7C_xAxU5_ay7=s0-d-e1-ft#https://braze-images.com/appboy/communication/assets/image_assets/images/678dfef332f1aa006390103b/original.png?1737359091|http://url8707.talabat.com/ls/click?upn=u001.DpzgeX5tlJMn48wzUQah0zHsxrnSm2Dkjxy6N5vaQWVOeRoIrr3Ql5kLXhkdcrUDCD-2BARRLC9c-2FcS8NRwuwpRSoTR5lHi8WbqPYFCkPgVL44ikcZgG8k1sUEGifCbLXz4segJzc1692Nnmh2t6yQqA-3D-3DW6pI_FX2eX3NFpGmw4-2F9Ov9s3vSRIuoWKGjp5-2FGKJ1p98OCy-2BjX7KeFv7XVALMwmwEKEDV4VDZhGGO6feskNpj2UfaBIu8jzwumLrT2F0q6jkYTeENZJZmkVBg2HeVYo-2BdGgDXqgbfZNGj4VRXoK1J3MjHk4403dZHEg7mENA5T0vDiLuZveplmPo1k-2Fi0u89dwqMIUoZlA5rzCeYxznzTo79nA-3D-3D|https://www.google.com/url?q=http://url8707.talabat.com/ls/click?upn%3Du001.DpzgeX5tlJMn48wzUQah0zHsxrnSm2Dkjxy6N5vaQWVOeRoIrr3Ql5kLXhkdcrUDCD-2BARRLC9c-2FcS8NRwuwpRSoTR5lHi8WbqPYFCkPgVL44ikcZgG8k1sUEGifCbLXz4segJzc1692Nnmh2t6yQqA-3D-3DW6pI_FX2eX3NFpGmw4-2F9Ov9s3vSRIuoWKGjp5-2FGKJ1p98OCy-2BjX7KeFv7XVALMwmwEKEDV4VDZhGGO6feskNpj2UfaBIu8jzwumLrT2F0q6jkYTeENZJZmkVBg2HeVYo-2BdGgDXqgbfZNGj4VRXoK1J3MjHk4403dZHEg7mENA5T0vDiLuZveplmPo1k-2Fi0u89dwqMIUoZlA5rzCeYxznzTo79nA-3D-3D&amp;source=gmail&amp;ust=1786726669961000&amp;usg=AOvVaw3eu9wcM0iazWkK639pz40G|https://ci3.googleusercontent.com/meips/ADKq_NaJ9BUloaDO8-PW2PDXsULYch9_ge0VeIpTWwzxfRVoWpCjtpwMnmBmlG8LXGvKgmXBjcTjmDKa5-On6rXBVnjNzJuqssuNjUOBD0ku9cxUQP_qUgbFNDzDf-kpH6jFGpDziPsz6VLObMkBAkioRRupkwakdnnZ4kKEbPGrndGsXwgJfs-AHzGS3iAJkSLD=s0-d-e1-ft#https://braze-images.com/appboy/communication/assets/image_assets/images/678dfef33312c0006312d4cf/original.png?1737359091|https://ci3.googleusercontent.com/meips/ADKq_NZ8Jzzbb0sE-BTtEQrpBjFA5t3PzDP1Aer0C6aypZxygcu-zC0V2s31h7Y5IfYQl50tjAl8dXjPdoMeM_9-0zIzaZjjl5D2hgl_wuUzYs2PoVIuRd2--TzS0DrodWVLUsuBqcSxzf46PUR9TTESv9HNa02fp-UMJ-aM2IgDvmbhok9Y6RRwlw1LJ75wxfO9Y0EFTeJq4FLaFLPncF_-HH2oY4UpezvQs9IEZfGuB88g0cbjHyW0kRx9PwXIeFx6NjP1nwnf7l6PbbtRbTvl-Qjw9rQc5YjiO2QsbAIyymbFBRzupf0npzBkAOnXD4hHIFNmGAAUDYjm7HPxBdWqL7up2fuwWhgZ9Yzz3JjRS27a_n5xi1KURiAbWAija4pwsF13164CNYTc_3Q6sKs=s0-d-e1-ft#http://url8707.talabat.com/wf/open?upn=u001.RaIIidl51fbHwVRHPT0Yhrs1JSq6UoiH2uxB1JEQ7fyCIuS4FcfdxKVPaBW-2Fayqu-2B2us1hvltbCXrT16lZqaCizWA7LZtGlV-2BiEduzF44wi-2FuuQIGa-2BPKbBrev596MXLyCj-2FMkVqpTXMzi2CX3w24tHop4VSA67YXaDpGYIrwjXcN5gh0YtKcpL27Z9JDB1Apc8nOjW30x-2BhxWbbGyQZyQ-3D-3D,none,none,none,1,0,0.0226,0,0.9887
noreply@talabat.com,Your service charges Receipt,"Download
Download



Just dropping off your receipt.

Open the attachment for your payment breakdown.





	
 
 
 



You’re receiving these emails because you signed up to talabat.",https://ci3.googleusercontent.com/meips/ADKq_NZlUBSRYXs9YX6E1e0wGTIN334zU7quwQ-_A1s7bAXGi3tidTydZd8iaR2yEuCHGk5JIz_s9GxwuPxceMs6_jhvpvhqsMyj_hjTf1Uy2TUXi1naFnjP8sNsKMY0Dq2DvzTQYtocdi1wEjzkdiQ_wu9xzMMNOEjSdpPwvx_DjZ1wQjkWlscAzberGuQPz3Rx=s0-d-e1-ft#https://braze-images.com/appboy/communication/assets/image_assets/images/678dfe4195ac23006411e087/original.png?1737358913|https://ci3.googleusercontent.com/meips/ADKq_NYWrfPMtRmpY1zYmQebN3ahCTPUxKpQ-yVMPI9OIlu78wF9xwA2jlkGzBho5SWSEi2KweGq9B63jpmos6pI9OkVbHsELQMG7pfGa0EcLO9IKhInJ7TGkk3r7wt0WO6NOA0PLj7yQ_TqPTj4Z_HHBq6d5i-ASsXeI45_xomgcCZIRUUGHlgb3hBUpphbvHsZ=s0-d-e1-ft#https://braze-images.com/appboy/communication/assets/image_assets/images/678df91c8af65f0063e065d7/original.png?1737357595|https://ci3.googleusercontent.com/meips/ADKq_NYWFbF3mLSe-o2qhjSTi2M7Hxx4XFs6PgN0uys1bjcAebo4i-6mPbwzbHESbe-14C6jB9y_Bu_0vGGZ20k0bbYvos72_Hl3DsT-WVB3Uxh8s_gfufWYb8bliDlFTWrqgvbl0xwp42M77NRsdmUn23kTPwnk3z-zva70jmn8hngA1Ne4xh27SQOK_mDw0jST=s0-d-e1-ft#https://braze-images.com/appboy/communication/assets/image_assets/images/66c4ee770d22440071e45424/original.png?1724182135|http://url8707.talabat.com/ls/click?upn=u001.DpzgeX5tlJMn48wzUQah0-2FvXJsfcc5c2HhteO5Y6DAtzzFB5z91HAfF7fA9c2-2BdZUsCXSmUAP9WOqSgBmMUf82DqqUcUrDwLdQfuTQMm4oDXzVjbmfr3nEN9hUi2pJfES_oG_FX2eX3NFpGmw4-2F9Ov9s3vSRIuoWKGjp5-2FGKJ1p98OCxgCiO37vOG99VcocnVb7zncYksaZE0BGTe5EAD3pv8DQ7DKv4NihnrBYpJ-2B-2BBbyzSwZJYyiz8FXCCqcDA1YXJwpv3XmffvmNrX829YmXQ-2FxAXfVo-2Bbbo049ws6vLb4EcW1Ufj1k2qu4ZLA0MJI8Jjpzey5myT8pB-2Fj0GIEwNnGZA-3D-3D|https://www.google.com/url?q=http://url8707.talabat.com/ls/click?upn%3Du001.DpzgeX5tlJMn48wzUQah0-2FvXJsfcc5c2HhteO5Y6DAtzzFB5z91HAfF7fA9c2-2BdZUsCXSmUAP9WOqSgBmMUf82DqqUcUrDwLdQfuTQMm4oDXzVjbmfr3nEN9hUi2pJfES_oG_FX2eX3NFpGmw4-2F9Ov9s3vSRIuoWKGjp5-2FGKJ1p98OCxgCiO37vOG99VcocnVb7zncYksaZE0BGTe5EAD3pv8DQ7DKv4NihnrBYpJ-2B-2BBbyzSwZJYyiz8FXCCqcDA1YXJwpv3XmffvmNrX829YmXQ-2FxAXfVo-2Bbbo049ws6vLb4EcW1Ufj1k2qu4ZLA0MJI8Jjpzey5myT8pB-2Fj0GIEwNnGZA-3D-3D&amp;source=gmail&amp;ust=1786726659310000&amp;usg=AOvVaw3SQ6sCRIGUzie3o0EzX6jd|https://ci3.googleusercontent.com/meips/ADKq_Nbnqp_OunpbnWjU6BLJT-5CGi2xM8HbImYEW2ZHVk3SLQZ4MXZUxSlU1I4CoYYgm87LjEYKxQ6oimuCeU12iyBMrpKiFcwRTQC1Eg9Sa65eAkJ9IDR0Q86ClnIbGPjc8B4lyf2h1TmI8BTrxz_prTsbnvYRRuNQgFJh6873coH9OopSjkrQl27flkpega6g=s0-d-e1-ft#https://braze-images.com/appboy/communication/assets/image_assets/images/678dfe906e821a0063b5bed1/original.png?1737358992|http://url8707.talabat.com/ls/click?upn=u001.DpzgeX5tlJMn48wzUQah01H3n7-2F4oGQX44qA-2FJrCve2cXzYgzj1guQnHndOOT5hEF7azaISS4NfU-2FIstQZO9rh7YoeoPqmeys9lWXbWhW1bbfPS7Uigw8JHOEYcldWXls1poqPxjRzhbJz-2BkmrkUwQ-3D-3DxXyg_FX2eX3NFpGmw4-2F9Ov9s3vSRIuoWKGjp5-2FGKJ1p98OCxgCiO37vOG99VcocnVb7znPrfD94DZJByvr28QKfPB0lkQcf8HBfHJ0lY-2F2gu74pyjr8WJq28Aqk9svsa7RGqgPtdq1grs1RyWNOblyiZlvz4DCdeg8I-2BJbwJX4291FGYUFKsVgiQXG0MZ78IaL4AepV1-2B5mK4wHUupo879MNyIw-3D-3D|https://www.google.com/url?q=http://url8707.talabat.com/ls/click?upn%3Du001.DpzgeX5tlJMn48wzUQah01H3n7-2F4oGQX44qA-2FJrCve2cXzYgzj1guQnHndOOT5hEF7azaISS4NfU-2FIstQZO9rh7YoeoPqmeys9lWXbWhW1bbfPS7Uigw8JHOEYcldWXls1poqPxjRzhbJz-2BkmrkUwQ-3D-3DxXyg_FX2eX3NFpGmw4-2F9Ov9s3vSRIuoWKGjp5-2FGKJ1p98OCxgCiO37vOG99VcocnVb7znPrfD94DZJByvr28QKfPB0lkQcf8HBfHJ0lY-2F2gu74pyjr8WJq28Aqk9svsa7RGqgPtdq1grs1RyWNOblyiZlvz4DCdeg8I-2BJbwJX4291FGYUFKsVgiQXG0MZ78IaL4AepV1-2B5mK4wHUupo879MNyIw-3D-3D&amp;source=gmail&amp;ust=1786726659310000&amp;usg=AOvVaw2qo4H-LNHJR5l7bLvS5y9O|https://ci3.googleusercontent.com/meips/ADKq_NaFj_nM97b0HasulkLtEOmaIZURMuo_5vy9_-kwIvnXw-VLbJDf_K4TMNLFSCJTxu5x85yFJf01d2RqHnskt26y0Rgt78yNV634Y0XRNOPYS1vjdJiMBDQOkVzvwePBbKbdFLPE6zVRgRno5ekxiOYACOE5bKKxLhffWsymOOUK29vh0Rxaggj01I9OHQ0C=s0-d-e1-ft#https://braze-images.com/appboy/communication/assets/image_assets/images/678dfef3ac6d370064bc541e/original.png?1737359091|http://url8707.talabat.com/ls/click?upn=u001.DpzgeX5tlJMn48wzUQah0yFvQKqYRdn2rnafq4OonKZo9CJnh2yHPN39m3bsHKIYyeWgV2XvMRtoddHeggsBmmXHrId5alTEaz2md9x6mUk-2FjXeP3Mbv1MD3fbesLOUOUBjz_FX2eX3NFpGmw4-2F9Ov9s3vSRIuoWKGjp5-2FGKJ1p98OCxgCiO37vOG99VcocnVb7zn14YJVqzB8RxBB2KXfQAdOTrXCBWHiyIlYT1lG-2BPmTJb5BFPmUFtB6rzKsRnrMxJOHos9-2BvR5Uk9fdO5Ihl9CenmTrkxBdHvHLsFvmUeEzFWxYNtrT-2BzZf6eWiDQA4bNDzbFSnKRvU7etVBOpLWlQZQ-3D-3D|https://www.google.com/url?q=http://url8707.talabat.com/ls/click?upn%3Du001.DpzgeX5tlJMn48wzUQah0yFvQKqYRdn2rnafq4OonKZo9CJnh2yHPN39m3bsHKIYyeWgV2XvMRtoddHeggsBmmXHrId5alTEaz2md9x6mUk-2FjXeP3Mbv1MD3fbesLOUOUBjz_FX2eX3NFpGmw4-2F9Ov9s3vSRIuoWKGjp5-2FGKJ1p98OCxgCiO37vOG99VcocnVb7zn14YJVqzB8RxBB2KXfQAdOTrXCBWHiyIlYT1lG-2BPmTJb5BFPmUFtB6rzKsRnrMxJOHos9-2BvR5Uk9fdO5Ihl9CenmTrkxBdHvHLsFvmUeEzFWxYNtrT-2BzZf6eWiDQA4bNDzbFSnKRvU7etVBOpLWlQZQ-3D-3D&amp;source=gmail&amp;ust=1786726659311000&amp;usg=AOvVaw24eJ2oxOybS7zHDdEzprDJ|https://ci3.googleusercontent.com/meips/ADKq_NakyFZrZ6V4HgiqXIMnIyFc0aTGxPFxxqipq7Pao7sGiYXQKNZeHiN-aqUzyk0LBvg9EvPZnyMeZZBzJp21PFAOToKpLMmIbpSrwCjymtHw476_anzBBAPT2SiQHJRVB6xIa_QnKM7o76hRqDmmV-I4J73Jise5MB2W3x46zjVdGjAQVgemiTctiUtrxHt8=s0-d-e1-ft#https://braze-images.com/appboy/communication/assets/image_assets/images/678dfef3b8ef4300639f1d7d/original.png?1737359091|http://url8707.talabat.com/ls/click?upn=u001.DpzgeX5tlJMn48wzUQah01bn-2BnCpb4tg3Ed9B4l5D4aWb1Hz0bagz1zXLvd-2F6wgdOLYBpDEd8-2FE3rbuFLa9fLmDjZT-2F7rYH-2FIrFE6rqkPhnorvlOfsVZRU9bnI2XS71xG7-2BSWKyHm6BYqHSpnLVvvg-3D-3D_--u_FX2eX3NFpGmw4-2F9Ov9s3vSRIuoWKGjp5-2FGKJ1p98OCxgCiO37vOG99VcocnVb7zn3r7zorJyASjB0JPBF8CccCUVXSAELhgBAY6Y4Ug9pDqNFEOzIdSm-2Ffl2bs2xEWNn0GEgaEO57xSD1zT4Y4LHH6LcRvYvT2vgFytDzLftit8Q2JOXPkzoqkEY3jbQzhNdTJ-2BHj1PhF-2FR1rtnD0IxJiA-3D-3D|https://www.google.com/url?q=http://url8707.talabat.com/ls/click?upn%3Du001.DpzgeX5tlJMn48wzUQah01bn-2BnCpb4tg3Ed9B4l5D4aWb1Hz0bagz1zXLvd-2F6wgdOLYBpDEd8-2FE3rbuFLa9fLmDjZT-2F7rYH-2FIrFE6rqkPhnorvlOfsVZRU9bnI2XS71xG7-2BSWKyHm6BYqHSpnLVvvg-3D-3D_--u_FX2eX3NFpGmw4-2F9Ov9s3vSRIuoWKGjp5-2FGKJ1p98OCxgCiO37vOG99VcocnVb7zn3r7zorJyASjB0JPBF8CccCUVXSAELhgBAY6Y4Ug9pDqNFEOzIdSm-2Ffl2bs2xEWNn0GEgaEO57xSD1zT4Y4LHH6LcRvYvT2vgFytDzLftit8Q2JOXPkzoqkEY3jbQzhNdTJ-2BHj1PhF-2FR1rtnD0IxJiA-3D-3D&amp;source=gmail&amp;ust=1786726659311000&amp;usg=AOvVaw3mkMKKiXvxj9H7NF2Hr8MN|https://ci3.googleusercontent.com/meips/ADKq_NbyVCH9bZh2_8MIP_kGSi5NqaM1YG3xFCbPE5CZ16preQSdSISNFYVollSIYgrdvHEDRU9pJph5l0C7yGqniC0vTqwT7rpLq5VtmCKfvduAtfl5Ijs0HMIKEHa4GrzbZ_mz4WpCqgnXhnCb4Qzdb_y-qHtcMw7uy883fK0fckw4C7utCzmA7C_xAxU5_ay7=s0-d-e1-ft#https://braze-images.com/appboy/communication/assets/image_assets/images/678dfef332f1aa006390103b/original.png?1737359091|http://url8707.talabat.com/ls/click?upn=u001.DpzgeX5tlJMn48wzUQah0zHsxrnSm2Dkjxy6N5vaQWVOeRoIrr3Ql5kLXhkdcrUDCD-2BARRLC9c-2FcS8NRwuwpRSoTR5lHi8WbqPYFCkPgVL44ikcZgG8k1sUEGifCbLXz4segJzc1692Nnmh2t6yQqA-3D-3DQZMQ_FX2eX3NFpGmw4-2F9Ov9s3vSRIuoWKGjp5-2FGKJ1p98OCxgCiO37vOG99VcocnVb7znpPodp87kmScGGBCZLAQTgN4jITFw8npsVxb7ON6yWLOIqOibyfwmbDlLB7FHQoWYKOb6rNVGQUM-2FokTqCN8mndckwVHY2jZTgrGdiw71t0y-2B8ezwZVgokMTNlKDlB7q3l2P6GvvyS3sDF06RzpNcMg-3D-3D|https://www.google.com/url?q=http://url8707.talabat.com/ls/click?upn%3Du001.DpzgeX5tlJMn48wzUQah0zHsxrnSm2Dkjxy6N5vaQWVOeRoIrr3Ql5kLXhkdcrUDCD-2BARRLC9c-2FcS8NRwuwpRSoTR5lHi8WbqPYFCkPgVL44ikcZgG8k1sUEGifCbLXz4segJzc1692Nnmh2t6yQqA-3D-3DQZMQ_FX2eX3NFpGmw4-2F9Ov9s3vSRIuoWKGjp5-2FGKJ1p98OCxgCiO37vOG99VcocnVb7znpPodp87kmScGGBCZLAQTgN4jITFw8npsVxb7ON6yWLOIqOibyfwmbDlLB7FHQoWYKOb6rNVGQUM-2FokTqCN8mndckwVHY2jZTgrGdiw71t0y-2B8ezwZVgokMTNlKDlB7q3l2P6GvvyS3sDF06RzpNcMg-3D-3D&amp;source=gmail&amp;ust=1786726659311000&amp;usg=AOvVaw1ZANYxBQL15-gah1JJOMnf|https://ci3.googleusercontent.com/meips/ADKq_NaJ9BUloaDO8-PW2PDXsULYch9_ge0VeIpTWwzxfRVoWpCjtpwMnmBmlG8LXGvKgmXBjcTjmDKa5-On6rXBVnjNzJuqssuNjUOBD0ku9cxUQP_qUgbFNDzDf-kpH6jFGpDziPsz6VLObMkBAkioRRupkwakdnnZ4kKEbPGrndGsXwgJfs-AHzGS3iAJkSLD=s0-d-e1-ft#https://braze-images.com/appboy/communication/assets/image_assets/images/678dfef33312c0006312d4cf/original.png?1737359091|https://ci3.googleusercontent.com/meips/ADKq_Nb9FiB6KV-ErfN3QwYT5Oi8Ep3yTK8UK75WEZJ5C6NeJy1brulaDfFiaf9Whegdrwk7k4UICVg0PeNaaRROFJ_Oe8vgqSYe70E5hyAG3gb8FH3vObYlvbRmvfcRDbFgZwg4irT5fpM_Bt3lu05mm8H6xEXnhTIXbZX2oV-ByOO9QR6TXqSX2P9YgswrGu9y19yvOUoMiXy4qxleo4JkZKf__L0aDSpn0L-2xXLImg1lhd2UUpzquKbDv_3wMcS4yfK8R1fpw3nfNBnkUk2vT-oNw8EfzeA5gP7Lyt9mTXFuZP5GMXW4vQzss1fIvCVS7m6fDIZ0oJ4X2Ee72rsDbeErXCRwQrJF33l685sUuvdUj-Acf8LzwBPX97lsElq2_YoeohRKRf_uneqOHVZyJw=s0-d-e1-ft#http://url8707.talabat.com/wf/open?upn=u001.RaIIidl51fbHwVRHPT0Yhrs1JSq6UoiH2uxB1JEQ7fxgfJuNCcCdaS9-2FXVB8tP3yZO1XgAEValQezoxnkUPiqz7xMNZVMYGjKFLyb-2Bico3yMdqvRr-2FRAY1xIUzNz0Yj56N4LJY-2F71E-2BBQwoFAdQmKUtj5tHwqvC9fScRxG-2Fq6x07SWN0UcznkleAJSxl-2FoBC3Ef-2FAFF5MJVxm5iNKrtM7A-3D-3D,none,none,none,1,0,0.0392,0,0.9804
return@tdyfoqt7.us,Re: We noticed you still haven’t claimed your Reward!t03,"Your Complimentary AAA Car Emergency Kit
Anywhere. Anytime. Always.

Claim your complimentary AAA Car Emergency Kit before the day ends!

Our kits are almost depleted with only a few left. Don't miss out on essential tools like jumper cables, a reliable flashlight, first-aid supplies, and more to keep you safe on the road. Act now to ensure you're prepared for any emergency situation.

Click Here To Get Your Complimentary AAA Car Emergency Kit 
Durable Jumper Cables
High-Lumen Flashlight
Comprehensive First-Aid Kit
Reflective Warning Triangles
Multi-Tool with Pliers and Screwdrivers
 
24/7 Roadside Assistance
Unlimited Travel Planning
Discounts on Hotels and Rentals
Emergency Fuel Delivery
Battery Service and Replacement

If you no longer wish to receive these emails, you may unsubscribe b",https://storage.googleapis.com/cocodrillo/thannina.html#4GeGUT85657yIAI522koezfxjplr18576HPISPUMSMLMJKAF103873EYVL48952M26|https://www.google.com/url?q=https://storage.googleapis.com/cocodrillo/thannina.html%234GeGUT85657yIAI522koezfxjplr18576HPISPUMSMLMJKAF103873EYVL48952M26&amp;source=gmail&amp;ust=1786726699971000&amp;usg=AOvVaw12uhpEKvFX2jSWXyFTBfYc|https://storage.googleapis.com/cocodrillo/thannina.html#4YQjDI85657aoqU522ghijiqgkmt18576HAPOQHRAAZRITSG103873QCIM48952J26|https://www.google.com/url?q=https://storage.googleapis.com/cocodrillo/thannina.html%234YQjDI85657aoqU522ghijiqgkmt18576HAPOQHRAAZRITSG103873QCIM48952J26&amp;source=gmail&amp;ust=1786726699971000&amp;usg=AOvVaw1K6OCvztRELV4sf5kaF5Rv|https://storage.googleapis.com/cocodrillo/thannina.html#5iZGhh85657MvEm522gtxhrhcpsb18576KDHMQHATJEAGIKL103873WKBT48952h26|https://www.google.com/url?q=https://storage.googleapis.com/cocodrillo/thannina.html%235iZGhh85657MvEm522gtxhrhcpsb18576KDHMQHATJEAGIKL103873WKBT48952h26&amp;source=gmail&amp;ust=1786726699971000&amp;usg=AOvVaw0atNlsVqEE4LCx8ekdKfQD,none,none,none,1,1,0.947,1,0.5265
cbd.communications@cbd.ae,Pause before you respond,"View in browser﻿ | للّغة العربية اضغط هنا
Download
Dear Customer,
In our previous communication, we highlighted how fraudsters may impersonate trusted organisations to obtain personal or banking information. Knowing how to respond to a suspicious request is just as important as recognising one.
What you can do
		
End the conversation


If someone asks for personal or financial information, do not respond or follow their instructions. End the call or ignore the message.


		
Verify through official channels


Contact CBD or the organisation directly using its official phone number, website or mobile app. Avoid using contact details provided in a suspicious message.


		
Do not act under pressure


Fraudsters may create urgency or fear to pressure you into acting quickly. Take a moment to st",https://ci3.googleusercontent.com/meips/ADKq_NY9kpUoNGtTu-NnBoVQj3JmcxL2yw8PMGngoXjy97WHvGn89RXdbQ0hVFYp-qiIMrqlTgFckEzPc43c5fPqIIBTncHMRUntpO8avqefLLpc6NoTpuEhm_zafFPL7dYQGFavAp0hEbnPfZgqobpJpmvvX7k7YaqQJeC81YAW-yLA5M2gWFeM7N00aqNmCKouU1V2ze-VtMTzzhzYM0Od4z6fxtdW6Y2t0lbjwo6Bncn6aOzirpI9ErfllukSDSas8CoHdOwVD6h552dtdVJZYcP_ahBJqwKUuI1qaxtNtvI6oP1MOOUWgNEp7_mTQQyec0rIPDlTDew9Ij21AeGJVuCkUfguczjrqKyASh-mbo7-9xmdU6yq9QDReNxjT02QIOeUKIXqhRmUW4yoHqsiJfgUhl645zwWtpxG0hOBXRjctxdiojXs_4TmyJewAa7IKogrqTM=s0-d-e1-ft#https://elink.clickdimensions.com/o/4/eyJhaSI6NjAyMjQ0MDksImUiOiJtZy1lbmM6UXRLYmNpN09UUWw0OWRHaFFxSzkzWFkxaGRhQWhvNXciLCJyaSI6ImNvbnRhY3QtNGZmYTIzNWVmNzhmZjExMWEzMjcwMDE1NWQwZGRmNzItMTVjMjQ5ZTdhNzA2NGNiMDg0OTVlNDg4MjA4NGFiNjgiLCJycSI6IjAyLWIyNjIxNi01ZjFmMDIwMjY1YzQ0NWNhOTFlZmJkYzBiYTMwZTk5NCJ9/y_E7RZkJ_Glo2hQi-DhxkQ|https://elink.clickdimensions.com/c/7/eyJhaSI6NjAyMjQ0MDksImUiOiJtZy1lbmM6UXRLYmNpN09UUWw0OWRHaFFxSzkzWFkxaGRhQWhvNXciLCJyaSI6ImNvbnRhY3QtNGZmYTIzNWVmNzhmZjExMWEzMjcwMDE1NWQwZGRmNzItMTVjMjQ5ZTdhNzA2NGNiMDg0OTVlNDg4MjA4NGFiNjgiLCJycSI6IjAyLWIyNjIxNi01ZjFmMDIwMjY1YzQ0NWNhOTFlZmJkYzBiYTMwZTk5NCIsIm0iOmZhbHNlLCJ1aSI6IjAiLCJ1biI6IiIsInUiOiJodHRwczovL3d3dy5jYmQuYWUvZ2VuZXJhbC9zZWN1cml0eS9wYXVzZS1iZWZvcmUteW91LXJlc3BvbmQ_dXRtX3NvdXJjZT1DQkQmdXRtX21lZGl1bT1lbWFpbCZ1dG1fY2FtcGFpZ249UGF1c2UrYmVmb3JlK3lvdStyZXNwb25kJnV0bV9pZD1DQkQmdXRtX3Rlcm09Y3RhJnV0bV9jb250ZW50PXZpZXcraW4rYnJvd3NlciZfY2xkZWU9M1I1M1BuRFAyRG0tTGljbXZncjhteDJGUWVoYno1VFM1M0ZHSTl2bTU5WC1GejVvNnZmWDRiNnp1c2dvcEtzaCZyZWNpcGllbnRpZD1jb250YWN0LTRmZmEyMzVlZjc4ZmYxMTFhMzI3MDAxNTVkMGRkZjcyLTE1YzI0OWU3YTcwNjRjYjA4NDk1ZTQ4ODIwODRhYjY4JmVzaWQ9NzVjNWRjNDQtMGI5MC1mMTExLWEzNGEtMDAxNTVkMGU5N2NjIn0/TStVZJWZSwEX_U6haFLIMQ|https://www.google.com/url?q=https://elink.clickdimensions.com/c/7/eyJhaSI6NjAyMjQ0MDksImUiOiJtZy1lbmM6UXRLYmNpN09UUWw0OWRHaFFxSzkzWFkxaGRhQWhvNXciLCJyaSI6ImNvbnRhY3QtNGZmYTIzNWVmNzhmZjExMWEzMjcwMDE1NWQwZGRmNzItMTVjMjQ5ZTdhNzA2NGNiMDg0OTVlNDg4MjA4NGFiNjgiLCJycSI6IjAyLWIyNjIxNi01ZjFmMDIwMjY1YzQ0NWNhOTFlZmJkYzBiYTMwZTk5NCIsIm0iOmZhbHNlLCJ1aSI6IjAiLCJ1biI6IiIsInUiOiJodHRwczovL3d3dy5jYmQuYWUvZ2VuZXJhbC9zZWN1cml0eS9wYXVzZS1iZWZvcmUteW91LXJlc3BvbmQ_dXRtX3NvdXJjZT1DQkQmdXRtX21lZGl1bT1lbWFpbCZ1dG1fY2FtcGFpZ249UGF1c2UrYmVmb3JlK3lvdStyZXNwb25kJnV0bV9pZD1DQkQmdXRtX3Rlcm09Y3RhJnV0bV9jb250ZW50PXZpZXcraW4rYnJvd3NlciZfY2xkZWU9M1I1M1BuRFAyRG0tTGljbXZncjhteDJGUWVoYno1VFM1M0ZHSTl2bTU5WC1GejVvNnZmWDRiNnp1c2dvcEtzaCZyZWNpcGllbnRpZD1jb250YWN0LTRmZmEyMzVlZjc4ZmYxMTFhMzI3MDAxNTVkMGRkZjcyLTE1YzI0OWU3YTcwNjRjYjA4NDk1ZTQ4ODIwODRhYjY4JmVzaWQ9NzVjNWRjNDQtMGI5MC1mMTExLWEzNGEtMDAxNTVkMGU5N2NjIn0/TStVZJWZSwEX_U6haFLIMQ&amp;source=gmail&amp;ust=1786726713031000&amp;usg=AOvVaw3kjI0HyPwMnKRlEa0E24DY|https://elink.clickdimensions.com/c/7/eyJhaSI6NjAyMjQ0MDksImUiOiJtZy1lbmM6UXRLYmNpN09UUWw0OWRHaFFxSzkzWFkxaGRhQWhvNXciLCJyaSI6ImNvbnRhY3QtNGZmYTIzNWVmNzhmZjExMWEzMjcwMDE1NWQwZGRmNzItMTVjMjQ5ZTdhNzA2NGNiMDg0OTVlNDg4MjA4NGFiNjgiLCJycSI6IjAyLWIyNjIxNi01ZjFmMDIwMjY1YzQ0NWNhOTFlZmJkYzBiYTMwZTk5NCIsIm0iOmZhbHNlLCJ1aSI6IjEiLCJ1biI6IiIsInUiOiJodHRwczovL2NiZC5hZS9nZW5lcmFsL2ZpbmFuY2lhbC1saXRlcmFjeS9jcmVkaXQtcHJvZmlsZS1pbXBhY3Q_dXRtX3NvdXJjZT1jYmQmdXRtX21lZGl1bT1lbWFpbCZ1dG1fY2FtcGFpZ249ZmluYW5jaWFsX2xpdGVyYWN5JnV0bV90ZXJtPWxpbmsmdXRtX2NvbnRlbnQ9dmlld19pbl9icm93c2VyJl9jbGRlZT0zUjUzUG5EUDJEbS1MaWNtdmdyOG14MkZRZWhiejVUUzUzRkdJOXZtNTlYLUZ6NW82dmZYNGI2enVzZ29wS3NoJnJlY2lwaWVudGlkPWNvbnRhY3QtNGZmYTIzNWVmNzhmZjExMWEzMjcwMDE1NWQwZGRmNzItMTVjMjQ5ZTdhNzA2NGNiMDg0OTVlNDg4MjA4NGFiNjgmZXNpZD03NWM1ZGM0NC0wYjkwLWYxMTEtYTM0YS0wMDE1NWQwZTk3Y2MifQ/co9bnNVeBjM-snv2AI6qnw|https://www.google.com/url?q=https://elink.clickdimensions.com/c/7/eyJhaSI6NjAyMjQ0MDksImUiOiJtZy1lbmM6UXRLYmNpN09UUWw0OWRHaFFxSzkzWFkxaGRhQWhvNXciLCJyaSI6ImNvbnRhY3QtNGZmYTIzNWVmNzhmZjExMWEzMjcwMDE1NWQwZGRmNzItMTVjMjQ5ZTdhNzA2NGNiMDg0OTVlNDg4MjA4NGFiNjgiLCJycSI6IjAyLWIyNjIxNi01ZjFmMDIwMjY1YzQ0NWNhOTFlZmJkYzBiYTMwZTk5NCIsIm0iOmZhbHNlLCJ1aSI6IjEiLCJ1biI6IiIsInUiOiJodHRwczovL2NiZC5hZS9nZW5lcmFsL2ZpbmFuY2lhbC1saXRlcmFjeS9jcmVkaXQtcHJvZmlsZS1pbXBhY3Q_dXRtX3NvdXJjZT1jYmQmdXRtX21lZGl1bT1lbWFpbCZ1dG1fY2FtcGFpZ249ZmluYW5jaWFsX2xpdGVyYWN5JnV0bV90ZXJtPWxpbmsmdXRtX2NvbnRlbnQ9dmlld19pbl9icm93c2VyJl9jbGRlZT0zUjUzUG5EUDJEbS1MaWNtdmdyOG14MkZRZWhiejVUUzUzRkdJOXZtNTlYLUZ6NW82dmZYNGI2enVzZ29wS3NoJnJlY2lwaWVudGlkPWNvbnRhY3QtNGZmYTIzNWVmNzhmZjExMWEzMjcwMDE1NWQwZGRmNzItMTVjMjQ5ZTdhNzA2NGNiMDg0OTVlNDg4MjA4NGFiNjgmZXNpZD03NWM1ZGM0NC0wYjkwLWYxMTEtYTM0YS0wMDE1NWQwZTk3Y2MifQ/co9bnNVeBjM-snv2AI6qnw&amp;source=gmail&amp;ust=1786726713031000&amp;usg=AOvVaw3lZRBWhIvTmpeR04jiA7mC|https://elink.clickdimensions.com/c/7/eyJhaSI6NjAyMjQ0MDksImUiOiJtZy1lbmM6UXRLYmNpN09UUWw0OWRHaFFxSzkzWFkxaGRhQWhvNXciLCJyaSI6ImNvbnRhY3QtNGZmYTIzNWVmNzhmZjExMWEzMjcwMDE1NWQwZGRmNzItMTVjMjQ5ZTdhNzA2NGNiMDg0OTVlNDg4MjA4NGFiNjgiLCJycSI6IjAyLWIyNjIxNi01ZjFmMDIwMjY1YzQ0NWNhOTFlZmJkYzBiYTMwZTk5NCIsIm0iOmZhbHNlLCJ1aSI6IjIiLCJ1biI6IiIsInUiOiJodHRwczovL3d3dy5jYmQuYWUvYXIvZ2VuZXJhbC9zZWN1cml0eS9wYXVzZS1iZWZvcmUteW91LXJlc3BvbmQ_dXRtX3NvdXJjZT1DQkQmdXRtX21lZGl1bT1lbWFpbCZ1dG1fY2FtcGFpZ249UGF1c2UrYmVmb3JlK3lvdStyZXNwb25kJnV0bV9pZD1DQkQmdXRtX3Rlcm09Y3RhJnV0bV9jb250ZW50PXZpZXcraW4rYnJvd3NlciZfY2xkZWU9M1I1M1BuRFAyRG0tTGljbXZncjhteDJGUWVoYno1VFM1M0ZHSTl2bTU5WC1GejVvNnZmWDRiNnp1c2dvcEtzaCZyZWNpcGllbnRpZD1jb250YWN0LTRmZmEyMzVlZjc4ZmYxMTFhMzI3MDAxNTVkMGRkZjcyLTE1YzI0OWU3YTcwNjRjYjA4NDk1ZTQ4ODIwODRhYjY4JmVzaWQ9NzVjNWRjNDQtMGI5MC1mMTExLWEzNGEtMDAxNTVkMGU5N2NjIn0/m9DFjQ_lIxa2rR-g2m_5SQ|https://www.google.com/url?q=https://elink.clickdimensions.com/c/7/eyJhaSI6NjAyMjQ0MDksImUiOiJtZy1lbmM6UXRLYmNpN09UUWw0OWRHaFFxSzkzWFkxaGRhQWhvNXciLCJyaSI6ImNvbnRhY3QtNGZmYTIzNWVmNzhmZjExMWEzMjcwMDE1NWQwZGRmNzItMTVjMjQ5ZTdhNzA2NGNiMDg0OTVlNDg4MjA4NGFiNjgiLCJycSI6IjAyLWIyNjIxNi01ZjFmMDIwMjY1YzQ0NWNhOTFlZmJkYzBiYTMwZTk5NCIsIm0iOmZhbHNlLCJ1aSI6IjIiLCJ1biI6IiIsInUiOiJodHRwczovL3d3dy5jYmQuYWUvYXIvZ2VuZXJhbC9zZWN1cml0eS9wYXVzZS1iZWZvcmUteW91LXJlc3BvbmQ_dXRtX3NvdXJjZT1DQkQmdXRtX21lZGl1bT1lbWFpbCZ1dG1fY2FtcGFpZ249UGF1c2UrYmVmb3JlK3lvdStyZXNwb25kJnV0bV9pZD1DQkQmdXRtX3Rlcm09Y3RhJnV0bV9jb250ZW50PXZpZXcraW4rYnJvd3NlciZfY2xkZWU9M1I1M1BuRFAyRG0tTGljbXZncjhteDJGUWVoYno1VFM1M0ZHSTl2bTU5WC1GejVvNnZmWDRiNnp1c2dvcEtzaCZyZWNpcGllbnRpZD1jb250YWN0LTRmZmEyMzVlZjc4ZmYxMTFhMzI3MDAxNTVkMGRkZjcyLTE1YzI0OWU3YTcwNjRjYjA4NDk1ZTQ4ODIwODRhYjY4JmVzaWQ9NzVjNWRjNDQtMGI5MC1mMTExLWEzNGEtMDAxNTVkMGU5N2NjIn0/m9DFjQ_lIxa2rR-g2m_5SQ&amp;source=gmail&amp;ust=1786726713031000&amp;usg=AOvVaw3rzNuaQAlp7p3FGuMIR0Kf|https://ci3.googleusercontent.com/meips/ADKq_NZXP09-8NTdWONxviXIPPiPWc4MmPphcxXrwVEiY3HKGB1cvG7fxJYp9xkq_BFv0rn93yjzE4VY7a8b-qtZrzYXbOiP50XMOxtgGJtk1XdnqTYWesAt1hPo=s0-d-e1-ft#https://s1.designmodo.com/postcards/Hero_Banner-7cb6a3-646047f2.jpg|https://ci3.googleusercontent.com/meips/ADKq_NZsALK0OEWPV09AiAoyLMQA3EQczRLf8pdpQVZN0BXUnetTtD9tpNzEtJKX8eZAPlAzDuvJCpPsSaaZSsmzuPpHkeGCj5wOjqPkkyGB57g=s0-d-e1-ft#https://s1.designmodo.com/postcards/Icon_1_7-661096ee.png|https://ci3.googleusercontent.com/meips/ADKq_NYLYm8sqIBHNnV-XEX3_rg7IbqZ-r6uiwdldb8ylqnhch7bg4O5C_KvI8ARqVxStsLcNLj5Q8G8jbeltmJ7o1ZAMk7sZyqiQsTrfpYqMEs=s0-d-e1-ft#https://s1.designmodo.com/postcards/Icon_2_7-b7638bb8.png|https://ci3.googleusercontent.com/meips/ADKq_NaWVUnUQ2-Vs3owdAr_t2qeCNGouljD-HXq39CsUSa4WVdhmN2yXFcW7qWEQpFUKHtf9jSDO09DHAc6-jlz3tI4cpBgplEWjiQ-eUFOnIY=s0-d-e1-ft#https://s1.designmodo.com/postcards/Icon_3_6-74591998.png|https://ci3.googleusercontent.com/meips/ADKq_NbToaL3KnvyJcsNEd9waZEEdgREt6JzF6C_N0vzcGn570uX_M4wXhijekFJn8ZMOUwv7KGrIQWcNB7IeCiVCkXMaqe2AfC_uSfj-W74Yp4=s0-d-e1-ft#https://s1.designmodo.com/postcards/Icon_4_5-1a8e9cf5.png|https://ci3.googleusercontent.com/meips/ADKq_NZkK2hd0lI1ETpWwTlTqtvboy5cDlqQT0yPLFCl45Ie4K7zeIiFIKmd38P23VnJ1aJ_YieKHi3EUru970lagkSSzJQQcYtv3kjqk-sNGrb_cYyHe1pE=s0-d-e1-ft#https://s1.designmodo.com/postcards/shield_lock_3_1-851785cd.png|https://ci3.googleusercontent.com/meips/ADKq_NZ-zTGbtth9Dt7Cdr1zwEyOS6XqqX_Ob8Whnulx78u6sj_-NEGaUQhqZVZaDAnHyvIc0R93m__a1QZoLpc9dmH2uaWjRn9LzoSMWcaF5mm4SBazrvYM9fQQNJs=s0-d-e1-ft#https://s1.designmodo.com/postcards/Separator_line_600_x-51e860e7.jpg|https://elink.clickdimensions.com/c/7/eyJhaSI6NjAyMjQ0MDksImUiOiJtZy1lbmM6UXRLYmNpN09UUWw0OWRHaFFxSzkzWFkxaGRhQWhvNXciLCJyaSI6ImNvbnRhY3QtNGZmYTIzNWVmNzhmZjExMWEzMjcwMDE1NWQwZGRmNzItMTVjMjQ5ZTdhNzA2NGNiMDg0OTVlNDg4MjA4NGFiNjgiLCJycSI6IjAyLWIyNjIxNi01ZjFmMDIwMjY1YzQ0NWNhOTFlZmJkYzBiYTMwZTk5NCIsIm0iOmZhbHNlLCJ1aSI6IjMiLCJ1biI6IiIsInUiOiJodHRwczovL3d3dy5jYmQuYWUvZ2VuZXJhbC9nZXQtaW4tdG91Y2g_dXRtX3NvdXJjZT1jYmQmdXRtX21lZGl1bT1lbWFpbCZ1dG1fdGVybT1saW5rJnV0bV9jb250ZW50PWNvbnRhY3RzJl9jbGRlZT0zUjUzUG5EUDJEbS1MaWNtdmdyOG14MkZRZWhiejVUUzUzRkdJOXZtNTlYLUZ6NW82dmZYNGI2enVzZ29wS3NoJnJlY2lwaWVudGlkPWNvbnRhY3QtNGZmYTIzNWVmNzhmZjExMWEzMjcwMDE1NWQwZGRmNzItMTVjMjQ5ZTdhNzA2NGNiMDg0OTVlNDg4MjA4NGFiNjgmZXNpZD03NWM1ZGM0NC0wYjkwLWYxMTEtYTM0YS0wMDE1NWQwZTk3Y2MifQ/S661mUSac_GCPwB4KwWq-A|https://www.google.com/url?q=https://elink.clickdimensions.com/c/7/eyJhaSI6NjAyMjQ0MDksImUiOiJtZy1lbmM6UXRLYmNpN09UUWw0OWRHaFFxSzkzWFkxaGRhQWhvNXciLCJyaSI6ImNvbnRhY3QtNGZmYTIzNWVmNzhmZjExMWEzMjcwMDE1NWQwZGRmNzItMTVjMjQ5ZTdhNzA2NGNiMDg0OTVlNDg4MjA4NGFiNjgiLCJycSI6IjAyLWIyNjIxNi01ZjFmMDIwMjY1YzQ0NWNhOTFlZmJkYzBiYTMwZTk5NCIsIm0iOmZhbHNlLCJ1aSI6IjMiLCJ1biI6IiIsInUiOiJodHRwczovL3d3dy5jYmQuYWUvZ2VuZXJhbC9nZXQtaW4tdG91Y2g_dXRtX3NvdXJjZT1jYmQmdXRtX21lZGl1bT1lbWFpbCZ1dG1fdGVybT1saW5rJnV0bV9jb250ZW50PWNvbnRhY3RzJl9jbGRlZT0zUjUzUG5EUDJEbS1MaWNtdmdyOG14MkZRZWhiejVUUzUzRkdJOXZtNTlYLUZ6NW82dmZYNGI2enVzZ29wS3NoJnJlY2lwaWVudGlkPWNvbnRhY3QtNGZmYTIzNWVmNzhmZjExMWEzMjcwMDE1NWQwZGRmNzItMTVjMjQ5ZTdhNzA2NGNiMDg0OTVlNDg4MjA4NGFiNjgmZXNpZD03NWM1ZGM0NC0wYjkwLWYxMTEtYTM0YS0wMDE1NWQwZTk3Y2MifQ/S661mUSac_GCPwB4KwWq-A&amp;source=gmail&amp;ust=1786726713033000&amp;usg=AOvVaw2w4rJYtYOrlOxUfbH8yhYg|https://elink.clickdimensions.com/c/7/eyJhaSI6NjAyMjQ0MDksImUiOiJtZy1lbmM6UXRLYmNpN09UUWw0OWRHaFFxSzkzWFkxaGRhQWhvNXciLCJyaSI6ImNvbnRhY3QtNGZmYTIzNWVmNzhmZjExMWEzMjcwMDE1NWQwZGRmNzItMTVjMjQ5ZTdhNzA2NGNiMDg0OTVlNDg4MjA4NGFiNjgiLCJycSI6IjAyLWIyNjIxNi01ZjFmMDIwMjY1YzQ0NWNhOTFlZmJkYzBiYTMwZTk5NCIsIm0iOmZhbHNlLCJ1aSI6IjQiLCJ1biI6IiIsInUiOiJodHRwczovL2NiZC5hZS9nZW5lcmFsL3NlcnZpY2UtcHJvbWlzZT91dG1fc291cmNlPUNCRCZ1dG1fbWVkaXVtPWVtYWlsJnV0bV90ZXJtPWxpbmsmdXRtX2NvbnRlbnQ9Y29udGFjdHMmX2NsZGVlPTNSNTNQbkRQMkRtLUxpY212Z3I4bXgyRlFlaGJ6NVRTNTNGR0k5dm01OVgtRno1bzZ2Zlg0YjZ6dXNnb3BLc2gmcmVjaXBpZW50aWQ9Y29udGFjdC00ZmZhMjM1ZWY3OGZmMTExYTMyNzAwMTU1ZDBkZGY3Mi0xNWMyNDllN2E3MDY0Y2IwODQ5NWU0ODgyMDg0YWI2OCZlc2lkPTc1YzVkYzQ0LTBiOTAtZjExMS1hMzRhLTAwMTU1ZDBlOTdjYyJ9/i3YP-qpmbhuAjA80q9Oj-w|https://www.google.com/url?q=https://elink.clickdimensions.com/c/7/eyJhaSI6NjAyMjQ0MDksImUiOiJtZy1lbmM6UXRLYmNpN09UUWw0OWRHaFFxSzkzWFkxaGRhQWhvNXciLCJyaSI6ImNvbnRhY3QtNGZmYTIzNWVmNzhmZjExMWEzMjcwMDE1NWQwZGRmNzItMTVjMjQ5ZTdhNzA2NGNiMDg0OTVlNDg4MjA4NGFiNjgiLCJycSI6IjAyLWIyNjIxNi01ZjFmMDIwMjY1YzQ0NWNhOTFlZmJkYzBiYTMwZTk5NCIsIm0iOmZhbHNlLCJ1aSI6IjQiLCJ1biI6IiIsInUiOiJodHRwczovL2NiZC5hZS9nZW5lcmFsL3NlcnZpY2UtcHJvbWlzZT91dG1fc291cmNlPUNCRCZ1dG1fbWVkaXVtPWVtYWlsJnV0bV90ZXJtPWxpbmsmdXRtX2NvbnRlbnQ9Y29udGFjdHMmX2NsZGVlPTNSNTNQbkRQMkRtLUxpY212Z3I4bXgyRlFlaGJ6NVRTNTNGR0k5dm01OVgtRno1bzZ2Zlg0YjZ6dXNnb3BLc2gmcmVjaXBpZW50aWQ9Y29udGFjdC00ZmZhMjM1ZWY3OGZmMTExYTMyNzAwMTU1ZDBkZGY3Mi0xNWMyNDllN2E3MDY0Y2IwODQ5NWU0ODgyMDg0YWI2OCZlc2lkPTc1YzVkYzQ0LTBiOTAtZjExMS1hMzRhLTAwMTU1ZDBlOTdjYyJ9/i3YP-qpmbhuAjA80q9Oj-w&amp;source=gmail&amp;ust=1786726713033000&amp;usg=AOvVaw3FJdMMewRTU8P9uu2mW_UP|https://elink.clickdimensions.com/c/7/eyJhaSI6NjAyMjQ0MDksImUiOiJtZy1lbmM6UXRLYmNpN09UUWw0OWRHaFFxSzkzWFkxaGRhQWhvNXciLCJyaSI6ImNvbnRhY3QtNGZmYTIzNWVmNzhmZjExMWEzMjcwMDE1NWQwZGRmNzItMTVjMjQ5ZTdhNzA2NGNiMDg0OTVlNDg4MjA4NGFiNjgiLCJycSI6IjAyLWIyNjIxNi01ZjFmMDIwMjY1YzQ0NWNhOTFlZmJkYzBiYTMwZTk5NCIsIm0iOmZhbHNlLCJ1aSI6IjUiLCJ1biI6IiIsInUiOiJodHRwczovL3d3dy5mYWNlYm9vay5jb20vQ0JEVUFFLz9fY2xkZWU9M1I1M1BuRFAyRG0tTGljbXZncjhteDJGUWVoYno1VFM1M0ZHSTl2bTU5WC1GejVvNnZmWDRiNnp1c2dvcEtzaCZyZWNpcGllbnRpZD1jb250YWN0LTRmZmEyMzVlZjc4ZmYxMTFhMzI3MDAxNTVkMGRkZjcyLTE1YzI0OWU3YTcwNjRjYjA4NDk1ZTQ4ODIwODRhYjY4JmVzaWQ9NzVjNWRjNDQtMGI5MC1mMTExLWEzNGEtMDAxNTVkMGU5N2NjIn0/isbZfM7_hnrdS1p2uEsgiQ|https://www.google.com/url?q=https://elink.clickdimensions.com/c/7/eyJhaSI6NjAyMjQ0MDksImUiOiJtZy1lbmM6UXRLYmNpN09UUWw0OWRHaFFxSzkzWFkxaGRhQWhvNXciLCJyaSI6ImNvbnRhY3QtNGZmYTIzNWVmNzhmZjExMWEzMjcwMDE1NWQwZGRmNzItMTVjMjQ5ZTdhNzA2NGNiMDg0OTVlNDg4MjA4NGFiNjgiLCJycSI6IjAyLWIyNjIxNi01ZjFmMDIwMjY1YzQ0NWNhOTFlZmJkYzBiYTMwZTk5NCIsIm0iOmZhbHNlLCJ1aSI6IjUiLCJ1biI6IiIsInUiOiJodHRwczovL3d3dy5mYWNlYm9vay5jb20vQ0JEVUFFLz9fY2xkZWU9M1I1M1BuRFAyRG0tTGljbXZncjhteDJGUWVoYno1VFM1M0ZHSTl2bTU5WC1GejVvNnZmWDRiNnp1c2dvcEtzaCZyZWNpcGllbnRpZD1jb250YWN0LTRmZmEyMzVlZjc4ZmYxMTFhMzI3MDAxNTVkMGRkZjcyLTE1YzI0OWU3YTcwNjRjYjA4NDk1ZTQ4ODIwODRhYjY4JmVzaWQ9NzVjNWRjNDQtMGI5MC1mMTExLWEzNGEtMDAxNTVkMGU5N2NjIn0/isbZfM7_hnrdS1p2uEsgiQ&amp;source=gmail&amp;ust=1786726713033000&amp;usg=AOvVaw2O2oYml2s_BopQroAOP-nO,none,none,none,1,0,0.9752,1,0.5124
noreply@talabat.com,Your service charges Receipt,"Download
Download



Just dropping off your receipt.

Open the attachment for your payment breakdown.





	
 
 
 



You’re receiving these emails because you signed up to talabat.",https://ci3.googleusercontent.com/meips/ADKq_NZlUBSRYXs9YX6E1e0wGTIN334zU7quwQ-_A1s7bAXGi3tidTydZd8iaR2yEuCHGk5JIz_s9GxwuPxceMs6_jhvpvhqsMyj_hjTf1Uy2TUXi1naFnjP8sNsKMY0Dq2DvzTQYtocdi1wEjzkdiQ_wu9xzMMNOEjSdpPwvx_DjZ1wQjkWlscAzberGuQPz3Rx=s0-d-e1-ft#https://braze-images.com/appboy/communication/assets/image_assets/images/678dfe4195ac23006411e087/original.png?1737358913|https://ci3.googleusercontent.com/meips/ADKq_NYWrfPMtRmpY1zYmQebN3ahCTPUxKpQ-yVMPI9OIlu78wF9xwA2jlkGzBho5SWSEi2KweGq9B63jpmos6pI9OkVbHsELQMG7pfGa0EcLO9IKhInJ7TGkk3r7wt0WO6NOA0PLj7yQ_TqPTj4Z_HHBq6d5i-ASsXeI45_xomgcCZIRUUGHlgb3hBUpphbvHsZ=s0-d-e1-ft#https://braze-images.com/appboy/communication/assets/image_assets/images/678df91c8af65f0063e065d7/original.png?1737357595|https://ci3.googleusercontent.com/meips/ADKq_NYWFbF3mLSe-o2qhjSTi2M7Hxx4XFs6PgN0uys1bjcAebo4i-6mPbwzbHESbe-14C6jB9y_Bu_0vGGZ20k0bbYvos72_Hl3DsT-WVB3Uxh8s_gfufWYb8bliDlFTWrqgvbl0xwp42M77NRsdmUn23kTPwnk3z-zva70jmn8hngA1Ne4xh27SQOK_mDw0jST=s0-d-e1-ft#https://braze-images.com/appboy/communication/assets/image_assets/images/66c4ee770d22440071e45424/original.png?1724182135|http://url8707.talabat.com/ls/click?upn=u001.DpzgeX5tlJMn48wzUQah0-2FvXJsfcc5c2HhteO5Y6DAtzzFB5z91HAfF7fA9c2-2BdZUsCXSmUAP9WOqSgBmMUf82DqqUcUrDwLdQfuTQMm4oDXzVjbmfr3nEN9hUi2pJfErdv1_FX2eX3NFpGmw4-2F9Ov9s3vSRIuoWKGjp5-2FGKJ1p98OCy4q-2FmuqKYC-2B3RLAKBcYBlXtd-2FhFTA4-2FKMcHzZeHYoeSpoOdt5AaIDjeFxLjkJUhi-2FuzmrOx3XUtxSj58t8ytEFktE-2BbyN2aAiGqS3SZYKEqu4T598SJuS3JZ9-2BDLzPJwp4vjyB0gripdlyE0zWYJeytWdGB457Vq8B6HkmBERL5Q-3D-3D|https://www.google.com/url?q=http://url8707.talabat.com/ls/click?upn%3Du001.DpzgeX5tlJMn48wzUQah0-2FvXJsfcc5c2HhteO5Y6DAtzzFB5z91HAfF7fA9c2-2BdZUsCXSmUAP9WOqSgBmMUf82DqqUcUrDwLdQfuTQMm4oDXzVjbmfr3nEN9hUi2pJfErdv1_FX2eX3NFpGmw4-2F9Ov9s3vSRIuoWKGjp5-2FGKJ1p98OCy4q-2FmuqKYC-2B3RLAKBcYBlXtd-2FhFTA4-2FKMcHzZeHYoeSpoOdt5AaIDjeFxLjkJUhi-2FuzmrOx3XUtxSj58t8ytEFktE-2BbyN2aAiGqS3SZYKEqu4T598SJuS3JZ9-2BDLzPJwp4vjyB0gripdlyE0zWYJeytWdGB457Vq8B6HkmBERL5Q-3D-3D&amp;source=gmail&amp;ust=1786726716311000&amp;usg=AOvVaw1tUPEfMLI2mQX3wcgkhWf9|https://ci3.googleusercontent.com/meips/ADKq_Nbnqp_OunpbnWjU6BLJT-5CGi2xM8HbImYEW2ZHVk3SLQZ4MXZUxSlU1I4CoYYgm87LjEYKxQ6oimuCeU12iyBMrpKiFcwRTQC1Eg9Sa65eAkJ9IDR0Q86ClnIbGPjc8B4lyf2h1TmI8BTrxz_prTsbnvYRRuNQgFJh6873coH9OopSjkrQl27flkpega6g=s0-d-e1-ft#https://braze-images.com/appboy/communication/assets/image_assets/images/678dfe906e821a0063b5bed1/original.png?1737358992|http://url8707.talabat.com/ls/click?upn=u001.DpzgeX5tlJMn48wzUQah01H3n7-2F4oGQX44qA-2FJrCve2cXzYgzj1guQnHndOOT5hEF7azaISS4NfU-2FIstQZO9rh7YoeoPqmeys9lWXbWhW1bbfPS7Uigw8JHOEYcldWXls1poqPxjRzhbJz-2BkmrkUwQ-3D-3DcJ-c_FX2eX3NFpGmw4-2F9Ov9s3vSRIuoWKGjp5-2FGKJ1p98OCy4q-2FmuqKYC-2B3RLAKBcYBlX2fLNlbY-2BZHGUlEqqsTke4-2BMACUQgNpKXFM-2B8iFLi-2F83uHxVK-2Bw2MgPhMXjeI7hxlg1uG2yPCTVjoAsDeSmjOJMTRm0rrb2TUwuKBPst41KB0lPFED6lgovjmAJLGX-2B0MJmGQy3u1s1xozmQWbXcqYA-3D-3D|https://www.google.com/url?q=http://url8707.talabat.com/ls/click?upn%3Du001.DpzgeX5tlJMn48wzUQah01H3n7-2F4oGQX44qA-2FJrCve2cXzYgzj1guQnHndOOT5hEF7azaISS4NfU-2FIstQZO9rh7YoeoPqmeys9lWXbWhW1bbfPS7Uigw8JHOEYcldWXls1poqPxjRzhbJz-2BkmrkUwQ-3D-3DcJ-c_FX2eX3NFpGmw4-2F9Ov9s3vSRIuoWKGjp5-2FGKJ1p98OCy4q-2FmuqKYC-2B3RLAKBcYBlX2fLNlbY-2BZHGUlEqqsTke4-2BMACUQgNpKXFM-2B8iFLi-2F83uHxVK-2Bw2MgPhMXjeI7hxlg1uG2yPCTVjoAsDeSmjOJMTRm0rrb2TUwuKBPst41KB0lPFED6lgovjmAJLGX-2B0MJmGQy3u1s1xozmQWbXcqYA-3D-3D&amp;source=gmail&amp;ust=1786726716311000&amp;usg=AOvVaw1TBfSKF4XrWAhdCzRI4hh0|https://ci3.googleusercontent.com/meips/ADKq_NaFj_nM97b0HasulkLtEOmaIZURMuo_5vy9_-kwIvnXw-VLbJDf_K4TMNLFSCJTxu5x85yFJf01d2RqHnskt26y0Rgt78yNV634Y0XRNOPYS1vjdJiMBDQOkVzvwePBbKbdFLPE6zVRgRno5ekxiOYACOE5bKKxLhffWsymOOUK29vh0Rxaggj01I9OHQ0C=s0-d-e1-ft#https://braze-images.com/appboy/communication/assets/image_assets/images/678dfef3ac6d370064bc541e/original.png?1737359091|http://url8707.talabat.com/ls/click?upn=u001.DpzgeX5tlJMn48wzUQah0yFvQKqYRdn2rnafq4OonKZo9CJnh2yHPN39m3bsHKIYyeWgV2XvMRtoddHeggsBmmXHrId5alTEaz2md9x6mUk-2FjXeP3Mbv1MD3fbesLOUOvcBN_FX2eX3NFpGmw4-2F9Ov9s3vSRIuoWKGjp5-2FGKJ1p98OCy4q-2FmuqKYC-2B3RLAKBcYBlXl7F6XFYSbQzw125t-2Fvay9TWVR6Gii4hpGFrKVY5FEFLOw3aqDrvHYzLU2SACvN0PHA-2B8vhGiyEfF5WmjxjodUR3hmivmctYGbGhLKrxdTFx2t5p4fbZc2roPTKUSpT62NSxvwL5pwda7i5sKnuoFUA-3D-3D|https://www.google.com/url?q=http://url8707.talabat.com/ls/click?upn%3Du001.DpzgeX5tlJMn48wzUQah0yFvQKqYRdn2rnafq4OonKZo9CJnh2yHPN39m3bsHKIYyeWgV2XvMRtoddHeggsBmmXHrId5alTEaz2md9x6mUk-2FjXeP3Mbv1MD3fbesLOUOvcBN_FX2eX3NFpGmw4-2F9Ov9s3vSRIuoWKGjp5-2FGKJ1p98OCy4q-2FmuqKYC-2B3RLAKBcYBlXl7F6XFYSbQzw125t-2Fvay9TWVR6Gii4hpGFrKVY5FEFLOw3aqDrvHYzLU2SACvN0PHA-2B8vhGiyEfF5WmjxjodUR3hmivmctYGbGhLKrxdTFx2t5p4fbZc2roPTKUSpT62NSxvwL5pwda7i5sKnuoFUA-3D-3D&amp;source=gmail&amp;ust=1786726716311000&amp;usg=AOvVaw2s5tARySIVrea8CtNpZNOf|https://ci3.googleusercontent.com/meips/ADKq_NakyFZrZ6V4HgiqXIMnIyFc0aTGxPFxxqipq7Pao7sGiYXQKNZeHiN-aqUzyk0LBvg9EvPZnyMeZZBzJp21PFAOToKpLMmIbpSrwCjymtHw476_anzBBAPT2SiQHJRVB6xIa_QnKM7o76hRqDmmV-I4J73Jise5MB2W3x46zjVdGjAQVgemiTctiUtrxHt8=s0-d-e1-ft#https://braze-images.com/appboy/communication/assets/image_assets/images/678dfef3b8ef4300639f1d7d/original.png?1737359091|http://url8707.talabat.com/ls/click?upn=u001.DpzgeX5tlJMn48wzUQah01bn-2BnCpb4tg3Ed9B4l5D4aWb1Hz0bagz1zXLvd-2F6wgdOLYBpDEd8-2FE3rbuFLa9fLmDjZT-2F7rYH-2FIrFE6rqkPhnorvlOfsVZRU9bnI2XS71xG7-2BSWKyHm6BYqHSpnLVvvg-3D-3D8zNW_FX2eX3NFpGmw4-2F9Ov9s3vSRIuoWKGjp5-2FGKJ1p98OCy4q-2FmuqKYC-2B3RLAKBcYBlXBEJFrq-2BWsfnBHXuSHYPZM3-2FS3-2FInXhwjTDkb5mz1NMwAdAGnYR9b8QflInJNNvgJXhKugx-2Bt0JK8VdSTfHGxO8FylHcKaozqPJ6gchEqhdk19rDkt0mZYvVX5-2B8jwArNz2SbPbj6-2FyX1jWObe4Gj-2BQ-3D-3D|https://www.google.com/url?q=http://url8707.talabat.com/ls/click?upn%3Du001.DpzgeX5tlJMn48wzUQah01bn-2BnCpb4tg3Ed9B4l5D4aWb1Hz0bagz1zXLvd-2F6wgdOLYBpDEd8-2FE3rbuFLa9fLmDjZT-2F7rYH-2FIrFE6rqkPhnorvlOfsVZRU9bnI2XS71xG7-2BSWKyHm6BYqHSpnLVvvg-3D-3D8zNW_FX2eX3NFpGmw4-2F9Ov9s3vSRIuoWKGjp5-2FGKJ1p98OCy4q-2FmuqKYC-2B3RLAKBcYBlXBEJFrq-2BWsfnBHXuSHYPZM3-2FS3-2FInXhwjTDkb5mz1NMwAdAGnYR9b8QflInJNNvgJXhKugx-2Bt0JK8VdSTfHGxO8FylHcKaozqPJ6gchEqhdk19rDkt0mZYvVX5-2B8jwArNz2SbPbj6-2FyX1jWObe4Gj-2BQ-3D-3D&amp;source=gmail&amp;ust=1786726716311000&amp;usg=AOvVaw3JqKUD9FvynsIiyqzG7iHG|https://ci3.googleusercontent.com/meips/ADKq_NbyVCH9bZh2_8MIP_kGSi5NqaM1YG3xFCbPE5CZ16preQSdSISNFYVollSIYgrdvHEDRU9pJph5l0C7yGqniC0vTqwT7rpLq5VtmCKfvduAtfl5Ijs0HMIKEHa4GrzbZ_mz4WpCqgnXhnCb4Qzdb_y-qHtcMw7uy883fK0fckw4C7utCzmA7C_xAxU5_ay7=s0-d-e1-ft#https://braze-images.com/appboy/communication/assets/image_assets/images/678dfef332f1aa006390103b/original.png?1737359091|http://url8707.talabat.com/ls/click?upn=u001.DpzgeX5tlJMn48wzUQah0zHsxrnSm2Dkjxy6N5vaQWVOeRoIrr3Ql5kLXhkdcrUDCD-2BARRLC9c-2FcS8NRwuwpRSoTR5lHi8WbqPYFCkPgVL44ikcZgG8k1sUEGifCbLXz4segJzc1692Nnmh2t6yQqA-3D-3D4dom_FX2eX3NFpGmw4-2F9Ov9s3vSRIuoWKGjp5-2FGKJ1p98OCy4q-2FmuqKYC-2B3RLAKBcYBlXqbhydhkkckQiCWD4pc33g5l-2FWFTxrI9wts9GzuCd3QFbnpoHcfz8Wgxj8qWE-2F4FR85LorCVpfRZ2WxVkOsAcdakFurhom9JvHFJuDWT43fMf-2BS6vA3JA7B-2BhyaL7Zr4DkKMUMqgqm7Tt8i9VcoQ9hw-3D-3D|https://www.google.com/url?q=http://url8707.talabat.com/ls/click?upn%3Du001.DpzgeX5tlJMn48wzUQah0zHsxrnSm2Dkjxy6N5vaQWVOeRoIrr3Ql5kLXhkdcrUDCD-2BARRLC9c-2FcS8NRwuwpRSoTR5lHi8WbqPYFCkPgVL44ikcZgG8k1sUEGifCbLXz4segJzc1692Nnmh2t6yQqA-3D-3D4dom_FX2eX3NFpGmw4-2F9Ov9s3vSRIuoWKGjp5-2FGKJ1p98OCy4q-2FmuqKYC-2B3RLAKBcYBlXqbhydhkkckQiCWD4pc33g5l-2FWFTxrI9wts9GzuCd3QFbnpoHcfz8Wgxj8qWE-2F4FR85LorCVpfRZ2WxVkOsAcdakFurhom9JvHFJuDWT43fMf-2BS6vA3JA7B-2BhyaL7Zr4DkKMUMqgqm7Tt8i9VcoQ9hw-3D-3D&amp;source=gmail&amp;ust=1786726716311000&amp;usg=AOvVaw1r3HMArHL7XHjaRnPHkUCO|https://ci3.googleusercontent.com/meips/ADKq_NaJ9BUloaDO8-PW2PDXsULYch9_ge0VeIpTWwzxfRVoWpCjtpwMnmBmlG8LXGvKgmXBjcTjmDKa5-On6rXBVnjNzJuqssuNjUOBD0ku9cxUQP_qUgbFNDzDf-kpH6jFGpDziPsz6VLObMkBAkioRRupkwakdnnZ4kKEbPGrndGsXwgJfs-AHzGS3iAJkSLD=s0-d-e1-ft#https://braze-images.com/appboy/communication/assets/image_assets/images/678dfef33312c0006312d4cf/original.png?1737359091|https://ci3.googleusercontent.com/meips/ADKq_NY6hB_d2yS91KSmESmXYmfnm5mocGF_Ot1GXzNjKSTjGfpnTsJPnRmNLpkQRwg8ryesCgshzoyqGPjN-dZpDTST4jbGIHzwC6ills-zA1MVaqO6IXBetcA5BeoT2Rf6f5wYPiImXo0gTGClIK5BdEpMM1j0G73kyCZzl9uDY1RKX9bJkGJpOxOkHKqg4s_G_8m_ZkLc5SjA8WMpsRQyTpy-DrXbMtO-3vDzRQ7RGI1OzSorCnuDE-E5tE1DBxMuCih_k7R9kcb3pAHR8nnqMSKN34ih8SGX20fcdIxwiRryVn9unq-ISIyASGhXky14C-M6E9eBO-i-OKWoGwMZzS_gtbpjfzgKpeNAFa6ygaCfGhPnyQp0dU_rOCYe3Ribb3Jn5L9hK_JvI8V6Ael0atbU21QDf10kZD7d6-jFIJc=s0-d-e1-ft#http://url8707.talabat.com/wf/open?upn=u001.RaIIidl51fbHwVRHPT0Yhrs1JSq6UoiH2uxB1JEQ7fyx7w47Lr9SP-2B7aYJEYsLjbMcUuWdgbdG3SbfpCZVM7qYkVfG3XRGlSqUXzj-2F7oOYwGzpVSWtKv6ert76-2FmQtf63IlsFwjKnML-2F0eVH1eXg6i0pz4GwtsLOSG7BRO4hEfsWFngYAcUa9FgevuF7wr-2BRggTPatxWk-2Bui9arAPLyibxFRExo0-2BRp4VjIL839rufI-3D,none,none,none,1,0,0.0486,0,0.9757
surveymonkey@t.outbound.surveymonkey.com,You've upgraded!,"Thanks for upgrading!


You've upgraded to our Standard Monthly Plan plan. Thanks for being a SurveyMonkey customer! View your receipt.


Your new Standard Monthly Plan plan gives you access to advanced logic and reporting features, making it even easier to customize your surveys and uncover great insights.


Start using your plan
Order details
View receipt

Plan:
Standard Monthly Plan
Need respondents for your survey? Try SurveyMonkey Audience


Resources


Help Center | Sending surveys | Analyzing results


Questions about VAT? Learn more


Your subscription will automatically renew at the end of each billing period until you cancel it.
You received this email as a registered user of SurveyMonkey. Do not reply to this email. Visit our Help Center to contact us.


© SurveyMonkey Inc Europ",https://ci3.googleusercontent.com/meips/ADKq_Nah_Y-MMUZJYYyzjzUsv_iCZm6kwojsDKFjEYTJ45M1_MiLJL8rSfQO0FCW1Gr4b-6QxFZ-1zEj5q1f2ItNk7A_34ecJE1VCwIbEt68H5eLsiY984rNmOQzwQ=s0-d-e1-ft#https://cdn.smassets.net/assets/notifications/assets/goldie_logo.png|https://click.outbound.surveymonkey.com/f/a/7AHvG3YC8GSeD6MoWPrjUw~~/AAAAARA~/gRP3hDzM-J1M49M_qP5gut1B9iue23FIOOOqsjKWQJ4jxXCqfLqjJWBsLlGBNk5yk6kftqzdb3-4rBlYwDpi8WT-V78OT3XOfhorPVzHNg0Jtr8kgphvgVOU0rxfP0C2b9pL_-EAMPZ-f7B9bzj1FrIElOAmk_2Ukvt5ooMAHEoa-QGUtEIgAdx8L67QkBMT|https://www.google.com/url?q=https://click.outbound.surveymonkey.com/f/a/7AHvG3YC8GSeD6MoWPrjUw~~/AAAAARA~/gRP3hDzM-J1M49M_qP5gut1B9iue23FIOOOqsjKWQJ4jxXCqfLqjJWBsLlGBNk5yk6kftqzdb3-4rBlYwDpi8WT-V78OT3XOfhorPVzHNg0Jtr8kgphvgVOU0rxfP0C2b9pL_-EAMPZ-f7B9bzj1FrIElOAmk_2Ukvt5ooMAHEoa-QGUtEIgAdx8L67QkBMT&amp;source=gmail&amp;ust=1786726718904000&amp;usg=AOvVaw2KkB1RCnKHvM1ScGj-WP0K|https://click.outbound.surveymonkey.com/f/a/u_G5OWtnEVqysvhaVU12Qg~~/AAAAARA~/1x8ckU-DMUw9noSRKXeNeGUeEKpopXrVvVBeKQA_cKkx3YR6_Tsfdzl13k0ZMMb-kJPIHFL5LhcB5UPsz0mUkQIBDPmJN8j5cgvC-Yg-6A25BEN2qqM1mbOQuzisWiVj3miWV6Y7NSru_atEXIkB5A~~|https://www.google.com/url?q=https://click.outbound.surveymonkey.com/f/a/u_G5OWtnEVqysvhaVU12Qg~~/AAAAARA~/1x8ckU-DMUw9noSRKXeNeGUeEKpopXrVvVBeKQA_cKkx3YR6_Tsfdzl13k0ZMMb-kJPIHFL5LhcB5UPsz0mUkQIBDPmJN8j5cgvC-Yg-6A25BEN2qqM1mbOQuzisWiVj3miWV6Y7NSru_atEXIkB5A~~&amp;source=gmail&amp;ust=1786726718904000&amp;usg=AOvVaw1sSCSLxpBuidHwmrluWQNQ|https://click.outbound.surveymonkey.com/f/a/4TUZC4BjP0fdGnfgVFSyDQ~~/AAAAARA~/klKQKuqIyTiB23_tDgaS5MHZD9zqsTQ6yTXbsNzA-ZbMLZr-8KjcmMp6Vo0MobeqOFhwp7gQ-lGAbs9olo_7H5XQkfTewS8bgFNELiObLFSQg1E41n-soghw7s1lr16DMbBPyENgbRLYIBJwqB_uRRmkESsBgjgXneJUcYfNeRBsF_4HiCoXd7IIgpLKjxtYfw1fyEIz5v4-EHV2BDQbHwdNcG7BnC9d5y3MSl34aguuJonlqFWiG-1TyTBDCW0fG_tbY6da_XxM5XhxQRWCyt6szksC3TAZgcKXJrBLxOT8w6Az_aTX_0RgxHmgSHeM|https://www.google.com/url?q=https://click.outbound.surveymonkey.com/f/a/4TUZC4BjP0fdGnfgVFSyDQ~~/AAAAARA~/klKQKuqIyTiB23_tDgaS5MHZD9zqsTQ6yTXbsNzA-ZbMLZr-8KjcmMp6Vo0MobeqOFhwp7gQ-lGAbs9olo_7H5XQkfTewS8bgFNELiObLFSQg1E41n-soghw7s1lr16DMbBPyENgbRLYIBJwqB_uRRmkESsBgjgXneJUcYfNeRBsF_4HiCoXd7IIgpLKjxtYfw1fyEIz5v4-EHV2BDQbHwdNcG7BnC9d5y3MSl34aguuJonlqFWiG-1TyTBDCW0fG_tbY6da_XxM5XhxQRWCyt6szksC3TAZgcKXJrBLxOT8w6Az_aTX_0RgxHmgSHeM&amp;source=gmail&amp;ust=1786726718904000&amp;usg=AOvVaw0g9ajzbQNNDJlLwu0R77zw|https://click.outbound.surveymonkey.com/f/a/Hx7kvbmHiHCo-GnpDTASrQ~~/AAAAARA~/phTfw7n-TQtIGANq3ixAhM9SxlLmfzuNAWOC-FJXPG4qkhadix_5_7mvKxGmMV8qFGNYJqfnVKHSEBWNlcmiNjqoSs95mNL7TPnAIjoim6gAIDpKQ78DCg3bGO2tT1IM1kcwpeIpAG0E1FI6TRS8i0KfucqVtEzjAgPuBM2FP_ECnz4U0jzhWsV7xChGTtSNMkU95pHyLlrF7YvPbB59qBOmVXp8cKEh_sp1x49IaJY~|https://www.google.com/url?q=https://click.outbound.surveymonkey.com/f/a/Hx7kvbmHiHCo-GnpDTASrQ~~/AAAAARA~/phTfw7n-TQtIGANq3ixAhM9SxlLmfzuNAWOC-FJXPG4qkhadix_5_7mvKxGmMV8qFGNYJqfnVKHSEBWNlcmiNjqoSs95mNL7TPnAIjoim6gAIDpKQ78DCg3bGO2tT1IM1kcwpeIpAG0E1FI6TRS8i0KfucqVtEzjAgPuBM2FP_ECnz4U0jzhWsV7xChGTtSNMkU95pHyLlrF7YvPbB59qBOmVXp8cKEh_sp1x49IaJY~&amp;source=gmail&amp;ust=1786726718904000&amp;usg=AOvVaw3flotsl4L09gPiD3i7BK2v|https://click.outbound.surveymonkey.com/f/a/BJWrQm6BAmz1Yb1dwZzQ5g~~/AAAAARA~/7VO-s00ttbRISmZmkp_qTm3aX8kIK7HLDi9c_B-lGIcDNTRLZOiR5BpnrKW6uKxDK9SMh6qBU3rqut9sjcRSlxvAbgHQj_095ug3tuQs8rhz6TCvHsRaX5MKTw1OOu6RYpJGYNevJDb5rwv1iErorhcNg05iybo-o4UBEv1IC5I~|https://www.google.com/url?q=https://click.outbound.surveymonkey.com/f/a/BJWrQm6BAmz1Yb1dwZzQ5g~~/AAAAARA~/7VO-s00ttbRISmZmkp_qTm3aX8kIK7HLDi9c_B-lGIcDNTRLZOiR5BpnrKW6uKxDK9SMh6qBU3rqut9sjcRSlxvAbgHQj_095ug3tuQs8rhz6TCvHsRaX5MKTw1OOu6RYpJGYNevJDb5rwv1iErorhcNg05iybo-o4UBEv1IC5I~&amp;source=gmail&amp;ust=1786726718904000&amp;usg=AOvVaw1cZ-FnmOy_GmvxT29rcE8y|https://click.outbound.surveymonkey.com/f/a/c0YR0OT3RhKdgJTRBK4llw~~/AAAAARA~/B0RhpI-4UONXbFjrjj9sOe_uICjAuX0y_gCDp0wrisMpOEni00t08Ej9CM-dagC87VIsS6AN-tKbtixyz5XvAb7ivP9zOU7X_Q0X2JJ3zpoZOLz37NQe0ftCSkh2YeW5aoqi-J8zoWxjazKupjmaAux78ArcuyNXZQwcl0j8qX4byEj6v5DOZbh8RTsM7-UAvYXm6AaEZTKnHqP6WtweEsv0wg6r25b6UDnRdNKZF7U~|https://www.google.com/url?q=https://click.outbound.surveymonkey.com/f/a/c0YR0OT3RhKdgJTRBK4llw~~/AAAAARA~/B0RhpI-4UONXbFjrjj9sOe_uICjAuX0y_gCDp0wrisMpOEni00t08Ej9CM-dagC87VIsS6AN-tKbtixyz5XvAb7ivP9zOU7X_Q0X2JJ3zpoZOLz37NQe0ftCSkh2YeW5aoqi-J8zoWxjazKupjmaAux78ArcuyNXZQwcl0j8qX4byEj6v5DOZbh8RTsM7-UAvYXm6AaEZTKnHqP6WtweEsv0wg6r25b6UDnRdNKZF7U~&amp;source=gmail&amp;ust=1786726718904000&amp;usg=AOvVaw1Gx7aV7ukGGEH8lWLc55p2|https://click.outbound.surveymonkey.com/f/a/-vmU18FZepgH53hL4wdGSQ~~/AAAAARA~/w58ZXQSzohYSNCCdV9SV5node6T0bYx5OBr4WJUOdHu0irn4HHR_GjRNAM45pw0Ah0jWHvErm7NxKdx-k0p_fdswD5LeHEV1Lo3QKUNZhkAngD0OvcW6pfdDXkP43JLE3dzFCdSDrRwxilKO5_nd4uhqWYjk1t4l6BcFJEMG1JWeko3-mdZULUOm0rTTpuRy0BHzvY-8H7U5WZCfCU1YSv-wUCAaqilO2pvovmDZK10~|https://www.google.com/url?q=https://click.outbound.surveymonkey.com/f/a/-vmU18FZepgH53hL4wdGSQ~~/AAAAARA~/w58ZXQSzohYSNCCdV9SV5node6T0bYx5OBr4WJUOdHu0irn4HHR_GjRNAM45pw0Ah0jWHvErm7NxKdx-k0p_fdswD5LeHEV1Lo3QKUNZhkAngD0OvcW6pfdDXkP43JLE3dzFCdSDrRwxilKO5_nd4uhqWYjk1t4l6BcFJEMG1JWeko3-mdZULUOm0rTTpuRy0BHzvY-8H7U5WZCfCU1YSv-wUCAaqilO2pvovmDZK10~&amp;source=gmail&amp;ust=1786726718904000&amp;usg=AOvVaw27WDmgpmCWHlg4i4vVv4wG|https://click.outbound.surveymonkey.com/f/a/LjFTn2HY8nU5hHeRfp5cGg~~/AAAAARA~/I50gcqwiRYfI8tNolem6DqAXg_eC7ogiAlEFuilD1amir2rNR28GKAJ030pASmQ2hvck2thydC6O0NpqAxGN7DJxv_4EPz90udioZzAPHD8x9vp5yoEVivNRJz7Yk57lgO69zK-NEN_WvY0grfrj43nEplx6PfeEra-ZR5ts5R_vo33BriaBCTQ2eweEGdCWxWQnZ_2DmflwXo3B2wKrZQ~~|https://www.google.com/url?q=https://click.outbound.surveymonkey.com/f/a/LjFTn2HY8nU5hHeRfp5cGg~~/AAAAARA~/I50gcqwiRYfI8tNolem6DqAXg_eC7ogiAlEFuilD1amir2rNR28GKAJ030pASmQ2hvck2thydC6O0NpqAxGN7DJxv_4EPz90udioZzAPHD8x9vp5yoEVivNRJz7Yk57lgO69zK-NEN_WvY0grfrj43nEplx6PfeEra-ZR5ts5R_vo33BriaBCTQ2eweEGdCWxWQnZ_2DmflwXo3B2wKrZQ~~&amp;source=gmail&amp;ust=1786726718904000&amp;usg=AOvVaw1Zw-S41aERmpD0cfZXEK-C|https://click.outbound.surveymonkey.com/f/a/nxSGSj4E8GeCQRK4s5AQhg~~/AAAAARA~/-PWcrrber2Cfg4LSXxzEBd0ZrseyFY0rHlEUJJu_LaCfL2Us-Cw9psKU0ulbqJcK6l2MEcBiFOCeZsBfQ3u0clVIVq2nURDyN1dYeLg5dNvr0Mi0zPzzCWVu-7oFLej57KPHfUsMJQLMJk8vQTVQd1Yk3Onzr5JiP0Qbu7x5bO4U4ez1tsb1QQT7GPbXPxXJH2MPi2aL2t5bTxLo9ekzKq8_U4Bdzk0Iz-z4eKArcvQ~|https://www.google.com/url?q=https://click.outbound.surveymonkey.com/f/a/nxSGSj4E8GeCQRK4s5AQhg~~/AAAAARA~/-PWcrrber2Cfg4LSXxzEBd0ZrseyFY0rHlEUJJu_LaCfL2Us-Cw9psKU0ulbqJcK6l2MEcBiFOCeZsBfQ3u0clVIVq2nURDyN1dYeLg5dNvr0Mi0zPzzCWVu-7oFLej57KPHfUsMJQLMJk8vQTVQd1Yk3Onzr5JiP0Qbu7x5bO4U4ez1tsb1QQT7GPbXPxXJH2MPi2aL2t5bTxLo9ekzKq8_U4Bdzk0Iz-z4eKArcvQ~&amp;source=gmail&amp;ust=1786726718904000&amp;usg=AOvVaw0Ab-EaWsPIN1_pNeK_KPz6|https://click.outbound.surveymonkey.com/f/a/f5Ip3GQCgbxFys9cUUXMXA~~/AAAAARA~/ryF80Dyx7qg7IVNDJQYR_b5e7Qd8oduPkVLAjeh9752SEwTW4Pz5tK92Bj0LwXXZqE-691RLjyYQb2BXSGN2Ypfg7uc6DSzCaR3XNWW1FtO99oEw7WnshjzDeGzP-8CNiAU1GbdVsvacgkE4QGQohawGlPr36ktZgfsMUOLqtAv7NYNXCBKJqUnawZLybXU15LKed_KMfZhOCiauyTs7jOjCwcJoWRUFX5K-uZuMnL4jT6-vFtNpi-iWqPH7rCLN,none,none,none,0,1,0.6572,1,0.3286
noreply@talabat.com,Your service charges Receipt,"Your service charges Receipt
                  
                
                
                
                
                      
                        
                            ‌ ‌ ‌ ‌ ‌ ‌ ‌ ‌ ‌ ‌ ‌ ‌ ‌ ‌ ‌ ‌ ‌ ‌ ‌ ‌ ‌ ‌ ‌ ‌ ‌ ‌ ‌ ‌ ‌ ‌ ‌ ‌ ‌ ‌ ‌ ‌ ‌ ‌ ‌ ‌ ‌ ‌ ‌ ‌ ‌ ‌ ‌ ‌ ‌ ‌ ‌ ‌ ‌ ‌ ‌ ‌ ‌ ‌ ‌ ‌ ‌ ‌ ‌ ‌ ‌ ‌ ‌ ‌ ‌ ‌ ‌ ‌ ‌ ‌ ‌ ‌ ‌ ‌ ‌ ‌ ‌ ‌ ‌  ‌ ‌ ‌ ‌ ‌ ‌ ‌ ‌ ‌ ‌ ‌ ‌ ‌ ‌ ‌ ‌ ‌ ‌ ‌ ‌ ‌ ‌ ‌ ‌ ‌ ‌ ‌ ‌ ‌ ‌ ‌ ‌ ‌ ‌ ‌ ‌ ‌ ‌ ‌ ‌        
                          
                        
                        
						  
						 
						
						  
                        
                        
							
								
								Download
								Download
							
							
						
                        
						 
						
						
						  
						
						
							
							
							
							
							
								
",https://ci3.googleusercontent.com/meips/ADKq_NZlUBSRYXs9YX6E1e0wGTIN334zU7quwQ-_A1s7bAXGi3tidTydZd8iaR2yEuCHGk5JIz_s9GxwuPxceMs6_jhvpvhqsMyj_hjTf1Uy2TUXi1naFnjP8sNsKMY0Dq2DvzTQYtocdi1wEjzkdiQ_wu9xzMMNOEjSdpPwvx_DjZ1wQjkWlscAzberGuQPz3Rx=s0-d-e1-ft#https://braze-images.com/appboy/communication/assets/image_assets/images/678dfe4195ac23006411e087/original.png?1737358913|https://ci3.googleusercontent.com/meips/ADKq_NYWrfPMtRmpY1zYmQebN3ahCTPUxKpQ-yVMPI9OIlu78wF9xwA2jlkGzBho5SWSEi2KweGq9B63jpmos6pI9OkVbHsELQMG7pfGa0EcLO9IKhInJ7TGkk3r7wt0WO6NOA0PLj7yQ_TqPTj4Z_HHBq6d5i-ASsXeI45_xomgcCZIRUUGHlgb3hBUpphbvHsZ=s0-d-e1-ft#https://braze-images.com/appboy/communication/assets/image_assets/images/678df91c8af65f0063e065d7/original.png?1737357595|https://ci3.googleusercontent.com/meips/ADKq_NYWFbF3mLSe-o2qhjSTi2M7Hxx4XFs6PgN0uys1bjcAebo4i-6mPbwzbHESbe-14C6jB9y_Bu_0vGGZ20k0bbYvos72_Hl3DsT-WVB3Uxh8s_gfufWYb8bliDlFTWrqgvbl0xwp42M77NRsdmUn23kTPwnk3z-zva70jmn8hngA1Ne4xh27SQOK_mDw0jST=s0-d-e1-ft#https://braze-images.com/appboy/communication/assets/image_assets/images/66c4ee770d22440071e45424/original.png?1724182135|http://url8707.talabat.com/ls/click?upn=u001.DpzgeX5tlJMn48wzUQah0-2FvXJsfcc5c2HhteO5Y6DAtzzFB5z91HAfF7fA9c2-2BdZUsCXSmUAP9WOqSgBmMUf82DqqUcUrDwLdQfuTQMm4oDXzVjbmfr3nEN9hUi2pJfESasx_FX2eX3NFpGmw4-2F9Ov9s3vSRIuoWKGjp5-2FGKJ1p98OCw-2FhAHVnaO10dJgIVNi-2BKFrv9xsZ578hs25bWc00k2g9E4oHuu0YKxc8viLcJz6uucqkKKqWLN73G-2FxLjFhbNi3EAQFDCel3tYoACKjNvhUy7ZDJyj12qlpXm3w7j25Sx0iVennaJJkRTk2rntAASas6yHuWyleuyHjOflMX-2FD3hw-3D-3D|https://www.google.com/url?q=http://url8707.talabat.com/ls/click?upn%3Du001.DpzgeX5tlJMn48wzUQah0-2FvXJsfcc5c2HhteO5Y6DAtzzFB5z91HAfF7fA9c2-2BdZUsCXSmUAP9WOqSgBmMUf82DqqUcUrDwLdQfuTQMm4oDXzVjbmfr3nEN9hUi2pJfESasx_FX2eX3NFpGmw4-2F9Ov9s3vSRIuoWKGjp5-2FGKJ1p98OCw-2FhAHVnaO10dJgIVNi-2BKFrv9xsZ578hs25bWc00k2g9E4oHuu0YKxc8viLcJz6uucqkKKqWLN73G-2FxLjFhbNi3EAQFDCel3tYoACKjNvhUy7ZDJyj12qlpXm3w7j25Sx0iVennaJJkRTk2rntAASas6yHuWyleuyHjOflMX-2FD3hw-3D-3D&amp;source=gmail&amp;ust=1786726742652000&amp;usg=AOvVaw2tPunUjBYzhmXdqavCmbD7|https://ci3.googleusercontent.com/meips/ADKq_Nbnqp_OunpbnWjU6BLJT-5CGi2xM8HbImYEW2ZHVk3SLQZ4MXZUxSlU1I4CoYYgm87LjEYKxQ6oimuCeU12iyBMrpKiFcwRTQC1Eg9Sa65eAkJ9IDR0Q86ClnIbGPjc8B4lyf2h1TmI8BTrxz_prTsbnvYRRuNQgFJh6873coH9OopSjkrQl27flkpega6g=s0-d-e1-ft#https://braze-images.com/appboy/communication/assets/image_assets/images/678dfe906e821a0063b5bed1/original.png?1737358992|http://url8707.talabat.com/ls/click?upn=u001.DpzgeX5tlJMn48wzUQah01H3n7-2F4oGQX44qA-2FJrCve2cXzYgzj1guQnHndOOT5hEF7azaISS4NfU-2FIstQZO9rh7YoeoPqmeys9lWXbWhW1bbfPS7Uigw8JHOEYcldWXls1poqPxjRzhbJz-2BkmrkUwQ-3D-3D0DQY_FX2eX3NFpGmw4-2F9Ov9s3vSRIuoWKGjp5-2FGKJ1p98OCw-2FhAHVnaO10dJgIVNi-2BKFricc5ubDZNKmhsdOYgFzdnpMw6GZxBefd2Nel5oEhD9KfuA5wB0cDfDSNJ4jg-2BIB7QlgKB9FWWId9mNTg8DbVd6ai22JtIULoVKJOk6uDFQvQcO9b5NgggWVMrsirNKsqJ3J50608hAmFHMbH8rZLWQ-3D-3D|https://www.google.com/url?q=http://url8707.talabat.com/ls/click?upn%3Du001.DpzgeX5tlJMn48wzUQah01H3n7-2F4oGQX44qA-2FJrCve2cXzYgzj1guQnHndOOT5hEF7azaISS4NfU-2FIstQZO9rh7YoeoPqmeys9lWXbWhW1bbfPS7Uigw8JHOEYcldWXls1poqPxjRzhbJz-2BkmrkUwQ-3D-3D0DQY_FX2eX3NFpGmw4-2F9Ov9s3vSRIuoWKGjp5-2FGKJ1p98OCw-2FhAHVnaO10dJgIVNi-2BKFricc5ubDZNKmhsdOYgFzdnpMw6GZxBefd2Nel5oEhD9KfuA5wB0cDfDSNJ4jg-2BIB7QlgKB9FWWId9mNTg8DbVd6ai22JtIULoVKJOk6uDFQvQcO9b5NgggWVMrsirNKsqJ3J50608hAmFHMbH8rZLWQ-3D-3D&amp;source=gmail&amp;ust=1786726742652000&amp;usg=AOvVaw1k5uos62ZvPfptlocwn-pM|https://ci3.googleusercontent.com/meips/ADKq_NaFj_nM97b0HasulkLtEOmaIZURMuo_5vy9_-kwIvnXw-VLbJDf_K4TMNLFSCJTxu5x85yFJf01d2RqHnskt26y0Rgt78yNV634Y0XRNOPYS1vjdJiMBDQOkVzvwePBbKbdFLPE6zVRgRno5ekxiOYACOE5bKKxLhffWsymOOUK29vh0Rxaggj01I9OHQ0C=s0-d-e1-ft#https://braze-images.com/appboy/communication/assets/image_assets/images/678dfef3ac6d370064bc541e/original.png?1737359091|http://url8707.talabat.com/ls/click?upn=u001.DpzgeX5tlJMn48wzUQah0yFvQKqYRdn2rnafq4OonKZo9CJnh2yHPN39m3bsHKIYyeWgV2XvMRtoddHeggsBmmXHrId5alTEaz2md9x6mUk-2FjXeP3Mbv1MD3fbesLOUOvKop_FX2eX3NFpGmw4-2F9Ov9s3vSRIuoWKGjp5-2FGKJ1p98OCw-2FhAHVnaO10dJgIVNi-2BKFryvxQy7cPmS1u5JayyLbuuK4lmkPqEiJdcJiedmkAgd9JA09o1GGi56cF98HQnrtLNqIOC2Frje3s7iBE1WdoU-2BOKAME40wkls3-2BRGULyINncdpPX9xnSlTtmzi1J92OuJXjOrLsVxruf1Y01WfEX8g-3D-3D|https://www.google.com/url?q=http://url8707.talabat.com/ls/click?upn%3Du001.DpzgeX5tlJMn48wzUQah0yFvQKqYRdn2rnafq4OonKZo9CJnh2yHPN39m3bsHKIYyeWgV2XvMRtoddHeggsBmmXHrId5alTEaz2md9x6mUk-2FjXeP3Mbv1MD3fbesLOUOvKop_FX2eX3NFpGmw4-2F9Ov9s3vSRIuoWKGjp5-2FGKJ1p98OCw-2FhAHVnaO10dJgIVNi-2BKFryvxQy7cPmS1u5JayyLbuuK4lmkPqEiJdcJiedmkAgd9JA09o1GGi56cF98HQnrtLNqIOC2Frje3s7iBE1WdoU-2BOKAME40wkls3-2BRGULyINncdpPX9xnSlTtmzi1J92OuJXjOrLsVxruf1Y01WfEX8g-3D-3D&amp;source=gmail&amp;ust=1786726742652000&amp;usg=AOvVaw1Nhek7CQPTpZSjJHt64iO4|https://ci3.googleusercontent.com/meips/ADKq_NakyFZrZ6V4HgiqXIMnIyFc0aTGxPFxxqipq7Pao7sGiYXQKNZeHiN-aqUzyk0LBvg9EvPZnyMeZZBzJp21PFAOToKpLMmIbpSrwCjymtHw476_anzBBAPT2SiQHJRVB6xIa_QnKM7o76hRqDmmV-I4J73Jise5MB2W3x46zjVdGjAQVgemiTctiUtrxHt8=s0-d-e1-ft#https://braze-images.com/appboy/communication/assets/image_assets/images/678dfef3b8ef4300639f1d7d/original.png?1737359091|http://url8707.talabat.com/ls/click?upn=u001.DpzgeX5tlJMn48wzUQah01bn-2BnCpb4tg3Ed9B4l5D4aWb1Hz0bagz1zXLvd-2F6wgdOLYBpDEd8-2FE3rbuFLa9fLmDjZT-2F7rYH-2FIrFE6rqkPhnorvlOfsVZRU9bnI2XS71xG7-2BSWKyHm6BYqHSpnLVvvg-3D-3Dvqlc_FX2eX3NFpGmw4-2F9Ov9s3vSRIuoWKGjp5-2FGKJ1p98OCw-2FhAHVnaO10dJgIVNi-2BKFrydUEcMei79JFj-2BhBRGgvRnEoQ95jZHSl7Mgh4xTTaE8R6nt4w9EfOeRSBTIHsD5n93c7cPekpqd2UOhTJHa9Rb8susDG6vI-2BNjjFDWAgqwmAe5c5sc8e1W-2BNuBcNNmb8b7-2FFWETaJ8TOJ99k9muKVw-3D-3D|https://www.google.com/url?q=http://url8707.talabat.com/ls/click?upn%3Du001.DpzgeX5tlJMn48wzUQah01bn-2BnCpb4tg3Ed9B4l5D4aWb1Hz0bagz1zXLvd-2F6wgdOLYBpDEd8-2FE3rbuFLa9fLmDjZT-2F7rYH-2FIrFE6rqkPhnorvlOfsVZRU9bnI2XS71xG7-2BSWKyHm6BYqHSpnLVvvg-3D-3Dvqlc_FX2eX3NFpGmw4-2F9Ov9s3vSRIuoWKGjp5-2FGKJ1p98OCw-2FhAHVnaO10dJgIVNi-2BKFrydUEcMei79JFj-2BhBRGgvRnEoQ95jZHSl7Mgh4xTTaE8R6nt4w9EfOeRSBTIHsD5n93c7cPekpqd2UOhTJHa9Rb8susDG6vI-2BNjjFDWAgqwmAe5c5sc8e1W-2BNuBcNNmb8b7-2FFWETaJ8TOJ99k9muKVw-3D-3D&amp;source=gmail&amp;ust=1786726742652000&amp;usg=AOvVaw2YxdTGRNsbYL5o1QrwYNrZ|https://ci3.googleusercontent.com/meips/ADKq_NbyVCH9bZh2_8MIP_kGSi5NqaM1YG3xFCbPE5CZ16preQSdSISNFYVollSIYgrdvHEDRU9pJph5l0C7yGqniC0vTqwT7rpLq5VtmCKfvduAtfl5Ijs0HMIKEHa4GrzbZ_mz4WpCqgnXhnCb4Qzdb_y-qHtcMw7uy883fK0fckw4C7utCzmA7C_xAxU5_ay7=s0-d-e1-ft#https://braze-images.com/appboy/communication/assets/image_assets/images/678dfef332f1aa006390103b/original.png?1737359091|http://url8707.talabat.com/ls/click?upn=u001.DpzgeX5tlJMn48wzUQah0zHsxrnSm2Dkjxy6N5vaQWVOeRoIrr3Ql5kLXhkdcrUDCD-2BARRLC9c-2FcS8NRwuwpRSoTR5lHi8WbqPYFCkPgVL44ikcZgG8k1sUEGifCbLXz4segJzc1692Nnmh2t6yQqA-3D-3D_vHY_FX2eX3NFpGmw4-2F9Ov9s3vSRIuoWKGjp5-2FGKJ1p98OCw-2FhAHVnaO10dJgIVNi-2BKFrhX6r4Pnqxz61KkUlPlQlUPB1frU4UxLThbKTXTLinZLOdgACNlqBj1BGMJI81T-2BcrR3cAMShO2iIjzWXwl-2FUqOYV-2B089UU238SoeAfltF7YrqlKPOeDYaYusJzJOqeXyp4A3LtB7niG6TUsbuYLa9w-3D-3D|https://www.google.com/url?q=http://url8707.talabat.com/ls/click?upn%3Du001.DpzgeX5tlJMn48wzUQah0zHsxrnSm2Dkjxy6N5vaQWVOeRoIrr3Ql5kLXhkdcrUDCD-2BARRLC9c-2FcS8NRwuwpRSoTR5lHi8WbqPYFCkPgVL44ikcZgG8k1sUEGifCbLXz4segJzc1692Nnmh2t6yQqA-3D-3D_vHY_FX2eX3NFpGmw4-2F9Ov9s3vSRIuoWKGjp5-2FGKJ1p98OCw-2FhAHVnaO10dJgIVNi-2BKFrhX6r4Pnqxz61KkUlPlQlUPB1frU4UxLThbKTXTLinZLOdgACNlqBj1BGMJI81T-2BcrR3cAMShO2iIjzWXwl-2FUqOYV-2B089UU238SoeAfltF7YrqlKPOeDYaYusJzJOqeXyp4A3LtB7niG6TUsbuYLa9w-3D-3D&amp;source=gmail&amp;ust=1786726742652000&amp;usg=AOvVaw2gz3U6iB27yepMueQ9SpfF|https://ci3.googleusercontent.com/meips/ADKq_NaJ9BUloaDO8-PW2PDXsULYch9_ge0VeIpTWwzxfRVoWpCjtpwMnmBmlG8LXGvKgmXBjcTjmDKa5-On6rXBVnjNzJuqssuNjUOBD0ku9cxUQP_qUgbFNDzDf-kpH6jFGpDziPsz6VLObMkBAkioRRupkwakdnnZ4kKEbPGrndGsXwgJfs-AHzGS3iAJkSLD=s0-d-e1-ft#https://braze-images.com/appboy/communication/assets/image_assets/images/678dfef33312c0006312d4cf/original.png?1737359091|https://ci3.googleusercontent.com/meips/ADKq_NZxwYE90rXjlpeWjWJre7sYqj2FzOF4V81iFZVmlpevTrqKz5vQODd9NZL7-5CaeHWBVfJhkA_F1FSgbcsaecBY6OP_iaXn4rlUlJGLknECo2zNsCAh68qV8KRw0LrkM0lTDVuNSr5lWI0FF88ldc1J9zhrU-KMa4v7O-O66RS9U5uthxVHgbErPNol57mdQMer0IIFRe9Mgm9eyMUV5KSRnDPB5HhAsfGUjlLam3S52upY5-6hYamcyTKkXBOgmfoqAcAKyP7du0HHRdg_1yVzUyy2Frsd8RKVwv7hZCcHUvQKLveaU040qbCCbW8QSiiQi5wwcGsuxoejlKKDXbv6x0f7NwhXjPrkQoRv29aUyTWZLI1uDACMxKH2s6LRG0cnarQsbl4=s0-d-e1-ft#http://url8707.talabat.com/wf/open?upn=u001.RaIIidl51fbHwVRHPT0Yhrs1JSq6UoiH2uxB1JEQ7fy-2FRvgruEt23pjz67nT3-2FoKsRsHck9rVAWeuaQVx0lx7e35BS6jA91qkdzopZ5FoE2UNEEl1e3aFJDK-2FQeoSMmz8uwM2Ofj13VRUHjq6EgN-2F6SZ8NIJyTCRe2I18ZEEb2CU8cFOgNUfDxtkllQkM83Gi1ZQugtwrGWdV8XaJjf9KQ-3D-3D,none,none,none,1,0,0.6424,1,0.6788
adcbalert@adcb.com,ADCB@lert,"Download




	Dr

	AED 2600.00

	XXX920001

	AED25694.55


Download


Download",https://ci3.googleusercontent.com/meips/ADKq_NbIHqE5Gb9IP_7aEimX0W-EFkLacM_CX72dg0rNTfeCXObDr6T5yVON-YMBRmqbYwQlBcDbKGmUbUyiDdAXWDdH3g=s0-d-e1-ft#https://media.adcb.com/CPS/mbconenbanner.jpg|https://ci3.googleusercontent.com/meips/ADKq_NaN4aWm8wDHxku6f7gI6c_2wYOfWJ4apEC_evWWbo0HejCo-Jwsfc7en70FrK121bh-xyrLxkMATXcmXu6JW2o=s0-d-e1-ft#https://media.adcb.com/CPS/cps25om2e-1.jpg|https://ci3.googleusercontent.com/meips/ADKq_NbNkTh07yxr28hhRjP0j6_7u-eS3__SGXr-XM4FNLtsCYTAdx8Cli1-nrQl8VqLmFHu9ncC6VusRmnCrzzr5472RA=s0-d-e1-ft#https://media.adcb.com/CPS/cps25om2e-2-1.jpg|https://ci3.googleusercontent.com/meips/ADKq_NbEV5CU_iWpl1LFcwYSPC_XA4NNqhYdaud-6dI5fZ797YIX6mHAe8OorUVnIyOpGBhc9bu1kYCDlnqAjNzRM7Fl-w=s0-d-e1-ft#https://media.adcb.com/CPS/cps25om2e-2-2.jpg|https://ci3.googleusercontent.com/meips/ADKq_NacdCg0xsQidCgn0STtvclcd5bkDZ43LoZpqA9nWBFHG6687GdcpatVRT_Ogr1By8U5I9lsFiL9ydUT2VhpT64Ytw=s0-d-e1-ft#https://media.adcb.com/CPS/cps25om2e-2-3.jpg|https://ci3.googleusercontent.com/meips/ADKq_NYdcB0ouTt5M3tfz5WzxEFxzYjK7BjHqrbO_zagfgZWkBc_tdVmKbO34xulD8g9cJx2Yi4M54FbPn4S0ULm2bVpfw=s0-d-e1-ft#https://media.adcb.com/CPS/cps25om2e-2-4.jpg|https://ci3.googleusercontent.com/meips/ADKq_NbVGOArPWLz2JjBz_GMtIYpcO3aicoy47WTlY4y3sDqks9-jC-hiJwOEGJDQBLvvB7JvR3gIxJkjHs0teW4KII=s0-d-e1-ft#https://media.adcb.com/CPS/cps25om2e-3.jpg|https://ci3.googleusercontent.com/meips/ADKq_NY-iBsuMWOYbx__7e-CH75D0L9s8DLXPyjAru0msoj0sE3f-Ay2fSTKMADzzMSeB_VE_MOvMegtZdn5aLqzGviM9Bo=s0-d-e1-ft#https://media.adcb.com/CPS/cps25om2footer.jpg|https://protect-eu.mimecast.com/s/RSb6CrEwkTryWqKxt0Basv?domain=adcb.com/|https://www.google.com/url?q=https://protect-eu.mimecast.com/s/RSb6CrEwkTryWqKxt0Basv?domain%3Dadcb.com/&amp;source=gmail&amp;ust=1786726740949000&amp;usg=AOvVaw1jYJZa5lKwXbPMigYm7Xag|https://protect-eu.mimecast.com/s/7FnxC7n53Szrwg5Lc8X7SL?domain=linkedin.com|https://www.google.com/url?q=https://protect-eu.mimecast.com/s/7FnxC7n53Szrwg5Lc8X7SL?domain%3Dlinkedin.com&amp;source=gmail&amp;ust=1786726740949000&amp;usg=AOvVaw2Pdo10CypNAWFZHOPPaNXQ|https://protect-eu.mimecast.com/s/mQOzC8o52CXmEGV9F1J1D0?domain=twitter.com|https://www.google.com/url?q=https://protect-eu.mimecast.com/s/mQOzC8o52CXmEGV9F1J1D0?domain%3Dtwitter.com&amp;source=gmail&amp;ust=1786726740949000&amp;usg=AOvVaw0SA5o7MTqN3ookNjQrUCCM|https://protect-eu.mimecast.com/s/QAt2C9p5rtzJD0y8c3BtH2?domain=instagram.com|https://www.google.com/url?q=https://protect-eu.mimecast.com/s/QAt2C9p5rtzJD0y8c3BtH2?domain%3Dinstagram.com&amp;source=gmail&amp;ust=1786726740949000&amp;usg=AOvVaw25jIKPczlk3eu7XFbO0yLw|https://protect-eu.mimecast.com/s/Cp5RC026RUknpxOjcWAOzA?domain=facebook.com|https://www.google.com/url?q=https://protect-eu.mimecast.com/s/Cp5RC026RUknpxOjcWAOzA?domain%3Dfacebook.com&amp;source=gmail&amp;ust=1786726740949000&amp;usg=AOvVaw0b5KByDo1dTuVOdwa58O1O|https://protect-eu.mimecast.com/s/kHLvCvYA2HEJR9mvhrrGtL?domain=adcb.com|https://www.google.com/url?q=https://protect-eu.mimecast.com/s/kHLvCvYA2HEJR9mvhrrGtL?domain%3Dadcb.com&amp;source=gmail&amp;ust=1786726740949000&amp;usg=AOvVaw3FC7FR1vlk-iKQMMxFldVf,none,none,none,0,1,0.9762,1,0.4881
helpdesk@almufeed.ae,PPM Completed ref : PPM-108-1082-Task-2,"Completion report

(Preventive Maintenance)

 

PPM ID: PPM-108-1082-Task-2

 

Your response is valuable to us, and we wanted to let you know how important your thoughts are to the team at Al mufeed. 

 

If you ever have any questions or want to share more, feel free to contact us on our hotline 800660 or kindly reply to this email.

 

Feedback rating: 5/5

 

Raised on:	08/01/2026 00:00:00
Priority:	PPM
Building/Location:	TOWER 108 - VT/23/2304

 

Kind Regards,

 

Al Mufeed Group
T : 800660
www.almufeed.ae
#806, 8th Floor, DAMAC Executive Heights, Tecom
Dubai, U.A.E. P.O. Box 6034",http://www.almufeed.ae|https://www.google.com/url?q=http://www.almufeed.ae&amp;source=gmail&amp;ust=1786726761629000&amp;usg=AOvVaw3I3k4SQyeyi2LZQOSDMWXH,none,none,none,0,0,0.075,0,0.0375
estatement@adcb.com,ADCB e-Statement,"Download






Download



 

Dear Customer,

Please find enclosed the monthly e-Statement for your account.
 
To view this secure encrypted file, you require Adobe Acrobat Reader 6.0 or above. If you do not have this software, please download it for free. You are kindly requested not to reply to this email.  


ADDED SECURITY

Your PDF Statement attached is 'password protected' and 128-bit encrypted to provide you with additional security.

To open the e-Statement, enter your Customer ID. If you don't remember it, simply send 'CID' via SMS to 2626 from your registered mobile number.


	


	Buy and sell Gold & Silver with your
Gold & Silver Accounts from ADCB


 

			


			
			


Download




Download",https://ci3.googleusercontent.com/meips/ADKq_NaHtvAnP09HxUkO-G6AzQI2KrYYDgCdsJM4unrj9SZHV0eaZ8bi8FoEpJ9g6rgStVHI3yG_Dc5S6jQXUvg9c43eUZItlNGDyCkInuu_chjt-nhsXA=s0-d-e1-ft#https://media.adcb.com/ADCB/edms/images/std/adcb_header_02.jpg|https://ci3.googleusercontent.com/meips/ADKq_NYBUNReK2xQyJIsgfOBENPqAmZ7Me7pqZVQzLTUVosDwtekH-xNR_ytavwmH62SIKHF6BtrPnlL9GZXH3d62ejxcSYYRewIUpPl3um9GpDDOJIjrApgOdg50Vo=s0-d-e1-ft#https://media.adcb.com/ADCB/edms/images/2026/june/eacasp22jbanner.jpg|https://ci3.googleusercontent.com/meips/ADKq_NbFu0LuUcFzhPu-BhCpcvUgL7jEUJRFwyRyGi5V4ZTjLXPiibwJ4MLDw5TevD_MAy9FsOLGIJaDh6Ti0dhb9RqEf7VZbTTXJ8h4-VZYpgiKSQ6IYzeSA7j_1Mor=s0-d-e1-ft#https://media.adcb.com/ADCB/edms/images/2026/june/eacasp22jtile_01.png|https://get.adobe.com/reader/|https://www.google.com/url?q=https://get.adobe.com/reader/&amp;source=gmail&amp;ust=1786726770417000&amp;usg=AOvVaw1cL6lQ_KAXsHpY3rPG1TqH|https://ci3.googleusercontent.com/meips/ADKq_NaGEqUnE99wg5MTt-nidy_vBl4JJt94bzWj7yNXzqpxWjAv9roXqZXuaifmT98bvqjbShDP6DfInjldXwHPuUJKIUSiYTBQkcPJFKsSB5FGAiAt46yimfXXBL_VTBw=s0-d-e1-ft#https://media.adcb.com/ADCB/edms/images/2026/june/eacasp22jtile_01_1.png|https://ci3.googleusercontent.com/meips/ADKq_NadS76zU5ZxCsQEuNfvAFRQrPYeNXbVCabQffQZw9AV3ilZ-Z6rARbUSM7n82_pR-UtSJxorZlFnLXwzcTYulBAkdluKihwe0uehTaNIXqRkrZLnJAJphU-OBbW=s0-d-e1-ft#https://media.adcb.com/ADCB/edms/images/2026/june/eacasp22jtile_02.png|https://www.adcb.com/ar/personal/accounts/current-savings-account/gold-silver-account.aspx|https://www.google.com/url?q=https://www.adcb.com/ar/personal/accounts/current-savings-account/gold-silver-account.aspx&amp;source=gmail&amp;ust=1786726770418000&amp;usg=AOvVaw1Hul9tDXvMupkz0NLhUlGS|https://ci3.googleusercontent.com/meips/ADKq_Nbr2b87fnvJ9I1vjwbIf8vsBOAaR04G5i1QLB_oma6FcskUYWYmG9-B9f20_yBBju6AGg3R2CO2jHALo3t8iBUDuvJkyjO2rxpwsxjansFXa3MJXRZIkQQAaaet=s0-d-e1-ft#https://media.adcb.com/ADCB/edms/images/2026/june/eacasp22jtile_03.jpg|https://www.google.com/url?q=https://get.adobe.com/reader/&amp;source=gmail&amp;ust=1786726770418000&amp;usg=AOvVaw1B9RBqdXBUvEBg2BKzaFSS|https://ci3.googleusercontent.com/meips/ADKq_NZMdT71OlEjKiEIwX6_ugrgdU0lHhvCNz55v9-Yadp-eNnqgJlufJ26lI4uj7CPZGswnvuVLAg7LPHNrXkW7Ie_SLGJOzfasSywhi_Ar8I1J1HQA8TzF8gRDCN1GG8zuS5tKTLd-g3eJRw7=s0-d-e1-ft#https://media.adcb.com/ADCB/edms/images/2026/june/eacasp22jimg_cross_sell_icon_01.png|https://ci3.googleusercontent.com/meips/ADKq_NZ2JjIEvmENp8TKxUeimmv2bPKDIan1Td67iADgUGCFrNDDIauPseV7Azlt1taJy7q9mMI4f9CgkdrSOCFY4FlENGmrhcn3iGwfus7iPHzJn2e4eGI9Ybet3XZbBSXwB8s_Tf-8hA=s0-d-e1-ft#https://media.adcb.com/ADCB/edms/images/2026/june/eacasp22jimg_cross_sell_01.jpg|https://www.adcb.com/en/personal/accounts/current-savings-account/gold-silver-account.aspx|https://www.google.com/url?q=https://www.adcb.com/en/personal/accounts/current-savings-account/gold-silver-account.aspx&amp;source=gmail&amp;ust=1786726770418000&amp;usg=AOvVaw3uPVcKX_LFk05TiBY6akvT|https://ci3.googleusercontent.com/meips/ADKq_NY7rdYSIoXkJpx03SfGe5C_g5kKUEBOFqTdqON9MqSzSoMSw6ty87StHR4TQn06Y5y-KxQqrcIoHhZQmWBHQq7jWtia6RhHoTf-JOcTk0qaEr9cAZ-IuvWPcKsZLA=s0-d-e1-ft#https://media.adcb.com/ADCB/edms/images/2026/june/eacasp22jarrow_en.png|https://www.facebook.com/ADCBOfficial|https://www.google.com/url?q=https://www.facebook.com/ADCBOfficial&amp;source=gmail&amp;ust=1786726770418000&amp;usg=AOvVaw1yMccl4l9gWiJDuRUWp3jt|https://ci3.googleusercontent.com/meips/ADKq_Na6pr_H-V629enkUxb8bwUUzQAqL2blGFwJ0tqmwpFqa-soTp6JCvNdKqHDmD7UBz5OVZR9GZKXUAQbyRsanA66jHFWwihuk5qMKsDFzG9JS4r9aEFv5g=s0-d-e1-ft#https://media.adcb.com/ADCB/edms/images/2026/june/eacasp22jfb.jpg|https://www.instagram.com/ADCB/,none,none,none,0,1,0.7248,1,0.3624
team@m.ngrok.com,[ngrok news] certified 100% slop-free,"View in browser


Hi, Sophia!


This month feels completely cleaved in two.

On one side, ngrok's AI Gateway, reborn: one URL for every model, including the ones you run yourself.

On the other, gloriously inefficient, handmade content: Kubernetes ported to a browser tab, and two Raspberry Pis cajoled into talking.

Somehow, it's all one newsletter. Keep reading.

One place to route, reroute, control, and finally see what they all cost. Public providers, custom endpoints, and the models you run yourself all sit behind one gateway URL, reachable through the SDKs you already use. Switch models by changing a string, scope access keys to just the right providers, and see tokens, latency, and cost breakdowns instead of the lump-sum total your provider hands you.

Plus: calling self-hosted model",https://ci3.googleusercontent.com/meips/ADKq_NbtwD8JH6hv1tuLzQsJE1-90EbZPwr7dzdVbQ6Bm_XA93IymAXSaVVSDf1w1krJYE3uV5ynxeG6yoeLWyD06ICYyqQM4lcvM6atzFJcTpvzLZwgqjO9EUfjtLNYAn8UYm23JJ1AMClTNj9y=s0-d-e1-ft#https://21124867.fs1.hubspotusercontent-na1.net/hubfs/21124867/Newsletter/rainbow.png|https://ci3.googleusercontent.com/meips/ADKq_Nb2JZNDpZA3K0lTY_VB_HsYRICNOMhA98l4u-xVEN1xUqFbX7dz4NOO-7KcBpcagREl9LM8-M9rRtir7Xy7OGifO1450qnUjuXz4aFZ9sBVKzVrySrrGpCFRU6cQAAxmOzv=s0-d-e1-ft#https://hs-21124867.f.hubspotemail.net/hubfs/21124867/Newsletter/rainbow.png|https://d2v8tf04.na1.hubspotlinks.com/Ctc/5F+113/d2v8tf04/VVQD0Z390q9pW38Mcy57sBpXWW61z83B5RQc1lN2ZRHB43m2nnW69sMD-6lZ3nsW45qZ033X31FtW2fY6LR7HcybNW7RwLTy3ZJVLxW3sS_WY2j4C4jV5lG7g8xbNqbW5LRXCy5qSX0mN44QB61WCCb4VthYBb59p0kRW7lCVnM2BdfgqW4bW_xv4nKrMDW8K9cLL3Z8drKN6NkMplS1jMcW8rmjwm3qjSkqW16GHCW7kzQhpW60PR0B8wvJF8W6hcQWL3c0cpKW7xwNZz5FsBqSW5CY8F68GFzSLW2Vlns47NYzrbW8hV4806fmjDBf4M1qns04|https://www.google.com/url?q=https://d2v8tf04.na1.hubspotlinks.com/Ctc/5F%2B113/d2v8tf04/VVQD0Z390q9pW38Mcy57sBpXWW61z83B5RQc1lN2ZRHB43m2nnW69sMD-6lZ3nsW45qZ033X31FtW2fY6LR7HcybNW7RwLTy3ZJVLxW3sS_WY2j4C4jV5lG7g8xbNqbW5LRXCy5qSX0mN44QB61WCCb4VthYBb59p0kRW7lCVnM2BdfgqW4bW_xv4nKrMDW8K9cLL3Z8drKN6NkMplS1jMcW8rmjwm3qjSkqW16GHCW7kzQhpW60PR0B8wvJF8W6hcQWL3c0cpKW7xwNZz5FsBqSW5CY8F68GFzSLW2Vlns47NYzrbW8hV4806fmjDBf4M1qns04&amp;source=gmail&amp;ust=1786726787466000&amp;usg=AOvVaw0Z8ThmY0gZJq4clO_nHLBF|https://ci3.googleusercontent.com/meips/ADKq_NaQhPaNLhSDKKZQXQn4zMKRW3XTvG6BiuWoQK3duDgfa9BkC9bPSe-DmFyKTwTcKDyVTFgXV4UGaeiBJz6lPPDo5QA56yzTbAIEJ6S7nWj1eNbJGyp8Eak1NBHpQWOFA1pNmFJAjzxJ0gxKUShRrbeTmAG56bHHW3JB78vlbTEjzejBSGDh11NonbRWm-0qpHVCUevdMB86bhUiL3N6F7_9_9id42y5y8H7EeR6Eg=s0-d-e1-ft#https://hs-21124867.f.hubspotemail.net/hub/21124867/hubfs/ngrok-white-med.png?upscale=true&amp;upscale=true&amp;width=240&amp;upscale=true&amp;name=ngrok-white-med.png|https://d2v8tf04.na1.hubspotlinks.com/Ctc/5F+113/d2v8tf04/VVQD0Z390q9pW38Mcy57sBpXWW61z83B5RQc1lN2ZRHBH3qn9qW7lCdLW6lZ3pJW4x1F0B7WVVQ8W8rJKNb8KBg_xW45hYbB8VwvTMW25KHCf5KjDpwW4dRfb61C8Lg0W77zKtP1xcNKFW11GPPL98CTlDN5dBYl1qt8J9W959S614wrd5xW5QPWXX6spZgKVQ5Lrn5m9Y4QW5rMLK51S7sr1W15fv9-2DqpFJW7g4Rdy2BvmSPW8B5RVD4-G55rW3KdSQB5wJHbRN4JJMHVyqBNnVRSyxW2wjs-yW3kWHRx1c9m_yW7p7dbX3gnf4lW8PVxf63-CQ8TVKsSJh5QyKNSW2hgLlp9hF4yqW8kDch14Hdv7nf1p0LQ204|https://www.google.com/url?q=https://d2v8tf04.na1.hubspotlinks.com/Ctc/5F%2B113/d2v8tf04/VVQD0Z390q9pW38Mcy57sBpXWW61z83B5RQc1lN2ZRHBH3qn9qW7lCdLW6lZ3pJW4x1F0B7WVVQ8W8rJKNb8KBg_xW45hYbB8VwvTMW25KHCf5KjDpwW4dRfb61C8Lg0W77zKtP1xcNKFW11GPPL98CTlDN5dBYl1qt8J9W959S614wrd5xW5QPWXX6spZgKVQ5Lrn5m9Y4QW5rMLK51S7sr1W15fv9-2DqpFJW7g4Rdy2BvmSPW8B5RVD4-G55rW3KdSQB5wJHbRN4JJMHVyqBNnVRSyxW2wjs-yW3kWHRx1c9m_yW7p7dbX3gnf4lW8PVxf63-CQ8TVKsSJh5QyKNSW2hgLlp9hF4yqW8kDch14Hdv7nf1p0LQ204&amp;source=gmail&amp;ust=1786726787466000&amp;usg=AOvVaw0Qv-M6tFsV5pSh-mPAgSWY|https://d2v8tf04.na1.hubspotlinks.com/Ctc/5F+113/d2v8tf04/VVQD0Z390q9pW38Mcy57sBpXWW61z83B5RQc1lN2ZRHCg3qn9qW8wLKSR6lZ3n-W5-SjBp8B5X_8W175n1M5MQJhFW3N6Qwj7sy0PqW6MWbYn63ksMFW56Pphr3LHH7_W8F6J7g83h1-0W5JhzH23rrZTzW93HJJ78CcYqKW2H7By461VpdKW13YmM-7jks-7W75p5D01HcVp-W23Bjr_6Zd89_W2nLWC94DK-DDW1L6gG-27L6zMW3m6XjX4qpDTHN28nCSp-w0X9W3tZDLN4hRpS1W3G2Pc667CnZdW50h-3P7S_5l9W2GLF6S19PBQqW7vwXJk69jk-7VT_lJB4v6mM-W72Sd7_2vDbMmW1dqvnR1FpllrW5YT2qR52mg1mW6W_HXs5NlhzzW3YpZ135FdqCRV_-M1X3JkR7Nf7sbXqM04|https://www.google.com/url?q=https://d2v8tf04.na1.hubspotlinks.com/Ctc/5F%2B113/d2v8tf04/VVQD0Z390q9pW38Mcy57sBpXWW61z83B5RQc1lN2ZRHCg3qn9qW8wLKSR6lZ3n-W5-SjBp8B5X_8W175n1M5MQJhFW3N6Qwj7sy0PqW6MWbYn63ksMFW56Pphr3LHH7_W8F6J7g83h1-0W5JhzH23rrZTzW93HJJ78CcYqKW2H7By461VpdKW13YmM-7jks-7W75p5D01HcVp-W23Bjr_6Zd89_W2nLWC94DK-DDW1L6gG-27L6zMW3m6XjX4qpDTHN28nCSp-w0X9W3tZDLN4hRpS1W3G2Pc667CnZdW50h-3P7S_5l9W2GLF6S19PBQqW7vwXJk69jk-7VT_lJB4v6mM-W72Sd7_2vDbMmW1dqvnR1FpllrW5YT2qR52mg1mW6W_HXs5NlhzzW3YpZ135FdqCRV_-M1X3JkR7Nf7sbXqM04&amp;source=gmail&amp;ust=1786726787466000&amp;usg=AOvVaw2h-yMHKkojBPdUaF9-jDjY|https://d2v8tf04.na1.hubspotlinks.com/Ctc/5F+113/d2v8tf04/VVQD0Z390q9pW38Mcy57sBpXWW61z83B5RQc1lN2ZRHB-3qn9qW7Y8-PT6lZ3nJW38QkFK6JFGSTW8-fTBf3Nq1GgW3T6MKt7p7Ys9W62RvKG6swdYpW2H4jSl1X-m7mN6hjk4t3g7yLW2d9X2t3pLRnbW3p-9xc2qsDWhW12M7q06xDF2QW6k6Pgz5SWk1wW6GN2y14_S5cSVZyW-Z831W5cMMhBDYvnRxSW1WVnZ86BNYc0W2wlmkR2_KfkDN5VKBbQvklsqVc3DGH7h3-QcW6xBxxS8QM8ssW5dG6g21btgGgV8dTgq2Vn3RrN1GcfjMB_bfQW72K6Nj50VgysW37Sn7y30nQQ3W14YZtr3nvLfKW3Bjq7C5-53ZhW5Gxb8D52cMywf6DhRgH04|https://www.google.com/url?q=https://d2v8tf04.na1.hubspotlinks.com/Ctc/5F%2B113/d2v8tf04/VVQD0Z390q9pW38Mcy57sBpXWW61z83B5RQc1lN2ZRHB-3qn9qW7Y8-PT6lZ3nJW38QkFK6JFGSTW8-fTBf3Nq1GgW3T6MKt7p7Ys9W62RvKG6swdYpW2H4jSl1X-m7mN6hjk4t3g7yLW2d9X2t3pLRnbW3p-9xc2qsDWhW12M7q06xDF2QW6k6Pgz5SWk1wW6GN2y14_S5cSVZyW-Z831W5cMMhBDYvnRxSW1WVnZ86BNYc0W2wlmkR2_KfkDN5VKBbQvklsqVc3DGH7h3-QcW6xBxxS8QM8ssW5dG6g21btgGgV8dTgq2Vn3RrN1GcfjMB_bfQW72K6Nj50VgysW37Sn7y30nQQ3W14YZtr3nvLfKW3Bjq7C5-53ZhW5Gxb8D52cMywf6DhRgH04&amp;source=gmail&amp;ust=1786726787466000&amp;usg=AOvVaw0cE7y5ZTUi4ICT11kgL9oY|https://ci3.googleusercontent.com/meips/ADKq_NYzaM40zKPa8hfnxpU51ft69UWShT7GESZ98LhTKjxYXLorAknNz7GcbxGnu53GvpX1YxvNeJnqLLN8AaGG3BjOewhxaz_ogG3CKvR7k4pIWW-Smc8uEHFq-C_0yGrbklzR5-4_GJBIQGJyV8QCQQ=s0-d-e1-ft#https://hs-21124867.f.hubspotemail.net/hubfs/21124867/Newsletter/2026-07/aigw-video-1.png|https://d2v8tf04.na1.hubspotlinks.com/Ctc/5F+113/d2v8tf04/VVQD0Z390q9pW38Mcy57sBpXWW61z83B5RQc1lN2ZRHCg3qn9qW8wLKSR6lZ3n8W3JSp574670D_W4rXtGJ5Vbkq2W2jFkY01dW2hvW57LQ9p4gPw7SW18R2Pm7wzw30N87znZ3zn0wFW1XwYjq9hfJx9W32qjbG8bxtZLW5WNFSS3JnjhJW8g8TW83qHqGlN91tPb1plwVxW7qPGwv5WXhlJW6GzHVv6ZbXqcW5kd1WQ8z0dCJW3RKWjq5YGdbtW7RQps51N3mphW98rH6T1V8mN1N3dSBtkGB6KnW2y3sds1ZCDrgW5WLJ6h209SRGW4qSPlG4wvfGJW4Q1ZG39bBrZjW2-knvV409XMQW8R58kt6-nHknW6R-d1F8zscXCW48QwHf8NVPVHW6QL0dX2X3MFcW84415y5wmwSyf8vMWZz04|https://www.google.com/url?q=https://d2v8tf04.na1.hubspotlinks.com/Ctc/5F%2B113/d2v8tf04/VVQD0Z390q9pW38Mcy57sBpXWW61z83B5RQc1lN2ZRHCg3qn9qW8wLKSR6lZ3n8W3JSp574670D_W4rXtGJ5Vbkq2W2jFkY01dW2hvW57LQ9p4gPw7SW18R2Pm7wzw30N87znZ3zn0wFW1XwYjq9hfJx9W32qjbG8bxtZLW5WNFSS3JnjhJW8g8TW83qHqGlN91tPb1plwVxW7qPGwv5WXhlJW6GzHVv6ZbXqcW5kd1WQ8z0dCJW3RKWjq5YGdbtW7RQps51N3mphW98rH6T1V8mN1N3dSBtkGB6KnW2y3sds1ZCDrgW5WLJ6h209SRGW4qSPlG4wvfGJW4Q1ZG39bBrZjW2-knvV409XMQW8R58kt6-nHknW6R-d1F8zscXCW48QwHf8NVPVHW6QL0dX2X3MFcW84415y5wmwSyf8vMWZz04&amp;source=gmail&amp;ust=1786726787466000&amp;usg=AOvVaw0yobnz-08XA2ZpGuhbphbA|https://d2v8tf04.na1.hubspotlinks.com/Ctc/5F+113/d2v8tf04/VVQD0Z390q9pW38Mcy57sBpXWW61z83B5RQc1lN2ZRHCg3qn9qW8wLKSR6lZ3nrW6CbQDt6tBQdJW70VPhx7DMlJzW5PX2Qb8KpKLnW2Rrf_-6jP_QcW4lX2Ch6gcG8lMQNpm-NZjYmW3xMcpH4-PTcnVbDN9k22gQltW390Y6f682PD5W7xQPHp5h0VKvW2v-JBW7rGh8qW6fYjQH31lnXHW1DFnJm7rlY8yVjPXjW2nPqF2W8KRzLv3km9VbW376MF84NDc4ZW4jC3-17_CwGnW6tYf0V580MdFVXKX485qHC_GVsX66V3ylktcW6chCLY4w3BbpN17FhgmqfQJ5W65JrNq1XTHCXW6G6WFP4jJWrQN8tTYCmM4hKkW5wBWYF5tfHgPW1SpPv77zQ9k3W8x9bvR7tGnYcf2-482n04|https://www.google.com/url?q=https://d2v8tf04.na1.hubspotlinks.com/Ctc/5F%2B113/d2v8tf04/VVQD0Z390q9pW38Mcy57sBpXWW61z83B5RQc1lN2ZRHCg3qn9qW8wLKSR6lZ3nrW6CbQDt6tBQdJW70VPhx7DMlJzW5PX2Qb8KpKLnW2Rrf_-6jP_QcW4lX2Ch6gcG8lMQNpm-NZjYmW3xMcpH4-PTcnVbDN9k22gQltW390Y6f682PD5W7xQPHp5h0VKvW2v-JBW7rGh8qW6fYjQH31lnXHW1DFnJm7rlY8yVjPXjW2nPqF2W8KRzLv3km9VbW376MF84NDc4ZW4jC3-17_CwGnW6tYf0V580MdFVXKX485qHC_GVsX66V3ylktcW6chCLY4w3BbpN17FhgmqfQJ5W65JrNq1XTHCXW6G6WFP4jJWrQN8tTYCmM4hKkW5wBWYF5tfHgPW1SpPv77zQ9k3W8x9bvR7tGnYcf2-482n04&amp;source=gmail&amp;ust=1786726787466000&amp;usg=AOvVaw3W1wSUCpPm52MrDMrcww5t|https://d2v8tf04.na1.hubspotlinks.com/Ctc/5F+113/d2v8tf04/VVQD0Z390q9pW38Mcy57sBpXWW61z83B5RQc1lN2ZRHCg3qn9qW8wLKSR6lZ3n6N7CfLQCgBhRlW3ggNDN5Y51fTW1PB92P1zSVzsW7pTWRv6lttbYW3lBR2r6zyJ63W7201lJ2ssWWBW4CC-6B4Dr-S1W6F6Ply1sLj0jW5GtNHN3j7Pp7W15PfkX1SJyTmW4NYvzg7V5NGTW44B_Hp6XP2LwN5V--p_35l_gW2ckpBD8JKDbcW37r3np4JzkZHVR9mKD5_5-C6W6dms7S6F8L0LW6b5rM329n5sBVkF1g57cPJC3W6WDwGZ6BvyB7W6lKZgw27Hn4rW4GdsVX3JlQB7W4_DfYM8JqSs5W2t5Ty-4T5Nt3W7YzTyT3KyVnBW8mYdXg8ytWpXW1lBndV5ftG8vVDVM1-40QNwBf56rFhK04|https://www.google.com/url?q=https://d2v8tf04.na1.hubspotlinks.com/Ctc/5F%2B113/d2v8tf04/VVQD0Z390q9pW38Mcy57sBpXWW61z83B5RQc1lN2ZRHCg3qn9qW8wLKSR6lZ3n6N7CfLQCgBhRlW3ggNDN5Y51fTW1PB92P1zSVzsW7pTWRv6lttbYW3lBR2r6zyJ63W7201lJ2ssWWBW4CC-6B4Dr-S1W6F6Ply1sLj0jW5GtNHN3j7Pp7W15PfkX1SJyTmW4NYvzg7V5NGTW44B_Hp6XP2LwN5V--p_35l_gW2ckpBD8JKDbcW37r3np4JzkZHVR9mKD5_5-C6W6dms7S6F8L0LW6b5rM329n5sBVkF1g57cPJC3W6WDwGZ6BvyB7W6lKZgw27Hn4rW4GdsVX3JlQB7W4_DfYM8JqSs5W2t5Ty-4T5Nt3W7YzTyT3KyVnBW8mYdXg8ytWpXW1lBndV5ftG8vVDVM1-40QNwBf56rFhK04&amp;source=gmail&amp;ust=1786726787466000&amp;usg=AOvVaw2jr1lqQ3He7rA1z4bNmKw2|https://d2v8tf04.na1.hubspotlinks.com/Ctc/5F+113/d2v8tf04/VVQD0Z390q9pW38Mcy57sBpXWW61z83B5RQc1lN2ZRHB-3qn9qW7Y8-PT6lZ3mvW717YGZ6pfTkdVm11Xd8wk23XW1mrLP53mqRGTW109gZq3ynsTxW89lM9B3x7xxwVxVK-V8ds1tJW1RD_Kg6ZxXZ0N4TLhxxSlNxNW2K73GZ5PVLfLW2hB0FJ8Y9qQSN5TsSGjFT9QlMx2LtcBmwJQW76swnz1WpKhhW6yM1YJ71YJXxW4HB29P4SKKmBW3cnFNj4VJqxnW3vFt_S4N2THCW3sJr0V1xQM9lW3jYhdz7vk6_fV4828T7JVGQSW8RNmmR9byRdQN25qnN2xQr3CW8kfgCV4Xd57wW2Kr4sH5Yx9_hW7QLFvV5xtD6lW4pb8Js1cmRVCf8LyXBP04|https://www.google.com/url?q=https://d2v8tf04.na1.hubspotlinks.com/Ctc/5F%2B113/d2v8tf04/VVQD0Z390q9pW38Mcy57sBpXWW61z83B5RQc1lN2ZRHB-3qn9qW7Y8-PT6lZ3mvW717YGZ6pfTkdVm11Xd8wk23XW1mrLP53mqRGTW109gZq3ynsTxW89lM9B3x7xxwVxVK-V8ds1tJW1RD_Kg6ZxXZ0N4TLhxxSlNxNW2K73GZ5PVLfLW2hB0FJ8Y9qQSN5TsSGjFT9QlMx2LtcBmwJQW76swnz1WpKhhW6yM1YJ71YJXxW4HB29P4SKKmBW3cnFNj4VJqxnW3vFt_S4N2THCW3sJr0V1xQM9lW3jYhdz7vk6_fV4828T7JVGQSW8RNmmR9byRdQN25qnN2xQr3CW8kfgCV4Xd57wW2Kr4sH5Yx9_hW7QLFvV5xtD6lW4pb8Js1cmRVCf8LyXBP04&amp;source=gmail&amp;ust=1786726787466000&amp;usg=AOvVaw117ukw6qb3nDXfGucVhrGR,none,none,none,0,0,0.942,1,0.471
Iydine.Moneva@terracotta.inc,SOC Level 1 Analyst – Initial Candidate Screening,"Dear Candidate,


Thank you for your interest in the SOC Level 1 Analyst position.


This opportunity is with Terracotta Outsourcing in Dubai, UAE. You will be employed under Terracotta Outsourcing's sponsorship, receiving all benefits in accordance with UAE Labour Law, including medical insurance. You will be assigned to work on-site with one of our government clients in Dubai.


Before proceeding to the next stage, kindly provide the following information:


1. Experience


How many years of experience do you have in Cybersecurity, SOC Operations, IT Support, or Network Administration?
What is your current job title?
Which SIEM, EDR, IDS/IPS, or security monitoring tools have you used?


2. Education


Do you hold a Bachelor's degree in Cybersecurity, Computer Science, Information Techno",http://www.terracotta.inc/|https://www.google.com/url?q=http://www.terracotta.inc/&amp;source=gmail&amp;ust=1786726787312000&amp;usg=AOvVaw2DSe0rG9Vv4rikg-3gF8rc|https://mail.google.com/mail/u/1?ui=2&amp;ik=1b301268b0&amp;attid=0.1&amp;permmsgid=msg-f:1871512431626890733&amp;th=19f8f2a40fd92ded&amp;view=fimg&amp;fur=ip&amp;permmsgid=msg-f:1871512431626890733&amp;sz=s0-l75-ft&amp;attbid=ANGjdJ_vlU9dIQDdLde2IvLpFN00H0sfML_zqjFUEo3B5SN7fr-b-NPIUVZQnAjOzgOVd05ObuYiNRDnpBhL4HC0zYSyxpdWv_ZQmbeggRdcsU4p06b5O5WELKseCAo&amp;disp=emb&amp;zw|https://www.instagram.com/terracotta_outsourcing/|https://www.google.com/url?q=https://www.instagram.com/terracotta_outsourcing/&amp;source=gmail&amp;ust=1786726787312000&amp;usg=AOvVaw1wndMzjBgHoknvQ5TSjZTQ|https://mail.google.com/mail/u/1?ui=2&amp;ik=1b301268b0&amp;attid=0.2&amp;permmsgid=msg-f:1871512431626890733&amp;th=19f8f2a40fd92ded&amp;view=fimg&amp;fur=ip&amp;permmsgid=msg-f:1871512431626890733&amp;sz=s0-l75-ft&amp;attbid=ANGjdJ_NW9nsU3q3U8foJR1HPLtMQuLzUDP3ovnAbaFBa7ggr0OZboqtVc81bQ_MDpRQH0dDOBKcTj5r1nHZ_jVnBag_saQBjxPNVCnKaH4-i_UBNKAxblVka6HR1r0&amp;disp=emb&amp;zw|https://www.facebook.com/Terracotta-Outsourcing-106734042068751/|https://www.google.com/url?q=https://www.facebook.com/Terracotta-Outsourcing-106734042068751/&amp;source=gmail&amp;ust=1786726787312000&amp;usg=AOvVaw316HCRPlDovDMCurwpJzEH|https://mail.google.com/mail/u/1?ui=2&amp;ik=1b301268b0&amp;attid=0.3&amp;permmsgid=msg-f:1871512431626890733&amp;th=19f8f2a40fd92ded&amp;view=fimg&amp;fur=ip&amp;permmsgid=msg-f:1871512431626890733&amp;sz=s0-l75-ft&amp;attbid=ANGjdJ-bNJVqifyts0kGmk2F0sBVe76a77jXEjAXFRKQqI7duC_mZnh6wV-wZS4CnYjNqgSD7ozOe2MArZa_aMmNTGAcSOWR_plp_LMoNZBY2YDS9pDacmjLezigDGI&amp;disp=emb&amp;zw|https://www.linkedin.com/company/terracotta-outsourcing|https://www.google.com/url?q=https://www.linkedin.com/company/terracotta-outsourcing&amp;source=gmail&amp;ust=1786726787312000&amp;usg=AOvVaw1M6KDGQdJ2wYhh3G5HvUN2|https://mail.google.com/mail/u/1?ui=2&amp;ik=1b301268b0&amp;attid=0.4&amp;permmsgid=msg-f:1871512431626890733&amp;th=19f8f2a40fd92ded&amp;view=fimg&amp;fur=ip&amp;permmsgid=msg-f:1871512431626890733&amp;sz=s0-l75-ft&amp;attbid=ANGjdJ8pd5XGNo6RrihCM7erEdxK2MqnT3OzOY-lxsK-FeQHJRGelDlpf_8BqhCAM3euvHOdIPdXJNXAaNq-aurLASrVASEkSscicySfzbKIShjreZKlc3viYRDHtWw&amp;disp=emb&amp;zw|https://mail.google.com/mail/u/1?ui=2&amp;ik=1b301268b0&amp;attid=0.5&amp;permmsgid=msg-f:1871512431626890733&amp;th=19f8f2a40fd92ded&amp;view=fimg&amp;fur=ip&amp;permmsgid=msg-f:1871512431626890733&amp;sz=s0-l75-ft&amp;attbid=ANGjdJ-WIEtkDtRVhCHv822yfbmR5TboYExl_VaumfGMXMj01wwQB5E-kjvXfTHN0Jt78VzexB47_hksGh6joz4rMN14q4kyVNKMfTme77J_gm-dyd6Yi3A-yD_-TmM&amp;disp=emb&amp;zw|https://mail.google.com/mail/u/1?ui=2&amp;ik=1b301268b0&amp;attid=0.6&amp;permmsgid=msg-f:1871512431626890733&amp;th=19f8f2a40fd92ded&amp;view=fimg&amp;fur=ip&amp;permmsgid=msg-f:1871512431626890733&amp;sz=s0-l75-ft&amp;attbid=ANGjdJ-IFMAWW6w5rIfiGXW8GlNenGiAqiFplk-eTa7fMNqLWwoiuYRcMj1rMmv1IvE8vfXkw9aBhzwZ_puJaFg4pTNuDfrSulwZiQoCzN8GtbU1FAt2s7_t_LH_uzk&amp;disp=emb&amp;zw|https://mail.google.com/mail/u/1?ui=2&amp;ik=1b301268b0&amp;attid=0.7&amp;permmsgid=msg-f:1871512431626890733&amp;th=19f8f2a40fd92ded&amp;view=fimg&amp;fur=ip&amp;permmsgid=msg-f:1871512431626890733&amp;sz=s0-l75-ft&amp;attbid=ANGjdJ9lxHsOI_E0XFaYVWsRVvYtPFAfDu9mH_zUyvtZdvOAu8SgSGkifMJX0pJS2Wkc_cofxzTxUOJN5mzIhJ9Vo299meWaNkY33oxb9-2T7udYmcEoearyby7ilxk&amp;disp=emb&amp;zw|https://mail.google.com/mail/u/1?ui=2&amp;ik=1b301268b0&amp;attid=0.8&amp;permmsgid=msg-f:1871512431626890733&amp;th=19f8f2a40fd92ded&amp;view=fimg&amp;fur=ip&amp;permmsgid=msg-f:1871512431626890733&amp;sz=s0-l75-ft&amp;attbid=ANGjdJ-GXNCk0Q-u_cmmnGtDYTiO-FnSK9B6v2uTeeQuLOBHqoMUZ0x3cwZDVQPde5-WVymKYvqcOxqp8qKj-OKmKN5vkzHPbivu0oExL31TpJiekRhw_5Ckg7ZVIxU&amp;disp=emb&amp;zw|https://www.terracotta.inc/|https://www.google.com/url?q=https://www.terracotta.inc/&amp;source=gmail&amp;ust=1786726787313000&amp;usg=AOvVaw0aZ-xieGnhPdUn8qgfliCD|https://mail.google.com/mail/u/1?ui=2&amp;ik=1b301268b0&amp;view=lg&amp;permmsgid=msg-f:1871512431626890733,none,none,none,0,0,0.7502,1,0.3751
support@micro1.ai,Final reminder to complete your job application,"Hi Amritha,

This is a final reminder to complete your AI interview.

Once completed, you'll quickly find out if you meet the certification criteria, and we'll start matching you with remote, flexible and highly competitive pay opportunities.



Start interview
Note: Desktop only, mobile won't work




Best,
micro1 team

Please note this is a no reply email. If you need support, contact support@micro1.ai
Unsubscribe",https://ci3.googleusercontent.com/meips/ADKq_NaOJ84dfZoPS9_V7SrrL5VUdnEwcW43yMrLgL-zR_W3S2N8oi4vLMCQwrs1eharXmTDF6bJjITeDu5JHJ9tNA3wOouH_IrLN2IFzrv7MLyQl0omksLVM8HfGgSHNj4HvE28YiMMZQLvVzUbnBG5z9blniPQb8nI4-8aq3z1Wr0Ifkw9F8-xalQ=s0-d-e1-ft#https://cdn.mcauto-images-production.sendgrid.net/85302b62d2d7bcd5/bedd157e-4059-4783-bf49-400e8a7338e3/230x48.png|https://www.interview.micro1.ai/intro/micro1/?candidate=d67b7c28-6189-4d80-8491-ca8ae1da0418&amp;ping=ok|https://www.google.com/url?q=https://www.interview.micro1.ai/intro/micro1/?candidate%3Dd67b7c28-6189-4d80-8491-ca8ae1da0418%26ping%3Dok&amp;source=gmail&amp;ust=1786726788266000&amp;usg=AOvVaw06kYSXDlxaLy0bZPtQxoT2|https://talent.micro1.ai/unsubscribe/?token=eyJhbGciOiJIUzI1NiIsInR5cCI6IkpXVCJ9.eyJlbWFpbCI6ImFtcml0aGE1MzJAZ21haWwuY29tIiwiaWQiOiJkNjdiN2MyOC02MTg5LTRkODAtODQ5MS1jYThhZTFkYTA0MTgiLCJ0eXBlIjoiam9iX2ludml0ZSIsInN0ZXAiOjUsImlhdCI6MTc4NDc4NTQ2NiwiZXhwIjoxODAwMzM3NDY2fQ.ekMR5QUqQaKV-7mpwMqV6L1QtH3XRiyPVHz79TGTxDE|https://www.google.com/url?q=https://talent.micro1.ai/unsubscribe/?token%3DeyJhbGciOiJIUzI1NiIsInR5cCI6IkpXVCJ9.eyJlbWFpbCI6ImFtcml0aGE1MzJAZ21haWwuY29tIiwiaWQiOiJkNjdiN2MyOC02MTg5LTRkODAtODQ5MS1jYThhZTFkYTA0MTgiLCJ0eXBlIjoiam9iX2ludml0ZSIsInN0ZXAiOjUsImlhdCI6MTc4NDc4NTQ2NiwiZXhwIjoxODAwMzM3NDY2fQ.ekMR5QUqQaKV-7mpwMqV6L1QtH3XRiyPVHz79TGTxDE&amp;source=gmail&amp;ust=1786726788266000&amp;usg=AOvVaw2s07YhfQt2zOk6Vezzx-DR|https://ci3.googleusercontent.com/meips/ADKq_NYM1fRSDCf9DJPLXevutoj9Yw-vImbx8Y4Xo0DY-pQFn1AuO5dJI0dZfjSiK5pdDU4e2tSsvj_lQmyoD8JE7q2I2SWJoFmALcMIZ2hgG3gnCYTA1lbp0Hxw92HUq2manGAXAfxDZiVr5RCvvnTo-fFUF1l5jqZB1jMvGCFmGqmH-USrWiQw829qDEtmWXtEqr3xG8RXaV3U4TCfzvGiHVm9sxVAeD8Bhn7fO82tjE5Qf36ZefapQMKfCqfWw7alClm-dGa7l1j7BTfyxXik2Zw1wl3cTFLjYKb_ZAOgCzsBTOWP05KYiVDYSuwQWTUNYpvUyj3tNkULonPaWS1DvTqTg6CBmzOKZt3_RveM43nGXhonKd-UlUin07vmFlbyuF_tVhFqZ9GCOoNfB18Ayuin4KeLINBMPQfJcmBNofX7FXuD4MYGcUT26OF-HWEfIXfU-jmbnOUqKZPDOe_ZzlM3MWGYRx6sdp_J3fRGz7U-9BfmDDbWX2gnU64U8ypL7-qe7Hmyt3YvU0Y0yOQ6-EtzmS7A8DbLK5h2zjeg2rNh0V4YATafn7palzhdXAEEqFMqBbB-DByopV7Pg5iaFBSLcI3oWPXxgkLpDP7ipIdn3Sek65Jf_QckkbFia6wlQ9eWzhDLHOOH-9O-eXkNgSiFR9aMBaM=s0-d-e1-ft#https://u24859734.ct.sendgrid.net/wf/open?upn=u001.RaIIidl51fbHwVRHPT0Yhrs1JSq6UoiH2uxB1JEQ7fwnaszORiUgcjrl6bERvqYVBKNOlMMXqXCzfenWwwjx9VPIf6I00GgaCOZa95xpsHxf9Y4Ggtja8x5wtSWV-2Bs8IQMSj2vnJpJWegeFsqzrr3-2Beq-2BTxnWBwCwgRvH0FSeOad1Fxgx7cgMMnezTT11qeX0qwkqllXDF8IDONgEoHLZNgDK4ksx2N7tqsrHdo5p-2BzO6HCLhmuDmUzM5LmJ875-2BG24b0si1e0jD2Yp4mrgr-2F6Bb4UhlEKez9I5E3JaAcvrYu-2BVVgeSVDqKTmraXREC3f-2F2p6NU8vFXnweCXQkvE3jafosvAXmuvoXoWxIa9lqKVreA647s1LTb8BOCyPkTI8jh8MrTlkOUo4gMEzNKvtg-3D-3D,none,none,none,0,0,0.7548,1,0.3774
noreply@empower.ae,Empower Bill for July 2026 | Account: 5607785378,"Dear Customer,

Please find attached the Empower Bill for July 2026.

This is a system-generated message. Please do not reply.

If you have any queries, please contact us on 04-5592888 (Monday to Thursday – 7:30am to 3:30pm, and Friday - 07:30am to 12:00pm) / billing@empower.ae



Payment options:

1) Empower Website (e-Services):  You can pay your bill online on Empower’s secure website at https://e-services.empower.ae/  at no extra cost. We accept Visa and Master cards issued by a bank in GCC.

2) You may pay your bill at our Customer Service Center in any of the following branches:

A) Empower Head Office Al Hudaiba Awards Building, Block A, 8th Floor Opposite Union House, Jumeirah Beach Road, 2nd December Street

B) Business Bay Customer Service Center, Business Bay, Executive Towers –",https://e-services.empower.ae/|https://www.google.com/url?q=https://e-services.empower.ae/&amp;source=gmail&amp;ust=1786726853302000&amp;usg=AOvVaw2NrbLDCoruY3dDhORqXpdi|https://mpay.dubai.ae|https://www.google.com/url?q=https://mpay.dubai.ae&amp;source=gmail&amp;ust=1786726853302000&amp;usg=AOvVaw36h-_c1M8TN09BMhqYTbsr,none,none,none,0,1,0.5698,1,0.2849
noreply@empower.ae,Empower Bill for July 2026 | Account: 5607785378,"Dear Customer,

Please find attached the Empower Bill for July 2026.

This is a system-generated message. Please do not reply.

If you have any queries, please contact us on 04-5592888 (Monday to Thursday – 7:30am to 3:30pm, and Friday - 07:30am to 12:00pm) / billing@empower.ae



Payment options:

1) Empower Website (e-Services):  You can pay your bill online on Empower’s secure website at https://e-services.empower.ae/  at no extra cost. We accept Visa and Master cards issued by a bank in GCC.

2) You may pay your bill at our Customer Service Center in any of the following branches:

A) Empower Head Office Al Hudaiba Awards Building, Block A, 8th Floor Opposite Union House, Jumeirah Beach Road, 2nd December Street

B) Business Bay Customer Service Center, Business Bay, Executive Towers –",https://e-services.empower.ae/|https://www.google.com/url?q=https://e-services.empower.ae/&amp;source=gmail&amp;ust=1786726853302000&amp;usg=AOvVaw2NrbLDCoruY3dDhORqXpdi|https://mpay.dubai.ae|https://www.google.com/url?q=https://mpay.dubai.ae&amp;source=gmail&amp;ust=1786726853302000&amp;usg=AOvVaw36h-_c1M8TN09BMhqYTbsr,none,none,none,0,1,0.5698,1,0.2849
news@accounts.studyportalsmail.com,Get Ready to Study Abroad: Recommended services,"Recommended Student Services

Hi Amritha,

Are you ready to embark on an unforgettable study-abroad adventure? To ensure a smooth and rewarding journey, we've compiled a few tips and services you might be interested in:

	

Language Proficiency

Determine the required English test (Pearson) for your chosen universities.

Take Pearson English Test →

	

Test Preparation 

Admission to your dream university starts with a high language score
Earn your target score, with E2language's guided test preparation

1:1 classes with ex-examiners →

	

University Application

Thinking of applying to Ivy League universities? Find out more below.

Read more  →

	

University Living Student Housing

Find safe, comfortable, affordable student accommodations near your university.

Ready to find your ideal s",https://accounts.studyportalsmail.com/e/c/eyJlbWFpbF9pZCI6ImRnVGFwQWdBQUpTajd3dVRvLThMQVo5OWQya2FFX3NRcmZlbW5KVXEwUT09IiwiaHJlZiI6Imh0dHBzOi8vd3d3Lm1hc3RlcnNwb3J0YWwuY29tL3NlYXJjaC9tYXN0ZXI_bWFnaWNfbGlua190b2tlbj12cy1tZmM1NG96WGRDVzNHQURGUktkaXFPaFJBN0E5dElGQXNQVVVpTV9sUmVyRTJzUE56UnN4cjJmN2lpd2ZIZGRBOFRPWnFWY2hOdjJFWF9xR2pjTXA2Qk40dmpRMjFQTGhJd0dzWHJnSVx1MDAyNnV0bV9jYW1wYWlnbj1HZXQrcmVhZHkrdG8rc3R1ZHkrYWJyb2FkXHUwMDI2dXRtX2NvbnRlbnQ9Tm90K2Vucm9sbGVkK3JlY29tbWVuZGF0aW9uXHUwMDI2dXRtX21lZGl1bT1lbWFpbFx1MDAyNnV0bV9zb3VyY2U9Y2lvXHUwMDI2dXRtX3Rlcm09YmVoYXZpb3JhbCIsImludGVybmFsIjoiZGFhNDA4YmQwNmEzYWEwMTk0YTNlZjBiIiwibGlua19pZCI6NzJ9/e7b40a52de16bf4da4a8a054ff43f7f25e3246dfe2c0afa5dfb45a116e7d13e9|https://www.google.com/url?q=https://accounts.studyportalsmail.com/e/c/eyJlbWFpbF9pZCI6ImRnVGFwQWdBQUpTajd3dVRvLThMQVo5OWQya2FFX3NRcmZlbW5KVXEwUT09IiwiaHJlZiI6Imh0dHBzOi8vd3d3Lm1hc3RlcnNwb3J0YWwuY29tL3NlYXJjaC9tYXN0ZXI_bWFnaWNfbGlua190b2tlbj12cy1tZmM1NG96WGRDVzNHQURGUktkaXFPaFJBN0E5dElGQXNQVVVpTV9sUmVyRTJzUE56UnN4cjJmN2lpd2ZIZGRBOFRPWnFWY2hOdjJFWF9xR2pjTXA2Qk40dmpRMjFQTGhJd0dzWHJnSVx1MDAyNnV0bV9jYW1wYWlnbj1HZXQrcmVhZHkrdG8rc3R1ZHkrYWJyb2FkXHUwMDI2dXRtX2NvbnRlbnQ9Tm90K2Vucm9sbGVkK3JlY29tbWVuZGF0aW9uXHUwMDI2dXRtX21lZGl1bT1lbWFpbFx1MDAyNnV0bV9zb3VyY2U9Y2lvXHUwMDI2dXRtX3Rlcm09YmVoYXZpb3JhbCIsImludGVybmFsIjoiZGFhNDA4YmQwNmEzYWEwMTk0YTNlZjBiIiwibGlua19pZCI6NzJ9/e7b40a52de16bf4da4a8a054ff43f7f25e3246dfe2c0afa5dfb45a116e7d13e9&amp;source=gmail&amp;ust=1786726857131000&amp;usg=AOvVaw35lRtVEo2NtBW9zId9nKmR|https://ci3.googleusercontent.com/meips/ADKq_NYSkymDugLT8KUcWkMOMDTYCgwlQejgKzsMpQcT1bl8NSXI9ZlkG_dqp5ZEn4wdtWz652S4cj8pm4ZCHLIm_MKuxDddfl5X3QFksm3rxRx702Tyhsg7EZrb19KNwov2oMm-rTU_kHsnz1UuRYsku4q0koON4GCXO6qv8-mvjoh9gO3DAR4CWtPx-GZSFeKvA3xzbQbi8sb43A8=s0-d-e1-ft#https://userimg-assets-eu.customeriomail.com/images/client-env-135770/1739977535146_Studyportals_RGB_01JMFBWCA27GVA5DQZ5XPP9252.png|https://accounts.studyportalsmail.com/e/c/eyJlbWFpbF9pZCI6ImRnVGFwQWdBQUpTajd3dVRvLThMQVo5OWQya2FFX3NRcmZlbW5KVXEwUT09IiwiaHJlZiI6Imh0dHBzOi8vbGluay5zdHVkeXBvcnRhbHN0cmFja2luZy5jb20vcHRlLWVtYWlsLTExNy0yMzUwP3NwX2U9b3JnYW5pc2F0aW9uXHUwMDI2c3BfaT0yMDE2MSIsImludGVybmFsIjoiZGFhNDA4YmQwNmEzYWEwMTk0YTNlZjBiIiwibGlua19pZCI6MTgwNzR9/36968aa1c14784be4110fb38b345627fdbc7fc646f3a591a2aa53f693d56558c|https://www.google.com/url?q=https://accounts.studyportalsmail.com/e/c/eyJlbWFpbF9pZCI6ImRnVGFwQWdBQUpTajd3dVRvLThMQVo5OWQya2FFX3NRcmZlbW5KVXEwUT09IiwiaHJlZiI6Imh0dHBzOi8vbGluay5zdHVkeXBvcnRhbHN0cmFja2luZy5jb20vcHRlLWVtYWlsLTExNy0yMzUwP3NwX2U9b3JnYW5pc2F0aW9uXHUwMDI2c3BfaT0yMDE2MSIsImludGVybmFsIjoiZGFhNDA4YmQwNmEzYWEwMTk0YTNlZjBiIiwibGlua19pZCI6MTgwNzR9/36968aa1c14784be4110fb38b345627fdbc7fc646f3a591a2aa53f693d56558c&amp;source=gmail&amp;ust=1786726857131000&amp;usg=AOvVaw2Gq0ugGFUrzgwTti0xm1Nq|https://ci3.googleusercontent.com/meips/ADKq_NZehprjp1dduiD30IMRPF0o_didc_r5JNYjurgw4kduXpfa-nGFPDKUNgWqLw63o6YDc-iDKHVbECQpA9c7PefiwmjKFgJXqZdxlxIqX4NI9H1m5Ss0uKqK2IUIHB8O4oZolegrOFaAuivgrJo2FHz7ALTTSQ5lc5drVWVFz5X3WMyJ_D8O4toXq9G9ZemVZNglKw=s0-d-e1-ft#https://userimg-assets-eu.customeriomail.com/images/client-env-135770/1772702631111_new%20logo_01KJYMZ1FX2N8W2T27B8GJ3GY3.jpg|https://accounts.studyportalsmail.com/e/c/eyJlbWFpbF9pZCI6ImRnVGFwQWdBQUpTajd3dVRvLThMQVo5OWQya2FFX3NRcmZlbW5KVXEwUT09IiwiaHJlZiI6Imh0dHBzOi8vbGluay5zdHVkeXBvcnRhbHN0cmFja2luZy5jb20vZTJsYW4tZW1haWwtMTE3LTIzNTA_c3BfZT1vcmdhbmlzYXRpb25cdTAwMjZzcF9pPTI0NTc3IiwiaW50ZXJuYWwiOiJkYWE0MDhiZDA2YTNhYTAxOTRhM2VmMGIiLCJsaW5rX2lkIjoyNjc0NH0/a5c121f89b35d8544d8eef65cbc7d52415739a24551973e1399c0ed832fcf081|https://www.google.com/url?q=https://accounts.studyportalsmail.com/e/c/eyJlbWFpbF9pZCI6ImRnVGFwQWdBQUpTajd3dVRvLThMQVo5OWQya2FFX3NRcmZlbW5KVXEwUT09IiwiaHJlZiI6Imh0dHBzOi8vbGluay5zdHVkeXBvcnRhbHN0cmFja2luZy5jb20vZTJsYW4tZW1haWwtMTE3LTIzNTA_c3BfZT1vcmdhbmlzYXRpb25cdTAwMjZzcF9pPTI0NTc3IiwiaW50ZXJuYWwiOiJkYWE0MDhiZDA2YTNhYTAxOTRhM2VmMGIiLCJsaW5rX2lkIjoyNjc0NH0/a5c121f89b35d8544d8eef65cbc7d52415739a24551973e1399c0ed832fcf081&amp;source=gmail&amp;ust=1786726857131000&amp;usg=AOvVaw1v2Dn8GCTl-OBRCDLmpqWB|https://ci3.googleusercontent.com/meips/ADKq_Nbgt9rAmr6SAr9YvEKQm_lrYrENIm5XONbd9Cgc0TC-V0c6_MLOHha8zDwDxL9CeeJ3grQUUs3uTlk_Bz96Adx5caOHxKhh03c3qf04JWbB4T1_SVPdPaRX9YtaMOhnBzCK0uo1JA5Xk2l4Cmf4Gspzz_ZqmGItupAc=s0-d-e1-ft#https://userimg-assets-eu.customeriomail.com/images/client-env-135770/01KS5693MJPYC97TQ4WDV28A9S.png|https://accounts.studyportalsmail.com/e/c/eyJlbWFpbF9pZCI6ImRnVGFwQWdBQUpTajd3dVRvLThMQVo5OWQya2FFX3NRcmZlbW5KVXEwUT09IiwiaHJlZiI6Imh0dHBzOi8vd3d3Lm1hc3RlcnNwb3J0YWwuY29tL2FydGljbGVzLzE5NTgvd2hhdC1hcmUtaXZ5LWxlYWd1ZS11bml2ZXJzaXRpZXMuaHRtbD9tYWdpY19saW5rX3Rva2VuPXZzLW1mYzU0b3pYZENXM0dBREZSS2RpcU9oUkE3QTl0SUZBc1BVVWlNX2xSZXJFMnNQTnpSc3hyMmY3aWl3ZkhkZEE4VE9acVZjaE52MkVYX3FHamNNcDZCTjR2alEyMVBMaEl3R3NYcmdJXHUwMDI2dXRtX2NhbXBhaWduPUdldCtyZWFkeSt0bytzdHVkeSthYnJvYWRcdTAwMjZ1dG1fY29udGVudD1Ob3QrZW5yb2xsZWQrcmVjb21tZW5kYXRpb25cdTAwMjZ1dG1fbWVkaXVtPWVtYWlsXHUwMDI2dXRtX3NvdXJjZT1jaW9cdTAwMjZ1dG1fdGVybT1iZWhhdmlvcmFsIiwiaW50ZXJuYWwiOiJkYWE0MDhiZDA2YTNhYTAxOTRhM2VmMGIiLCJsaW5rX2lkIjo4ODIwfQ/2909db65d54c2174075e899a42b617395c07b856fef31aa2a82c28f0ac31d726|https://www.google.com/url?q=https://accounts.studyportalsmail.com/e/c/eyJlbWFpbF9pZCI6ImRnVGFwQWdBQUpTajd3dVRvLThMQVo5OWQya2FFX3NRcmZlbW5KVXEwUT09IiwiaHJlZiI6Imh0dHBzOi8vd3d3Lm1hc3RlcnNwb3J0YWwuY29tL2FydGljbGVzLzE5NTgvd2hhdC1hcmUtaXZ5LWxlYWd1ZS11bml2ZXJzaXRpZXMuaHRtbD9tYWdpY19saW5rX3Rva2VuPXZzLW1mYzU0b3pYZENXM0dBREZSS2RpcU9oUkE3QTl0SUZBc1BVVWlNX2xSZXJFMnNQTnpSc3hyMmY3aWl3ZkhkZEE4VE9acVZjaE52MkVYX3FHamNNcDZCTjR2alEyMVBMaEl3R3NYcmdJXHUwMDI2dXRtX2NhbXBhaWduPUdldCtyZWFkeSt0bytzdHVkeSthYnJvYWRcdTAwMjZ1dG1fY29udGVudD1Ob3QrZW5yb2xsZWQrcmVjb21tZW5kYXRpb25cdTAwMjZ1dG1fbWVkaXVtPWVtYWlsXHUwMDI2dXRtX3NvdXJjZT1jaW9cdTAwMjZ1dG1fdGVybT1iZWhhdmlvcmFsIiwiaW50ZXJuYWwiOiJkYWE0MDhiZDA2YTNhYTAxOTRhM2VmMGIiLCJsaW5rX2lkIjo4ODIwfQ/2909db65d54c2174075e899a42b617395c07b856fef31aa2a82c28f0ac31d726&amp;source=gmail&amp;ust=1786726857131000&amp;usg=AOvVaw0vLEu2kJ5XHXHEMNetbYGC|https://ci3.googleusercontent.com/meips/ADKq_NY9lMW_XCQKiiHlwVQqORyZHpokDeHrIP5l4-ymsDnmarA_qyblSwCfqNePR9K1r0uljc1C7IMnrL41Lx8BePE8y3Zks5tM95RCI4ndqrypfHDGDtzmvoBXL9VUQ2sO01DPqCQBcXimM3FxZq17_inz4l2yzHwQMuH_z7HTY4nx8AZgofKv-DIDhIxCPK-bIkKiCQ=s0-d-e1-ft#https://userimg-assets-eu.customeriomail.com/images/client-env-135770/1695393653005_Icon%20(4)_01HAYNC955H1J0P9VF56KJXEMG.png|https://accounts.studyportalsmail.com/e/c/eyJlbWFpbF9pZCI6ImRnVGFwQWdBQUpTajd3dVRvLThMQVo5OWQya2FFX3NRcmZlbW5KVXEwUT09IiwiaHJlZiI6Imh0dHBzOi8vbGluay5zdHVkeXBvcnRhbHN0cmFja2luZy5jb20vdWwtZW1haWwtMTE3LTIzNTA_c3BfZT1vcmdhbmlzYXRpb25cdTAwMjZzcF9pPTI0MDkzIiwiaW50ZXJuYWwiOiJkYWE0MDhiZDA2YTNhYTAxOTRhM2VmMGIiLCJsaW5rX2lkIjoxODA3Nn0/9594ce9c1b3a7fb8720b6d928e8222f06a2c0c8a4bba09ff118f8b3cffb008b5|https://www.google.com/url?q=https://accounts.studyportalsmail.com/e/c/eyJlbWFpbF9pZCI6ImRnVGFwQWdBQUpTajd3dVRvLThMQVo5OWQya2FFX3NRcmZlbW5KVXEwUT09IiwiaHJlZiI6Imh0dHBzOi8vbGluay5zdHVkeXBvcnRhbHN0cmFja2luZy5jb20vdWwtZW1haWwtMTE3LTIzNTA_c3BfZT1vcmdhbmlzYXRpb25cdTAwMjZzcF9pPTI0MDkzIiwiaW50ZXJuYWwiOiJkYWE0MDhiZDA2YTNhYTAxOTRhM2VmMGIiLCJsaW5rX2lkIjoxODA3Nn0/9594ce9c1b3a7fb8720b6d928e8222f06a2c0c8a4bba09ff118f8b3cffb008b5&amp;source=gmail&amp;ust=1786726857132000&amp;usg=AOvVaw0W88Rr-Gm8lUAuj62Bkaon|https://ci3.googleusercontent.com/meips/ADKq_Na5Zu_Myebniiaa-RIuzPT1dJDQu4r5ZBlqqXaCNTIN7ZuKIOPAD3rDsAL76QPvgUq1kk2c3gme3jqfLYjVsSCyvYmMNLBqlTkvr1VPn-5zgExBYLKsuqgaExjNKtEZGf0He2ZCK0Z41pavV9dGywkSQbg9P4pSnplZPWb269Uor1AcVlXq6UlABa5rb4FoOz0V0jMmSsYOToXnRigPCg=s0-d-e1-ft#https://userimg-assets-eu.customeriomail.com/images/client-env-135770/1745930277104_UL%20logo%20(1)%20(1)_01JT0RVJZ4BN0Z8BF2RDMW50YK.png|https://accounts.studyportalsmail.com/e/c/eyJlbWFpbF9pZCI6ImRnVGFwQWdBQUpTajd3dVRvLThMQVo5OWQya2FFX3NRcmZlbW5KVXEwUT09IiwiaHJlZiI6Imh0dHBzOi8vbGluay5zdHVkeXBvcnRhbHN0cmFja2luZy5jb20vYW9uLWVtYWlsLTExNy0yMzUwP3NwX2U9b3JnYW5pc2F0aW9uXHUwMDI2c3BfaT0yMjY3OCIsImludGVybmFsIjoiZGFhNDA4YmQwNmEzYWEwMTk0YTNlZjBiIiwibGlua19pZCI6MTgwNzd9/094c59deeaaa007acad4eb40c8579adb1c40e611ff18ba10523f425b9540538b|https://www.google.com/url?q=https://accounts.studyportalsmail.com/e/c/eyJlbWFpbF9pZCI6ImRnVGFwQWdBQUpTajd3dVRvLThMQVo5OWQya2FFX3NRcmZlbW5KVXEwUT09IiwiaHJlZiI6Imh0dHBzOi8vbGluay5zdHVkeXBvcnRhbHN0cmFja2luZy5jb20vYW9uLWVtYWlsLTExNy0yMzUwP3NwX2U9b3JnYW5pc2F0aW9uXHUwMDI2c3BfaT0yMjY3OCIsImludGVybmFsIjoiZGFhNDA4YmQwNmEzYWEwMTk0YTNlZjBiIiwibGlua19pZCI6MTgwNzd9/094c59deeaaa007acad4eb40c8579adb1c40e611ff18ba10523f425b9540538b&amp;source=gmail&amp;ust=1786726857132000&amp;usg=AOvVaw08so-zyHB66WONPC7wJVD9|https://ci3.googleusercontent.com/meips/ADKq_NaEkhq9RmxQYQyMPU-1oLchyzeXgXOk5fnjIO_16etgycakKyzM1jJs1HHNefBb7GdUtPEioyi2-v5dvd6WzX8FcMy3g4aJNWEZ5tgtBRDb2ICH-z8iDeQufr0eKXI2jGNLaAHgOOrkpA5TH8CujYTabZxb_jANJuX79ltuRzmqs2aDNEr34KIzS5GB_blnkxT0x48d_Kw6gdWYTrrHLzoosA=s0-d-e1-ft#https://userimg-assets-eu.customeriomail.com/images/client-env-135770/1720087815606_Aon_Corporation_logo.svg_01J1YKJBS9P7TQHY3SW4MRFYK3.png|https://accounts.studyportalsmail.com/e/c/eyJlbWFpbF9pZCI6ImRnVGFwQWdBQUpTajd3dVRvLThMQVo5OWQya2FFX3NRcmZlbW5KVXEwUT09IiwiaHJlZiI6Imh0dHBzOi8vb3Blbi5zcG90aWZ5LmNvbS9zaG93LzJ4N2xYaXNmR01hOFoyWUJHcWFZMHI_c2k9YjIxNTc5MzhiMjk5NDcwOVx1MDAyNm1hZ2ljX2xpbmtfdG9rZW49dnMtbWZjNTRvelhkQ1czR0FERlJLZGlxT2hSQTdBOXRJRkFzUFVVaU1fbFJlckUyc1BOelJzeHIyZjdpaXdmSGRkQThUT1pxVmNoTnYyRVhfcUdqY01wNkJONHZqUTIxUExoSXdHc1hyZ0lcdTAwMjZ1dG1fY2FtcGFpZ249R2V0K3JlYWR5K3RvK3N0dWR5K2Ficm9hZFx1MDAyNnV0bV9jb250ZW50PU5vdCtlbnJvbGxlZCtyZWNvbW1lbmRhdGlvblx1MDAyNnV0bV9tZWRpdW09ZW1haWxcdTAwMjZ1dG1fc291cmNlPWNpb1x1MDAyNnV0bV90ZXJtPWJlaGF2aW9yYWwiLCJpbnRlcm5hbCI6ImRhYTQwOGJkMDZhM2FhMDE5NGEzZWYwYiIsImxpbmtfaWQiOjI2MDMyfQ/7436b9a2b0ba7015a63d24991e0dc63b662c5675faa2e571d2132063af123b5f|https://www.google.com/url?q=https://accounts.studyportalsmail.com/e/c/eyJlbWFpbF9pZCI6ImRnVGFwQWdBQUpTajd3dVRvLThMQVo5OWQya2FFX3NRcmZlbW5KVXEwUT09IiwiaHJlZiI6Imh0dHBzOi8vb3Blbi5zcG90aWZ5LmNvbS9zaG93LzJ4N2xYaXNmR01hOFoyWUJHcWFZMHI_c2k9YjIxNTc5MzhiMjk5NDcwOVx1MDAyNm1hZ2ljX2xpbmtfdG9rZW49dnMtbWZjNTRvelhkQ1czR0FERlJLZGlxT2hSQTdBOXRJRkFzUFVVaU1fbFJlckUyc1BOelJzeHIyZjdpaXdmSGRkQThUT1pxVmNoTnYyRVhfcUdqY01wNkJONHZqUTIxUExoSXdHc1hyZ0lcdTAwMjZ1dG1fY2FtcGFpZ249R2V0K3JlYWR5K3RvK3N0dWR5K2Ficm9hZFx1MDAyNnV0bV9jb250ZW50PU5vdCtlbnJvbGxlZCtyZWNvbW1lbmRhdGlvblx1MDAyNnV0bV9tZWRpdW09ZW1haWxcdTAwMjZ1dG1fc291cmNlPWNpb1x1MDAyNnV0bV90ZXJtPWJlaGF2aW9yYWwiLCJpbnRlcm5hbCI6ImRhYTQwOGJkMDZhM2FhMDE5NGEzZWYwYiIsImxpbmtfaWQiOjI2MDMyfQ/7436b9a2b0ba7015a63d24991e0dc63b662c5675faa2e571d2132063af123b5f&amp;source=gmail&amp;ust=1786726857132000&amp;usg=AOvVaw2fcx_GdgTh5tqQHZ_SEQeB,none,none,none,0,0,0.716,1,0.358
Communication@dxb.themyriad.com,Important Notice - Get Connected: Complete Your Myriad App Setup.,"Dear Resident,
 
To enhance your living experience and streamline community services,
The Myriad App is now mandatory for all residents.
 
Through the app, you will be able to:

🏠
 Book rooms💳
 Make payments quickly and securely 📄
 Access the student portal for lease management 🔔
 Receive important community updates, including maintenance notices, emergency alerts, and resident events

 
What You Need to Do
 
Please complete the following steps:
 
1. Update Your Email Address
Visit the Reception to confirm or update your email address.
 
2. Receive Your Login Credentials
Your Myriad App login details will be shared with you.
 
3. Download & Activate the App
Once you receive your credentials, download The Myriad App and activate your account.
 
4. Confirm Your Myriad ID
After activation, se",https://www.tiktok.com/@themyriaddubai|https://www.google.com/url?q=https://www.tiktok.com/@themyriaddubai&amp;source=gmail&amp;ust=1786726883722000&amp;usg=AOvVaw1tT8n0XNSBUBAByNTgfywV|https://mail.google.com/mail/u/1?ui=2&amp;ik=1b301268b0&amp;attid=0.0.1&amp;permmsgid=msg-f:1870964555193640411&amp;th=19f70059a3a9e5db&amp;view=fimg&amp;fur=ip&amp;permmsgid=msg-f:1870964555193640411&amp;sz=s0-l75-ft&amp;attbid=ANGjdJ8bH9p_aWXB4kMwJcHYSgbEHiAX2i9Uwzwb9T6S5jfeVFk-ugzObEa5Z_DDZ2WVOSqY5XVL3uv0roteEZbVgR6qLhwS4j5QLTq6bqN9i6lsPOu5K8ILW5n4A3w&amp;disp=emb&amp;zw|https://www.instagram.com/themyriaddubai/|https://www.google.com/url?q=https://www.instagram.com/themyriaddubai/&amp;source=gmail&amp;ust=1786726883722000&amp;usg=AOvVaw1hv0eNdzB0rOaiF8qChWvd|https://mail.google.com/mail/u/1?ui=2&amp;ik=1b301268b0&amp;attid=0.0.2&amp;permmsgid=msg-f:1870964555193640411&amp;th=19f70059a3a9e5db&amp;view=fimg&amp;fur=ip&amp;permmsgid=msg-f:1870964555193640411&amp;sz=s0-l75-ft&amp;attbid=ANGjdJ-50N0st_MhhMF2qz_CjsEgmBgSfudhdlMrlP_Sn8oRpbWqLVnLCcFoUD4vAhgwxz2D87rBah4pfFODyRduE0uYFlDPko9LJShWGFbS80CjRUDvW2xeuQNuorQ&amp;disp=emb&amp;zw|https://www.facebook.com/themyriaddubai|https://www.google.com/url?q=https://www.facebook.com/themyriaddubai&amp;source=gmail&amp;ust=1786726883722000&amp;usg=AOvVaw2y27Xd8-ixbbPcD0OK-DQX|https://mail.google.com/mail/u/1?ui=2&amp;ik=1b301268b0&amp;attid=0.0.3&amp;permmsgid=msg-f:1870964555193640411&amp;th=19f70059a3a9e5db&amp;view=fimg&amp;fur=ip&amp;permmsgid=msg-f:1870964555193640411&amp;sz=s0-l75-ft&amp;attbid=ANGjdJ_UQvJb57YC8UqSpklVMhKwOUwPS_4a5SVRSqYfVf_xBsOZwHxeqQ_qsYoAlg2CodEfmZPpOxP8Ig5wuqDg_Safev68LMe3JhjJ6N8jey17mPgN3xjXG96jcbc&amp;disp=emb&amp;zw|https://twitter.com/themyriaddubai|https://www.google.com/url?q=https://twitter.com/themyriaddubai&amp;source=gmail&amp;ust=1786726883722000&amp;usg=AOvVaw33bzuYnGqDvoB1U8qZBCCh|https://mail.google.com/mail/u/1?ui=2&amp;ik=1b301268b0&amp;attid=0.0.4&amp;permmsgid=msg-f:1870964555193640411&amp;th=19f70059a3a9e5db&amp;view=fimg&amp;fur=ip&amp;permmsgid=msg-f:1870964555193640411&amp;sz=s0-l75-ft&amp;attbid=ANGjdJ9B7Y_dZtIoX18qpMj3n6IjQKKJkwdbnv6ZrRf3_zqRZ0Q57FO8Mm7MsQEAxMEz1AZ-9_0qr_GYLTi_JkGRvaFItA5DWDG7RvD5whfmLDcYmfxrQlLWyVSE9qI&amp;disp=emb&amp;zw|https://www.linkedin.com/company/the-myriad1|https://www.google.com/url?q=https://www.linkedin.com/company/the-myriad1&amp;source=gmail&amp;ust=1786726883722000&amp;usg=AOvVaw3B2D1sHBNIqxT1BXLBHmep|https://mail.google.com/mail/u/1?ui=2&amp;ik=1b301268b0&amp;attid=0.0.5&amp;permmsgid=msg-f:1870964555193640411&amp;th=19f70059a3a9e5db&amp;view=fimg&amp;fur=ip&amp;permmsgid=msg-f:1870964555193640411&amp;sz=s0-l75-ft&amp;attbid=ANGjdJ_U8Vv_sRCouOidTMvZQdfz-ncu9EQwELXAbvf4pvyOIPpDJ2t_oNNdPUlXdmAQNC-jxRvmQNgTVwYYudjg8b1qdWDTK6ytu39nXrH3oRvzW7XFgEOO-HaBoJ0&amp;disp=emb&amp;zw|https://api.whatsapp.com/send/?phone=971800697423&amp;text&amp;type=phone_number&amp;app_absent=0|https://www.google.com/url?q=https://api.whatsapp.com/send/?phone%3D971800697423%26text%26type%3Dphone_number%26app_absent%3D0&amp;source=gmail&amp;ust=1786726883722000&amp;usg=AOvVaw1Ejwgfrrj3nLUijCaPJSTZ|https://mail.google.com/mail/u/1?ui=2&amp;ik=1b301268b0&amp;attid=0.0.6&amp;permmsgid=msg-f:1870964555193640411&amp;th=19f70059a3a9e5db&amp;view=fimg&amp;fur=ip&amp;permmsgid=msg-f:1870964555193640411&amp;sz=s0-l75-ft&amp;attbid=ANGjdJ-VbHp1m6iLA-F5KKX1u0Bqz5I6kjW2nQSUeg5HrWKzb0ZRAPokdOvQ5U8Jarwy94VeW35Fw3Uk4WwKgCbP5cMMV1P6jIuJIr1MGWqbzsvReflohIWUdgEup-w&amp;disp=emb&amp;zw|https://g.page/the-myriad-dubai?share|https://www.google.com/url?q=https://g.page/the-myriad-dubai?share&amp;source=gmail&amp;ust=1786726883722000&amp;usg=AOvVaw0m1z7t0EU7VCEhyVvgVBWc,none,none,none,1,0,0.8988,1,0.5506
Communication@dxb.themyriad.com,Notice: Lounge Deep Cleaning Schedule,"Dear Resident,

 

Please be informed that a scheduled deep cleaning of the student lounges will commence today. The work will include lounge deep cleaning, cushion deep cleaning, and shampooing to maintain a clean and comfortable environment for everyone.

 

During the scheduled cleaning hours, the respective lounges will be temporarily unavailable. We kindly request your cooperation and ask that you avoid using the affected lounges during the cleaning period.

 

 

Location

		

Scope of Work

		

BLOCK

		

Date

		

Time

	


A- 4th/5th Floor-Lounge

		

Lounge Deep cleaning/ cushion Deep cleaning/Shampooing

		

A

		

16-07-26

		

12PM-08PM

	


B-4th/5th Floor-Lounge

		

Lounge Deep cleaning/ cushion Deep cleaning/Shampooing

		

B

		

17-07-26

		

12PM-08PM

	


G-4th/5th Flo",https://www.tiktok.com/@themyriaddubai|https://www.google.com/url?q=https://www.tiktok.com/@themyriaddubai&amp;source=gmail&amp;ust=1786726886126000&amp;usg=AOvVaw0exsHRJfDs_PaPKhvSEgN4|https://mail.google.com/mail/u/1?ui=2&amp;ik=1b301268b0&amp;attid=0.1&amp;permmsgid=msg-f:1870855540863574551&amp;th=19f69d33c33ea217&amp;view=fimg&amp;fur=ip&amp;permmsgid=msg-f:1870855540863574551&amp;sz=s0-l75-ft&amp;attbid=ANGjdJ84H7nKraxbTQabSqjipz5Ex_g8AxYd5y1YsYZi9afO8dwEacfyH74QGm0-J-IWMRSTPljiYKRzbPFXRuD-9Yn4DMaYNEh90KDAnL6QAA5puZN_79nFcfd6gQs&amp;disp=emb&amp;zw|https://www.instagram.com/themyriaddubai/|https://www.google.com/url?q=https://www.instagram.com/themyriaddubai/&amp;source=gmail&amp;ust=1786726886126000&amp;usg=AOvVaw3gJP8j-mMX5e62T7Ny8tNY|https://mail.google.com/mail/u/1?ui=2&amp;ik=1b301268b0&amp;attid=0.2&amp;permmsgid=msg-f:1870855540863574551&amp;th=19f69d33c33ea217&amp;view=fimg&amp;fur=ip&amp;permmsgid=msg-f:1870855540863574551&amp;sz=s0-l75-ft&amp;attbid=ANGjdJ-47QdWDqTCPVlAAWli2xMchf33yP85c9sNUPFKLV80Z7uzRLkr9w8SfcXW5IIquvZtGsxbip2xHWC7I3d7rZBjQNg63p3R1POM9y8YVsdV_iGX4SM9J8_9bs8&amp;disp=emb&amp;zw|https://www.facebook.com/themyriaddubai|https://www.google.com/url?q=https://www.facebook.com/themyriaddubai&amp;source=gmail&amp;ust=1786726886126000&amp;usg=AOvVaw1PbFJNmpAi115Z2LELPyWK|https://mail.google.com/mail/u/1?ui=2&amp;ik=1b301268b0&amp;attid=0.3&amp;permmsgid=msg-f:1870855540863574551&amp;th=19f69d33c33ea217&amp;view=fimg&amp;fur=ip&amp;permmsgid=msg-f:1870855540863574551&amp;sz=s0-l75-ft&amp;attbid=ANGjdJ8xEbtB7sP733GDXBIcHTwh6nTSWtLtUPA67JoheulBHwe28g18O6Ab-8aZ4LUZloFMoaV95dZl4F1qNdT2hIdC7tPPNaOr7iFIlqrwDfbscWHwEwHrzrBBAOo&amp;disp=emb&amp;zw|https://twitter.com/themyriaddubai|https://www.google.com/url?q=https://twitter.com/themyriaddubai&amp;source=gmail&amp;ust=1786726886126000&amp;usg=AOvVaw0CSX4dCGBMBW9gfLR1jpCU|https://mail.google.com/mail/u/1?ui=2&amp;ik=1b301268b0&amp;attid=0.4&amp;permmsgid=msg-f:1870855540863574551&amp;th=19f69d33c33ea217&amp;view=fimg&amp;fur=ip&amp;permmsgid=msg-f:1870855540863574551&amp;sz=s0-l75-ft&amp;attbid=ANGjdJ9dijAcDxbkXbbnUOe6Poc4aF-7dlDlobvPvPxKRyKdgZDTTVr_oy68yTevPzT99zeMvLBF7QvOcGDQPGNJPPCPqm-J2ojboH-Xy1BNpENXt59alC01Dp5BC3s&amp;disp=emb&amp;zw|https://www.linkedin.com/company/the-myriad1|https://www.google.com/url?q=https://www.linkedin.com/company/the-myriad1&amp;source=gmail&amp;ust=1786726886126000&amp;usg=AOvVaw2nS37Clo1MSdL98MzcCDm5|https://mail.google.com/mail/u/1?ui=2&amp;ik=1b301268b0&amp;attid=0.5&amp;permmsgid=msg-f:1870855540863574551&amp;th=19f69d33c33ea217&amp;view=fimg&amp;fur=ip&amp;permmsgid=msg-f:1870855540863574551&amp;sz=s0-l75-ft&amp;attbid=ANGjdJ_j7hhbmxwqErV1KK--HZg2a0pcYmpLGDTEFmJ0KkEPC-p0HY5_KRCgao-2jE79gIkEI61tgwkUgN90bNVbGIyP3gcltE6QmVr1HQQsfszkbVsei8EOj58yaBo&amp;disp=emb&amp;zw|https://api.whatsapp.com/send/?phone=971800697423&amp;text&amp;type=phone_number&amp;app_absent=0|https://www.google.com/url?q=https://api.whatsapp.com/send/?phone%3D971800697423%26text%26type%3Dphone_number%26app_absent%3D0&amp;source=gmail&amp;ust=1786726886126000&amp;usg=AOvVaw2OLgk-402sIzN9w6ZNZCzs|https://mail.google.com/mail/u/1?ui=2&amp;ik=1b301268b0&amp;attid=0.6&amp;permmsgid=msg-f:1870855540863574551&amp;th=19f69d33c33ea217&amp;view=fimg&amp;fur=ip&amp;permmsgid=msg-f:1870855540863574551&amp;sz=s0-l75-ft&amp;attbid=ANGjdJ-lxfo1FhPL8IrzdwZqxhRPChVWnsnJQo8B857Dxegs3sf4RDZrEblJ7mxkJqAJNKifpo3x8uxCRXGpA4nTWsbADAbj7uOiD-gHDvOmaM9QgovYI6q8kmkhhjE&amp;disp=emb&amp;zw|https://g.page/the-myriad-dubai?share|https://www.google.com/url?q=https://g.page/the-myriad-dubai?share&amp;source=gmail&amp;ust=1786726886126000&amp;usg=AOvVaw3OGwv76cppr3WItM7RYcoX,none,none,none,0,0,0.6462,1,0.3231
vatstatement@adcb.com,Tax Invoice for June 2026 Invoice No:TI44541887,"فاتورتك الضريبية / إشعار الدائن الضريبي  أصبحت متاحة الآن 
                                            

                                              Your Tax Invoice / Tax Credit Note is now available 
                                            

                                    	
                                    

                                  

                            

                    

                     عميلنا العزيز،
                        


                        
                         يرجى الاطلاع على فاتورة ضريبة القيمة المضافة / إشعار الدائن الضريبي المرفق. توضح هذه الفاتورة الرسوم المطبقة على المنتجات المالية والخدمات المصرفية التي تم استخدامها.

                        
                     

                       

                                ",https://ci3.googleusercontent.com/meips/ADKq_NayJB53Svt7K-gIaDsC48eY4Zkct0GzCepnVix4eIW0pb-aWBgoTnbh9Ubjl6JqUDL6Nsz_xtW7koIulhnCtHinPIjSWGrXb0aaW0ks3zjQJhu4olH1iw=s0-d-e1-ft#https://media.adcb.com/ADCB/edms/images/std/img_header_aspire.jpg|https://ci3.googleusercontent.com/meips/ADKq_NbwM32SXyuXUFGTXIu8DkyUGHdItLe4MJoRuKm71HfbhTj2eqi0KqtHMLYhCDRQWHHWM4HfoDsaTVbjg1HmQna8ihX4iSM02hGT9TwUoszYAtMPUVnt5w=s0-d-e1-ft#https://media.adcb.com/ADCB/edms/images/2025/July/adti24jicon.png|https://get.adobe.com/reader/|https://www.google.com/url?q=https://get.adobe.com/reader/&amp;source=gmail&amp;ust=1786726888130000&amp;usg=AOvVaw2G8uMXjGmocgSlSl4MCDhF|https://ci3.googleusercontent.com/meips/ADKq_NYB3_eE4ANPxqKXonTVFDJSZflvW4ALSWmQpj3Sbj7Xk6CIGv5V6uA-Gl-x8Idmw93n4CRxGAN0JbiIpA3R5IS1oauNfGm407Di2lAk-ovnxLDLulUK1V8VKi6v=s0-d-e1-ft#https://media.adcb.com/ADCB/edms/images/std/img_cross_sell_icon_01.png|https://ci3.googleusercontent.com/meips/ADKq_NZgnykSaw8Q14oZIuvL3U2EC_C_iOm783Dw7E-uWwNAyP5M7xvYWqYAVEjuCdMDKllTzOcBVIs9e1_zZqh7S4PlN_CJYzmGQoaguhJALCN76vn-pvW5EMn1H1CyiZSbxW32CIo=s0-d-e1-ft#https://media.adcb.com/ADCB/edms/images/2025/July/adti24jimg_app_screen_01.png|https://apps.apple.com/us/app/adcb/id547172388?ls=1|https://www.google.com/url?q=https://apps.apple.com/us/app/adcb/id547172388?ls%3D1&amp;source=gmail&amp;ust=1786726888131000&amp;usg=AOvVaw3NDY1rblw7Gk4pNrIE1cu1|https://ci3.googleusercontent.com/meips/ADKq_Na3SU9SnqqqVe0UrOzLzryEjPD1FjiAfD-BAl2wOH1Ri1qjov6YiqSnHLeqAAJI9LwvuPlgQbH-NQIdB4uOlTgwAlovKtU4uS3lCS9lv_oqlk7P4cnV=s0-d-e1-ft#https://media.adcb.com/ADCB/edms/images/std/img_btn_appstore.png|https://play.google.com/store/apps/details?id=com.adcb.bank|https://www.google.com/url?q=https://play.google.com/store/apps/details?id%3Dcom.adcb.bank&amp;source=gmail&amp;ust=1786726888131000&amp;usg=AOvVaw2d-gg5suj5sphrNbxlkTZ6|https://ci3.googleusercontent.com/meips/ADKq_NYlI2mkRWnj-a-oRd_ZGtvIR7D0VFIwpTfegkcdWnKeTYch8s4QwTmNsITP2XOPwmPCpRi1YqmZaLRLh1gH5Vq3o86ZxQDJyt1eH_gW_EOHSGYK1qXUP_c=s0-d-e1-ft#https://media.adcb.com/ADCB/edms/images/std/img_btn_googleplay.png|https://appgallery.cloud.huawei.com/marketshare/app/C102045687?locale=en_US&amp;source=appshare&amp;subsource=C102045687|https://www.google.com/url?q=https://appgallery.cloud.huawei.com/marketshare/app/C102045687?locale%3Den_US%26source%3Dappshare%26subsource%3DC102045687&amp;source=gmail&amp;ust=1786726888131000&amp;usg=AOvVaw08VflmSH_vK6FOPOj-zjIs|https://ci3.googleusercontent.com/meips/ADKq_Na0_dDAwHR84w_QD4poEwO6DbEWO0qKOtmB26PdqGLdzeysyMWaZKH9BLwd0Jw2XG2aVlvXRyiev0vV3JsF-435QompLypd7JJPgp7wqa_DaA2oOP143FcfP8teoXflp-hfkjyo=s0-d-e1-ft#https://media.adcb.com/ADCB/edms/images/2025/July/adti24jimg_btn_appgallery.png|https://galaxystore.samsung.com/detail/com.adcb.bank?session_id=W_0f03317fd174094f09bba3ebea79f56f|https://www.google.com/url?q=https://galaxystore.samsung.com/detail/com.adcb.bank?session_id%3DW_0f03317fd174094f09bba3ebea79f56f&amp;source=gmail&amp;ust=1786726888131000&amp;usg=AOvVaw1hr-Hzj8K0YK28sChDlGGy|https://ci3.googleusercontent.com/meips/ADKq_NZjk1_ifr3uvHSbn2Ujp5mOWcMy6yUjoLte3iyfKdIaGEqT47b6iFRT1qzfXTrCl6qENysBX0SUJbdCpKT_QbBpNgwq7RP8svj1qNktWSrDy-Z6gbnfw3QWQWC5KWh4xI2_0XIaXw=s0-d-e1-ft#https://media.adcb.com/ADCB/edms/images/2025/July/adti24jimg_btn_galaxystore.png|https://www.google.com/url?q=https://get.adobe.com/reader/&amp;source=gmail&amp;ust=1786726888131000&amp;usg=AOvVaw2aPvUeAy3tbsCN6wiVZvMB|https://adcb.com/en/personal/general/like?campaign=TaxCCNoteConventional,none,none,none,1,0,0.79,1,0.395
marketing@mail.adcb.ae,Important Information Regarding Your ADCB Account Statements معلومات هامة بخصوص كشوف حسابك في بنك أبوظبي التجاري,"This message contains graphics. If you do not see the graphics, click here to view.



معلومات هامة بخصوص كشوف حسابك في بنك أبوظبي التجاري
Important Information Regarding Your ADCB Account Statements
	


عميلنا العزيز،

في بنك أبوظبي التجاري، نلتزم بتعزيز تجربتك المصرفية وجعلها أكثر سهولة وأماناً وكفاءة.

وفي إطار هذا الالتزام، ستصلك كشوف حساباتك رقمياً عبر بريدك الإلكتروني المسجل في موعد إصدارها الشهري، ودون أي رسوم، بدلاً من البريد التقليدي.


المزايا
	استلام آمن وفي الوقت المناسب عبر بريدك الإلكتروني المسجل
 

	سهولة الوصول إلى كشوف حساباتك في أي وقت ومن أي مكان
 

	تقليل استهلاك الورق، دعماً للاستدامة البيئية
 

	نفس صيغة كشف الحساب الرسمي الذي تتلقاه حالياً


اعتباراً من 15 سبتمر 2026، ستصلك كشوف حساباتك الجارية وحسابات التوفير وحسابات الوديعة الثابتة رقمياً عبر بريدك الإلكتروني المسج",https://links.mail.adcb.ae/servlet/MailView?ms=MzMzMTI0OTIS1&amp;r=MjE4Nzk3NTE3ODI5MQS2&amp;j=Mjk5MDgxODQyMwS2&amp;mt=1&amp;rt=0|https://www.google.com/url?q=https://links.mail.adcb.ae/servlet/MailView?ms%3DMzMzMTI0OTIS1%26r%3DMjE4Nzk3NTE3ODI5MQS2%26j%3DMjk5MDgxODQyMwS2%26mt%3D1%26rt%3D0&amp;source=gmail&amp;ust=1786726892684000&amp;usg=AOvVaw0QFFCetUVr7UOujzZrRr3K|https://ci3.googleusercontent.com/meips/ADKq_NayJB53Svt7K-gIaDsC48eY4Zkct0GzCepnVix4eIW0pb-aWBgoTnbh9Ubjl6JqUDL6Nsz_xtW7koIulhnCtHinPIjSWGrXb0aaW0ks3zjQJhu4olH1iw=s0-d-e1-ft#https://media.adcb.com/ADCB/edms/images/std/img_header_aspire.jpg|https://ci3.googleusercontent.com/meips/ADKq_NbJUWv4IqDD-si-07Zinu9PUIiXDsrEqRRv9YJp76LRYVMu2DcEwLJvkWx9mdZdsF0RNN03ra7IvXXcUFYNlcT_TZDd0C8iwDZzLZ7L-5nDLbb5OGH8s0IF=s0-d-e1-ft#https://media.adcb.com/ADCB/edms/images/2025/April/22dimportant.png|https://ci3.googleusercontent.com/meips/ADKq_NYRRCCwMOtGCL_qUu_j_kjA-eolOjEA4oSn2urRdV09-MLd3tTXtGZHsdnH0WT7fCIfkbzAi5qJjTahMi_LlbuBX-3J-IYwpr3dvNsQQih_bc_YwJhDjz5v=s0-d-e1-ft#https://media.adcb.com/ADCB/edms/images/2025/April/22dbullet_ar.jpg|https://links.mail.adcb.ae/els/v2/EZ7xF-KP6VfY/WUdodndYWjRScmFsODVwSzJZb3VON0h2bnhETGVPN0Z6SWpiZWFsMW1WZTdRdVZwcjJkbGpvMGtpWnNjcDI2QzBWUlN6VHhqdHFIZ2FNVi9nUzBkbHZvUXhCOTVnMkZFbTViOGlNZG5iVjh1Q2xDaVhodm9pUT09S0/|https://www.google.com/url?q=https://links.mail.adcb.ae/els/v2/EZ7xF-KP6VfY/WUdodndYWjRScmFsODVwSzJZb3VON0h2bnhETGVPN0Z6SWpiZWFsMW1WZTdRdVZwcjJkbGpvMGtpWnNjcDI2QzBWUlN6VHhqdHFIZ2FNVi9nUzBkbHZvUXhCOTVnMkZFbTViOGlNZG5iVjh1Q2xDaVhodm9pUT09S0/&amp;source=gmail&amp;ust=1786726892685000&amp;usg=AOvVaw3fjHYGsM6VGq6lu3eVoCre|https://ci3.googleusercontent.com/meips/ADKq_NZZy3ygXkschP2Uplt9AuyR_csxCHo2CrEbw0SIO8zCki1GWIMrPqjW7qbtYOUP11kGHL4NPfNANIBaaaxwhS-dCZQ-bNetKsXBO4SqvgCKHYwCV7VL=s0-d-e1-ft#https://media.adcb.com/ADCB/edms/images/2025/April/22dbullet.jpg|https://links.mail.adcb.ae/els/v2/vNzPBW7Nb6sG/WUdodndYWjRScmFsODVwSzJZb3VON0h2bnhETGVPN0Z6SWpiZWFsMW1WZTdRdVZwcjJkbGpvMGtpWnNjcDI2QzBWUlN6VHhqdHFIZ2FNVi9nUzBkbHZvUXhCOTVnMkZFbTViOGlNZG5iVjh1Q2xDaVhodm9pUT09S0/|https://www.google.com/url?q=https://links.mail.adcb.ae/els/v2/vNzPBW7Nb6sG/WUdodndYWjRScmFsODVwSzJZb3VON0h2bnhETGVPN0Z6SWpiZWFsMW1WZTdRdVZwcjJkbGpvMGtpWnNjcDI2QzBWUlN6VHhqdHFIZ2FNVi9nUzBkbHZvUXhCOTVnMkZFbTViOGlNZG5iVjh1Q2xDaVhodm9pUT09S0/&amp;source=gmail&amp;ust=1786726892685000&amp;usg=AOvVaw1YUcnfzt2uIAI5s9yGKlu2|https://links.mail.adcb.ae/els/v2/3ZgGFjqD62hG/WUdodndYWjRScmFsODVwSzJZb3VON0h2bnhETGVPN0Z6SWpiZWFsMW1WZTdRdVZwcjJkbGpvMGtpWnNjcDI2QzBWUlN6VHhqdHFIZ2FNVi9nUzBkbHZvUXhCOTVnMkZFbTViOGlNZG5iVjh1Q2xDaVhodm9pUT09S0/|https://www.google.com/url?q=https://links.mail.adcb.ae/els/v2/3ZgGFjqD62hG/WUdodndYWjRScmFsODVwSzJZb3VON0h2bnhETGVPN0Z6SWpiZWFsMW1WZTdRdVZwcjJkbGpvMGtpWnNjcDI2QzBWUlN6VHhqdHFIZ2FNVi9nUzBkbHZvUXhCOTVnMkZFbTViOGlNZG5iVjh1Q2xDaVhodm9pUT09S0/&amp;source=gmail&amp;ust=1786726892685000&amp;usg=AOvVaw3lQZQrUl0CugWNjvGDSWlg|https://ci3.googleusercontent.com/meips/ADKq_NbS3FoqbD1M-xxYZoVs5gKjmpry0HgPjKnFUbRKVHE4pmkWNrcw6n0_xiPJolt_prXHMOugIXMwCRzp-r9kgOch5Ftbho0PmZaer49xCdZLQ5cWMg=s0-d-e1-ft#https://media.adcb.com/ADCB/edms/images/std/icon_gray_like.png|https://links.mail.adcb.ae/els/v2/Dz78M79a4xBd/WUdodndYWjRScmFsODVwSzJZb3VON0h2bnhETGVPN0Z6SWpiZWFsMW1WZTdRdVZwcjJkbGpvMGtpWnNjcDI2QzBWUlN6VHhqdHFIZ2FNVi9nUzBkbHZvUXhCOTVnMkZFbTViOGlNZG5iVjh1Q2xDaVhodm9pUT09S0/|https://www.google.com/url?q=https://links.mail.adcb.ae/els/v2/Dz78M79a4xBd/WUdodndYWjRScmFsODVwSzJZb3VON0h2bnhETGVPN0Z6SWpiZWFsMW1WZTdRdVZwcjJkbGpvMGtpWnNjcDI2QzBWUlN6VHhqdHFIZ2FNVi9nUzBkbHZvUXhCOTVnMkZFbTViOGlNZG5iVjh1Q2xDaVhodm9pUT09S0/&amp;source=gmail&amp;ust=1786726892685000&amp;usg=AOvVaw171DZOlsBCgUQU-gfnmgBH|https://ci3.googleusercontent.com/meips/ADKq_Nb72cPUtc3LeWu6icqPjacGqlqA_OCUYIhy8sSdUvpQ73Tl7IwcjxbJhP8x4ojs_PFsAtYoOI-Qj91sXPr-4geohbDPjDbU-nbsvVGifdpQ6SL0K_xn=s0-d-e1-ft#https://media.adcb.com/ADCB/edms/images/std/icon_gray_unlike.png|https://links.mail.adcb.ae/els/v2/-LwKs~VvbjQL/WUdodndYWjRScmFsODVwSzJZb3VON0h2bnhETGVPN0Z6SWpiZWFsMW1WZTdRdVZwcjJkbGpvMGtpWnNjcDI2QzBWUlN6VHhqdHFIZ2FNVi9nUzBkbHZvUXhCOTVnMkZFbTViOGlNZG5iVjh1Q2xDaVhodm9pUT09S0/|https://www.google.com/url?q=https://links.mail.adcb.ae/els/v2/-LwKs~VvbjQL/WUdodndYWjRScmFsODVwSzJZb3VON0h2bnhETGVPN0Z6SWpiZWFsMW1WZTdRdVZwcjJkbGpvMGtpWnNjcDI2QzBWUlN6VHhqdHFIZ2FNVi9nUzBkbHZvUXhCOTVnMkZFbTViOGlNZG5iVjh1Q2xDaVhodm9pUT09S0/&amp;source=gmail&amp;ust=1786726892685000&amp;usg=AOvVaw1k9rWOUHG7pFNCpcTFjg5B|https://ci3.googleusercontent.com/meips/ADKq_NaxQibMtwHbnwLCRub_n-hHr79xbhmShd6KRb9h6M2Fb9bdViknUVi9TDb4ddtexvZgU_qFjweFMrsvkbvFvg0UmRBcLyifT_Z93KI5anq8uuQnv00RUXvMNw=s0-d-e1-ft#https://media.adcb.com/ADCB/edms/images/std/icon_social_facebook.png|https://links.mail.adcb.ae/els/v2/Ky7_cb8~Z_Q8/WUdodndYWjRScmFsODVwSzJZb3VON0h2bnhETGVPN0Z6SWpiZWFsMW1WZTdRdVZwcjJkbGpvMGtpWnNjcDI2QzBWUlN6VHhqdHFIZ2FNVi9nUzBkbHZvUXhCOTVnMkZFbTViOGlNZG5iVjh1Q2xDaVhodm9pUT09S0/,none,none,none,1,0,0.783,1,0.6085
membersupport@eccouncil.org,Your Certified Status Is Expiring Soon — Renew to Stay Current,"Dear Amritha,


Our records show you have not yet met the minimum 120 ECE credits, and your CE dues have been overdue for 2 year(s). Your ECE cycle is now close to expiry.

If no action is taken, your certification may be suspended and eventually revoked, and you will lose the ability to log ECE credits.

To help you get back on track, once your CE dues are current, you are eligible for a complimentary 1-year subscription to EC-Council’s Learning Library (worth $399), giving you access to 120+ microlearning courses.

You will also regain access to key member services, including digital credential management, learning resources, and professional updates.

Take action now:

Log in to your ASPEN account to complete the payment or use the express payment link below:

Make Payment Now

If you’v",https://u53005788.ct.sendgrid.net/ls/click?upn=u001.RNDbBeGtUvQiXckcz6ipgh0pdHubsRDoRYhyszH71VO2UhUWiP0dDX7IZqWZmwiuEWYyy23mraLBVwBARs7YgYHYV4UqUrtRrMxBcXVoNnAjXHXGSLvUBUYZ9E2yDeAX0m4b_FX2eX3NFpGmw4-2F9Ov9s3vSRIuoWKGjp5-2FGKJ1p98OCyOHh82xJNNYN3-2BwTVkOPBxU4f4RvdrZGQcl2B2mnsWC2CthGhoG35BWbePue1AVgxp9r4z4xZ-2BJeicVfsGCL-2FgPLWreqx2ENKrDxFHIWQaM86PVb7vmthedK5IB6ywKUky2pjpyWeFrLOowa0R3cu089WlUVYD5byNx5d9OLPbLTghlxlFBwgwbV62M2B9AF1L6o8mPzfIcYmepsh8R1yo3LXgMtN5pocJ5edHZYg9y29qvTxbZt9JK2U6jYnbVyAeUVDQhRWcTAs2JvWeXrCa4wwvW3CxpwNB0VepMGMcsJjDXh3aKWWpe47cmZSUEp0j3a4LbdprCA6UNxvJurfE6cJt-2B5jEljyZT6Gubi4Ibf4EfvKObWxH4sBRWYlDOEyQO77isQbl7b1atkjW9mxDyCNc4aVizsu-2BefBXs28sUuhBd0H-2FsGkedaSUgYuH0kznlJ22t-2BPBh3d-2FNzr2bAgVTBOPb7A2hM0lfjHo7a0WA-2F0f8-2FB5qZqEwqj5NZvYTgFaZXw6i7IERhBtBUoPHCO-2FE2XYfCS-2BCZhhCfs6vTt1KX6FvODR3xk2n5mhttpz7Gy8NT46EpyOmmI7OmgEhG8oe7M5s0szMaA4AcunMf1M7DScwbOPuOK0g1dRQqq2pVsTma5cjFkureZSLT-2BnxFSdM8YTYYs2jGjqTaLntCTepWin-2FmOB8rGyqv6QHKeVe3xiCUzbk65hPIscHr-2B0cbxRd-2FGmU9tZoGX-2BmcE9bVseUUEG4P3LeD2mfl-2FwEJPhxS5diqF0clGWQjw0J875jywLQk6l1L7V7VOzjkJ7U4QxSMNiCy95hlqIedUZJVlvAuiyS95CAl3lVhOQtwVJmpRc5oqHjikBkmuMyjGLJvJ4WdnK-2F8vFwWnXmIYI018hD3TU4Ey09uTuObMnVfvABikp3Nrd6FcN7MTYRygmUeOAMm8jAqsEVQP1dwQFobIGCm4-3D|https://www.google.com/url?q=https://u53005788.ct.sendgrid.net/ls/click?upn%3Du001.RNDbBeGtUvQiXckcz6ipgh0pdHubsRDoRYhyszH71VO2UhUWiP0dDX7IZqWZmwiuEWYyy23mraLBVwBARs7YgYHYV4UqUrtRrMxBcXVoNnAjXHXGSLvUBUYZ9E2yDeAX0m4b_FX2eX3NFpGmw4-2F9Ov9s3vSRIuoWKGjp5-2FGKJ1p98OCyOHh82xJNNYN3-2BwTVkOPBxU4f4RvdrZGQcl2B2mnsWC2CthGhoG35BWbePue1AVgxp9r4z4xZ-2BJeicVfsGCL-2FgPLWreqx2ENKrDxFHIWQaM86PVb7vmthedK5IB6ywKUky2pjpyWeFrLOowa0R3cu089WlUVYD5byNx5d9OLPbLTghlxlFBwgwbV62M2B9AF1L6o8mPzfIcYmepsh8R1yo3LXgMtN5pocJ5edHZYg9y29qvTxbZt9JK2U6jYnbVyAeUVDQhRWcTAs2JvWeXrCa4wwvW3CxpwNB0VepMGMcsJjDXh3aKWWpe47cmZSUEp0j3a4LbdprCA6UNxvJurfE6cJt-2B5jEljyZT6Gubi4Ibf4EfvKObWxH4sBRWYlDOEyQO77isQbl7b1atkjW9mxDyCNc4aVizsu-2BefBXs28sUuhBd0H-2FsGkedaSUgYuH0kznlJ22t-2BPBh3d-2FNzr2bAgVTBOPb7A2hM0lfjHo7a0WA-2F0f8-2FB5qZqEwqj5NZvYTgFaZXw6i7IERhBtBUoPHCO-2FE2XYfCS-2BCZhhCfs6vTt1KX6FvODR3xk2n5mhttpz7Gy8NT46EpyOmmI7OmgEhG8oe7M5s0szMaA4AcunMf1M7DScwbOPuOK0g1dRQqq2pVsTma5cjFkureZSLT-2BnxFSdM8YTYYs2jGjqTaLntCTepWin-2FmOB8rGyqv6QHKeVe3xiCUzbk65hPIscHr-2B0cbxRd-2FGmU9tZoGX-2BmcE9bVseUUEG4P3LeD2mfl-2FwEJPhxS5diqF0clGWQjw0J875jywLQk6l1L7V7VOzjkJ7U4QxSMNiCy95hlqIedUZJVlvAuiyS95CAl3lVhOQtwVJmpRc5oqHjikBkmuMyjGLJvJ4WdnK-2F8vFwWnXmIYI018hD3TU4Ey09uTuObMnVfvABikp3Nrd6FcN7MTYRygmUeOAMm8jAqsEVQP1dwQFobIGCm4-3D&amp;source=gmail&amp;ust=1786726891638000&amp;usg=AOvVaw17LYa_J8doRR4g1G-WjThD|https://u53005788.ct.sendgrid.net/ls/click?upn=u001.RNDbBeGtUvQiXckcz6ipgiZ6I3y22q5ZBrvxVuiq1Z4dgBypIAc0ZLA-2BWFc4B9osbU1U_FX2eX3NFpGmw4-2F9Ov9s3vSRIuoWKGjp5-2FGKJ1p98OCyOHh82xJNNYN3-2BwTVkOPBxU4f4RvdrZGQcl2B2mnsWC2CthGhoG35BWbePue1AVgxp9r4z4xZ-2BJeicVfsGCL-2FgPLWreqx2ENKrDxFHIWQaM86PVb7vmthedK5IB6ywKUky2pjpyWeFrLOowa0R3cu089WlUVYD5byNx5d9OLPbLTghlxlFBwgwbV62M2B9AF1L6o8mPzfIcYmepsh8R1yo3LXgMtN5pocJ5edHZYg9y29qvTxbZt9JK2U6jYnbVyAeUVDQhRWcTAs2JvWeXrCa4wwvW3CxpwNB0VepMGMcsJjDXh3aKWWpe47cmZSUEp0j3a4LbdprCA6UNxvJurfE6cJt-2B5jEljyZT6Gubi4Ibf4EfvKObWxH4sBRWYlDOEyQO77isQbl7b1atkjW9mxDyCNc4aVizsu-2BefBXs28sUuhBd0H-2FsGkedaSUgYuH0kznlJ22t-2BPBh3d-2FNzr2bAgVTBOPb7A2hM0lfjHo7a0WA-2F0f8-2FB5qZqEwqj5NZvYTgFaZXw6i7IERhBtBUoPHCO-2FE2XYfCS-2BCZhhCfs6vTt1KX6FvODR3xk2n5mhttpz7Gy8NT46EpyOmmI7OmgEhG8oe7M5s0szMaA4AcunMf1M7DScwbOPuOK0g1dRQqq2pVsTma5cjFkureZSLT-2BnxFSdM8YTYYs2jGjqTaLntCTepWin-2FmOB8rGyqv6QHKeVe3xiCUzbk65hPIscHr-2B0cbxRd-2FGmU9tZoGX-2BmcE9bVseUUEG4P3LeD2mfl-2FwEJPhxS5diqF0clGWQjw0J875jywLNhuT4lZfwadCXRuS3kdtOyKFnYHf8VEsBPQddYX3xdd00T7krUjicp4bw53GZTWnMSRg64ueN5VMs2RjG2f23Je5qyNrtKJiznvWfGTU8VRjVk-2F6jN-2FIiZhSJdRr-2Bp65d0Ujx6LpeKMFlMhopOvx4DXX0GEwz7zxdzh8hfqgn3c-3D|https://www.google.com/url?q=https://u53005788.ct.sendgrid.net/ls/click?upn%3Du001.RNDbBeGtUvQiXckcz6ipgiZ6I3y22q5ZBrvxVuiq1Z4dgBypIAc0ZLA-2BWFc4B9osbU1U_FX2eX3NFpGmw4-2F9Ov9s3vSRIuoWKGjp5-2FGKJ1p98OCyOHh82xJNNYN3-2BwTVkOPBxU4f4RvdrZGQcl2B2mnsWC2CthGhoG35BWbePue1AVgxp9r4z4xZ-2BJeicVfsGCL-2FgPLWreqx2ENKrDxFHIWQaM86PVb7vmthedK5IB6ywKUky2pjpyWeFrLOowa0R3cu089WlUVYD5byNx5d9OLPbLTghlxlFBwgwbV62M2B9AF1L6o8mPzfIcYmepsh8R1yo3LXgMtN5pocJ5edHZYg9y29qvTxbZt9JK2U6jYnbVyAeUVDQhRWcTAs2JvWeXrCa4wwvW3CxpwNB0VepMGMcsJjDXh3aKWWpe47cmZSUEp0j3a4LbdprCA6UNxvJurfE6cJt-2B5jEljyZT6Gubi4Ibf4EfvKObWxH4sBRWYlDOEyQO77isQbl7b1atkjW9mxDyCNc4aVizsu-2BefBXs28sUuhBd0H-2FsGkedaSUgYuH0kznlJ22t-2BPBh3d-2FNzr2bAgVTBOPb7A2hM0lfjHo7a0WA-2F0f8-2FB5qZqEwqj5NZvYTgFaZXw6i7IERhBtBUoPHCO-2FE2XYfCS-2BCZhhCfs6vTt1KX6FvODR3xk2n5mhttpz7Gy8NT46EpyOmmI7OmgEhG8oe7M5s0szMaA4AcunMf1M7DScwbOPuOK0g1dRQqq2pVsTma5cjFkureZSLT-2BnxFSdM8YTYYs2jGjqTaLntCTepWin-2FmOB8rGyqv6QHKeVe3xiCUzbk65hPIscHr-2B0cbxRd-2FGmU9tZoGX-2BmcE9bVseUUEG4P3LeD2mfl-2FwEJPhxS5diqF0clGWQjw0J875jywLNhuT4lZfwadCXRuS3kdtOyKFnYHf8VEsBPQddYX3xdd00T7krUjicp4bw53GZTWnMSRg64ueN5VMs2RjG2f23Je5qyNrtKJiznvWfGTU8VRjVk-2F6jN-2FIiZhSJdRr-2Bp65d0Ujx6LpeKMFlMhopOvx4DXX0GEwz7zxdzh8hfqgn3c-3D&amp;source=gmail&amp;ust=1786726891638000&amp;usg=AOvVaw3sgcBS89at_Z0IgHqGc_5H|https://ci3.googleusercontent.com/meips/ADKq_NYGqwZnw79I1u7nlMpK7dcSgnVV_re8drbk1ROM19rhJ_S4zqG5IVDN2Z5rGi0VTqq64OKpWfKUw9MYhGEFJVjGH7KdFD6ZxUFXJaIog8PkBDfNocYFKGXOWeaZlavV=s0-d-e1-ft#https://edm-image.s3.us-west-2.amazonaws.com/2023/jan/footer/facebook.png|https://u53005788.ct.sendgrid.net/ls/click?upn=u001.RNDbBeGtUvQiXckcz6ipgjsOR19SNgsV44s7UDLArf6v039ZOKHnndDZOlQxvCCbixdU_FX2eX3NFpGmw4-2F9Ov9s3vSRIuoWKGjp5-2FGKJ1p98OCyOHh82xJNNYN3-2BwTVkOPBxU4f4RvdrZGQcl2B2mnsWC2CthGhoG35BWbePue1AVgxp9r4z4xZ-2BJeicVfsGCL-2FgPLWreqx2ENKrDxFHIWQaM86PVb7vmthedK5IB6ywKUky2pjpyWeFrLOowa0R3cu089WlUVYD5byNx5d9OLPbLTghlxlFBwgwbV62M2B9AF1L6o8mPzfIcYmepsh8R1yo3LXgMtN5pocJ5edHZYg9y29qvTxbZt9JK2U6jYnbVyAeUVDQhRWcTAs2JvWeXrCa4wwvW3CxpwNB0VepMGMcsJjDXh3aKWWpe47cmZSUEp0j3a4LbdprCA6UNxvJurfE6cJt-2B5jEljyZT6Gubi4Ibf4EfvKObWxH4sBRWYlDOEyQO77isQbl7b1atkjW9mxDyCNc4aVizsu-2BefBXs28sUuhBd0H-2FsGkedaSUgYuH0kznlJ22t-2BPBh3d-2FNzr2bAgVTBOPb7A2hM0lfjHo7a0WA-2F0f8-2FB5qZqEwqj5NZvYTgFaZXw6i7IERhBtBUoPHCO-2FE2XYfCS-2BCZhhCfs6vTt1KX6FvODR3xk2n5mhttpz7Gy8NT46EpyOmmI7OmgEhG8oe7M5s0szMaA4AcunMf1M7DScwbOPuOK0g1dRQqq2pVsTma5cjFkureZSLT-2BnxFSdM8YTYYs2jGjqTaLntCTepWin-2FmOB8rGyqv6QHKeVe3xiCUzbk65hPIscHr-2B0cbxRd-2FGmU9tZoGX-2BmcE9bVseUUEG4P3LeD2mfl-2FwEJPhxS5diqF0clGWQjw0J875jywLdPqdFS4RdDXwI-2FczWHI7bO3RFFaLcrFlx2i6GACkxG6YG1dTx8xgg7Zqaap2rRdXa2UyGcHMHi-2BLMMRMJ7zJNAaNoG9DWY-2F7Gi438Zl-2FTwQqbNONlw1ym21ORfK-2BK2PFHXXSJPM-2FrpGjA8-2FF48fA7cjPFosVIecGjSXsVNPVPoU-3D|https://www.google.com/url?q=https://u53005788.ct.sendgrid.net/ls/click?upn%3Du001.RNDbBeGtUvQiXckcz6ipgjsOR19SNgsV44s7UDLArf6v039ZOKHnndDZOlQxvCCbixdU_FX2eX3NFpGmw4-2F9Ov9s3vSRIuoWKGjp5-2FGKJ1p98OCyOHh82xJNNYN3-2BwTVkOPBxU4f4RvdrZGQcl2B2mnsWC2CthGhoG35BWbePue1AVgxp9r4z4xZ-2BJeicVfsGCL-2FgPLWreqx2ENKrDxFHIWQaM86PVb7vmthedK5IB6ywKUky2pjpyWeFrLOowa0R3cu089WlUVYD5byNx5d9OLPbLTghlxlFBwgwbV62M2B9AF1L6o8mPzfIcYmepsh8R1yo3LXgMtN5pocJ5edHZYg9y29qvTxbZt9JK2U6jYnbVyAeUVDQhRWcTAs2JvWeXrCa4wwvW3CxpwNB0VepMGMcsJjDXh3aKWWpe47cmZSUEp0j3a4LbdprCA6UNxvJurfE6cJt-2B5jEljyZT6Gubi4Ibf4EfvKObWxH4sBRWYlDOEyQO77isQbl7b1atkjW9mxDyCNc4aVizsu-2BefBXs28sUuhBd0H-2FsGkedaSUgYuH0kznlJ22t-2BPBh3d-2FNzr2bAgVTBOPb7A2hM0lfjHo7a0WA-2F0f8-2FB5qZqEwqj5NZvYTgFaZXw6i7IERhBtBUoPHCO-2FE2XYfCS-2BCZhhCfs6vTt1KX6FvODR3xk2n5mhttpz7Gy8NT46EpyOmmI7OmgEhG8oe7M5s0szMaA4AcunMf1M7DScwbOPuOK0g1dRQqq2pVsTma5cjFkureZSLT-2BnxFSdM8YTYYs2jGjqTaLntCTepWin-2FmOB8rGyqv6QHKeVe3xiCUzbk65hPIscHr-2B0cbxRd-2FGmU9tZoGX-2BmcE9bVseUUEG4P3LeD2mfl-2FwEJPhxS5diqF0clGWQjw0J875jywLdPqdFS4RdDXwI-2FczWHI7bO3RFFaLcrFlx2i6GACkxG6YG1dTx8xgg7Zqaap2rRdXa2UyGcHMHi-2BLMMRMJ7zJNAaNoG9DWY-2F7Gi438Zl-2FTwQqbNONlw1ym21ORfK-2BK2PFHXXSJPM-2FrpGjA8-2FF48fA7cjPFosVIecGjSXsVNPVPoU-3D&amp;source=gmail&amp;ust=1786726891638000&amp;usg=AOvVaw2s1F8j8OKF5SzxuFt8Hlgq|https://ci3.googleusercontent.com/meips/ADKq_NaYQKkx0wOoRG1rISWT_V5hl4qLypy0GpGvR_KvhyXKgWwYGuQ3P3s96-NcpvQ4oBatzgwHdTQpZJqBsQQYYAotXSOzNTxWsMwuXcBeoz4rHaIvQuZY8lGt8s3lzpKshg=s0-d-e1-ft#https://edm-image.s3.us-west-2.amazonaws.com/2023/jan/footer/instagram.png|https://u53005788.ct.sendgrid.net/ls/click?upn=u001.RNDbBeGtUvQiXckcz6ipgkOVr9nLOhedPydMj7xtY7tcsddl0OQCfZkC0dEZBHwvr8hY_FX2eX3NFpGmw4-2F9Ov9s3vSRIuoWKGjp5-2FGKJ1p98OCyOHh82xJNNYN3-2BwTVkOPBxU4f4RvdrZGQcl2B2mnsWC2CthGhoG35BWbePue1AVgxp9r4z4xZ-2BJeicVfsGCL-2FgPLWreqx2ENKrDxFHIWQaM86PVb7vmthedK5IB6ywKUky2pjpyWeFrLOowa0R3cu089WlUVYD5byNx5d9OLPbLTghlxlFBwgwbV62M2B9AF1L6o8mPzfIcYmepsh8R1yo3LXgMtN5pocJ5edHZYg9y29qvTxbZt9JK2U6jYnbVyAeUVDQhRWcTAs2JvWeXrCa4wwvW3CxpwNB0VepMGMcsJjDXh3aKWWpe47cmZSUEp0j3a4LbdprCA6UNxvJurfE6cJt-2B5jEljyZT6Gubi4Ibf4EfvKObWxH4sBRWYlDOEyQO77isQbl7b1atkjW9mxDyCNc4aVizsu-2BefBXs28sUuhBd0H-2FsGkedaSUgYuH0kznlJ22t-2BPBh3d-2FNzr2bAgVTBOPb7A2hM0lfjHo7a0WA-2F0f8-2FB5qZqEwqj5NZvYTgFaZXw6i7IERhBtBUoPHCO-2FE2XYfCS-2BCZhhCfs6vTt1KX6FvODR3xk2n5mhttpz7Gy8NT46EpyOmmI7OmgEhG8oe7M5s0szMaA4AcunMf1M7DScwbOPuOK0g1dRQqq2pVsTma5cjFkureZSLT-2BnxFSdM8YTYYs2jGjqTaLntCTepWin-2FmOB8rGyqv6QHKeVe3xiCUzbk65hPIscHr-2B0cbxRd-2FGmU9tZoGX-2BmcE9bVseUUEG4P3LeD2mfl-2FwEJPhxS5diqF0clGWQjw0J875jywLCClnrYZQh-2FeSTVs-2BYY4-2FAykt9KOsJZRBw9mpeCgvxCTNdvsrp1PeiknJs1wUaZz-2FPF1fypHoy1tZrkKcC1H3-2FaWwGBE8AZ1tmEbJ4dIfDKxue9dqB4kmsSARgRcGnELR4p-2FReOwHFizRBki9DElTZojEhBZZa8ASXoPFt-2FvJsEU-3D|https://www.google.com/url?q=https://u53005788.ct.sendgrid.net/ls/click?upn%3Du001.RNDbBeGtUvQiXckcz6ipgkOVr9nLOhedPydMj7xtY7tcsddl0OQCfZkC0dEZBHwvr8hY_FX2eX3NFpGmw4-2F9Ov9s3vSRIuoWKGjp5-2FGKJ1p98OCyOHh82xJNNYN3-2BwTVkOPBxU4f4RvdrZGQcl2B2mnsWC2CthGhoG35BWbePue1AVgxp9r4z4xZ-2BJeicVfsGCL-2FgPLWreqx2ENKrDxFHIWQaM86PVb7vmthedK5IB6ywKUky2pjpyWeFrLOowa0R3cu089WlUVYD5byNx5d9OLPbLTghlxlFBwgwbV62M2B9AF1L6o8mPzfIcYmepsh8R1yo3LXgMtN5pocJ5edHZYg9y29qvTxbZt9JK2U6jYnbVyAeUVDQhRWcTAs2JvWeXrCa4wwvW3CxpwNB0VepMGMcsJjDXh3aKWWpe47cmZSUEp0j3a4LbdprCA6UNxvJurfE6cJt-2B5jEljyZT6Gubi4Ibf4EfvKObWxH4sBRWYlDOEyQO77isQbl7b1atkjW9mxDyCNc4aVizsu-2BefBXs28sUuhBd0H-2FsGkedaSUgYuH0kznlJ22t-2BPBh3d-2FNzr2bAgVTBOPb7A2hM0lfjHo7a0WA-2F0f8-2FB5qZqEwqj5NZvYTgFaZXw6i7IERhBtBUoPHCO-2FE2XYfCS-2BCZhhCfs6vTt1KX6FvODR3xk2n5mhttpz7Gy8NT46EpyOmmI7OmgEhG8oe7M5s0szMaA4AcunMf1M7DScwbOPuOK0g1dRQqq2pVsTma5cjFkureZSLT-2BnxFSdM8YTYYs2jGjqTaLntCTepWin-2FmOB8rGyqv6QHKeVe3xiCUzbk65hPIscHr-2B0cbxRd-2FGmU9tZoGX-2BmcE9bVseUUEG4P3LeD2mfl-2FwEJPhxS5diqF0clGWQjw0J875jywLCClnrYZQh-2FeSTVs-2BYY4-2FAykt9KOsJZRBw9mpeCgvxCTNdvsrp1PeiknJs1wUaZz-2FPF1fypHoy1tZrkKcC1H3-2FaWwGBE8AZ1tmEbJ4dIfDKxue9dqB4kmsSARgRcGnELR4p-2FReOwHFizRBki9DElTZojEhBZZa8ASXoPFt-2FvJsEU-3D&amp;source=gmail&amp;ust=1786726891638000&amp;usg=AOvVaw2NbjElhDAxcPgB5uADvP-u|https://ci3.googleusercontent.com/meips/ADKq_NZR-5z-gRrDN25wJTkFhhbNhDaTtSoFspZcS2RZuBSMqIRBjV54yMpqRURf4MIGIVbZAgOeHUjqRG8cc_hMkMK-7J6295bbRbOVm9n9w67HyXb1Y-V1hcggGtqCWW0=s0-d-e1-ft#https://edm-image.s3.us-west-2.amazonaws.com/2023/jan/footer/twitter.png|https://u53005788.ct.sendgrid.net/ls/click?upn=u001.RNDbBeGtUvQiXckcz6ipgnfdKqtzWivqoxgCMJTyRV27VzAQIHbRRTaul7y-2FtzipAQd5P8AZc6wzAdyH6Y-2BNTQ-3D-3DYLLg_FX2eX3NFpGmw4-2F9Ov9s3vSRIuoWKGjp5-2FGKJ1p98OCyOHh82xJNNYN3-2BwTVkOPBxU4f4RvdrZGQcl2B2mnsWC2CthGhoG35BWbePue1AVgxp9r4z4xZ-2BJeicVfsGCL-2FgPLWreqx2ENKrDxFHIWQaM86PVb7vmthedK5IB6ywKUky2pjpyWeFrLOowa0R3cu089WlUVYD5byNx5d9OLPbLTghlxlFBwgwbV62M2B9AF1L6o8mPzfIcYmepsh8R1yo3LXgMtN5pocJ5edHZYg9y29qvTxbZt9JK2U6jYnbVyAeUVDQhRWcTAs2JvWeXrCa4wwvW3CxpwNB0VepMGMcsJjDXh3aKWWpe47cmZSUEp0j3a4LbdprCA6UNxvJurfE6cJt-2B5jEljyZT6Gubi4Ibf4EfvKObWxH4sBRWYlDOEyQO77isQbl7b1atkjW9mxDyCNc4aVizsu-2BefBXs28sUuhBd0H-2FsGkedaSUgYuH0kznlJ22t-2BPBh3d-2FNzr2bAgVTBOPb7A2hM0lfjHo7a0WA-2F0f8-2FB5qZqEwqj5NZvYTgFaZXw6i7IERhBtBUoPHCO-2FE2XYfCS-2BCZhhCfs6vTt1KX6FvODR3xk2n5mhttpz7Gy8NT46EpyOmmI7OmgEhG8oe7M5s0szMaA4AcunMf1M7DScwbOPuOK0g1dRQqq2pVsTma5cjFkureZSLT-2BnxFSdM8YTYYs2jGjqTaLntCTepWin-2FmOB8rGyqv6QHKeVe3xiCUzbk65hPIscHr-2B0cbxRd-2FGmU9tZoGX-2BmcE9bVseUUEG4P3LeD2mfl-2FwEJPhxS5diqF0clGWQjw0J875jywLvOunBQR7lQxoQy-2F1JG0gq4vHOHWN1dLLzEy1tAXT3BKaAY14sa5QeUncavfhm8KdgQr07Nyf3fRCVL3zeiOygW44ymNxE0ikmu-2BuCaZoNO3APWhI3VQ-2F3dL2lfdQmPCgNzZs-2FtqgVJT1vDaMcFJ388Y5M-2Bsrl8qPqu3yEjGT8ts-3D|https://www.google.com/url?q=https://u53005788.ct.sendgrid.net/ls/click?upn%3Du001.RNDbBeGtUvQiXckcz6ipgnfdKqtzWivqoxgCMJTyRV27VzAQIHbRRTaul7y-2FtzipAQd5P8AZc6wzAdyH6Y-2BNTQ-3D-3DYLLg_FX2eX3NFpGmw4-2F9Ov9s3vSRIuoWKGjp5-2FGKJ1p98OCyOHh82xJNNYN3-2BwTVkOPBxU4f4RvdrZGQcl2B2mnsWC2CthGhoG35BWbePue1AVgxp9r4z4xZ-2BJeicVfsGCL-2FgPLWreqx2ENKrDxFHIWQaM86PVb7vmthedK5IB6ywKUky2pjpyWeFrLOowa0R3cu089WlUVYD5byNx5d9OLPbLTghlxlFBwgwbV62M2B9AF1L6o8mPzfIcYmepsh8R1yo3LXgMtN5pocJ5edHZYg9y29qvTxbZt9JK2U6jYnbVyAeUVDQhRWcTAs2JvWeXrCa4wwvW3CxpwNB0VepMGMcsJjDXh3aKWWpe47cmZSUEp0j3a4LbdprCA6UNxvJurfE6cJt-2B5jEljyZT6Gubi4Ibf4EfvKObWxH4sBRWYlDOEyQO77isQbl7b1atkjW9mxDyCNc4aVizsu-2BefBXs28sUuhBd0H-2FsGkedaSUgYuH0kznlJ22t-2BPBh3d-2FNzr2bAgVTBOPb7A2hM0lfjHo7a0WA-2F0f8-2FB5qZqEwqj5NZvYTgFaZXw6i7IERhBtBUoPHCO-2FE2XYfCS-2BCZhhCfs6vTt1KX6FvODR3xk2n5mhttpz7Gy8NT46EpyOmmI7OmgEhG8oe7M5s0szMaA4AcunMf1M7DScwbOPuOK0g1dRQqq2pVsTma5cjFkureZSLT-2BnxFSdM8YTYYs2jGjqTaLntCTepWin-2FmOB8rGyqv6QHKeVe3xiCUzbk65hPIscHr-2B0cbxRd-2FGmU9tZoGX-2BmcE9bVseUUEG4P3LeD2mfl-2FwEJPhxS5diqF0clGWQjw0J875jywLvOunBQR7lQxoQy-2F1JG0gq4vHOHWN1dLLzEy1tAXT3BKaAY14sa5QeUncavfhm8KdgQr07Nyf3fRCVL3zeiOygW44ymNxE0ikmu-2BuCaZoNO3APWhI3VQ-2F3dL2lfdQmPCgNzZs-2FtqgVJT1vDaMcFJ388Y5M-2Bsrl8qPqu3yEjGT8ts-3D&amp;source=gmail&amp;ust=1786726891638000&amp;usg=AOvVaw2cXFNcSIQLsJ1y4OzcnM1p|https://ci3.googleusercontent.com/meips/ADKq_NY-oXOFlmTeGXZ9dKPZuML8JlNpLeQwI28fPhZTtLDIPuU8t0Ir358fBWDt3NSUkI8p3s4dn62XYQJdOokiPq5sYPi1vAaVfnozIog_tE3s1y5vkF_4ZI1j1fE10Vng=s0-d-e1-ft#https://edm-image.s3.us-west-2.amazonaws.com/2023/jan/footer/linkedin.png|https://u53005788.ct.sendgrid.net/ls/click?upn=u001.RNDbBeGtUvQiXckcz6ipgh7bhNYJo83fzM3Jr0u9mAXZN2MjO-2FdwAW4i4U-2B2uR43X2vPVWICiS-2FyPIE60R9ZUQ-3D-3D3v6U_FX2eX3NFpGmw4-2F9Ov9s3vSRIuoWKGjp5-2FGKJ1p98OCyOHh82xJNNYN3-2BwTVkOPBxU4f4RvdrZGQcl2B2mnsWC2CthGhoG35BWbePue1AVgxp9r4z4xZ-2BJeicVfsGCL-2FgPLWreqx2ENKrDxFHIWQaM86PVb7vmthedK5IB6ywKUky2pjpyWeFrLOowa0R3cu089WlUVYD5byNx5d9OLPbLTghlxlFBwgwbV62M2B9AF1L6o8mPzfIcYmepsh8R1yo3LXgMtN5pocJ5edHZYg9y29qvTxbZt9JK2U6jYnbVyAeUVDQhRWcTAs2JvWeXrCa4wwvW3CxpwNB0VepMGMcsJjDXh3aKWWpe47cmZSUEp0j3a4LbdprCA6UNxvJurfE6cJt-2B5jEljyZT6Gubi4Ibf4EfvKObWxH4sBRWYlDOEyQO77isQbl7b1atkjW9mxDyCNc4aVizsu-2BefBXs28sUuhBd0H-2FsGkedaSUgYuH0kznlJ22t-2BPBh3d-2FNzr2bAgVTBOPb7A2hM0lfjHo7a0WA-2F0f8-2FB5qZqEwqj5NZvYTgFaZXw6i7IERhBtBUoPHCO-2FE2XYfCS-2BCZhhCfs6vTt1KX6FvODR3xk2n5mhttpz7Gy8NT46EpyOmmI7OmgEhG8oe7M5s0szMaA4AcunMf1M7DScwbOPuOK0g1dRQqq2pVsTma5cjFkureZSLT-2BnxFSdM8YTYYs2jGjqTaLntCTepWin-2FmOB8rGyqv6QHKeVe3xiCUzbk65hPIscHr-2B0cbxRd-2FGmU9tZoGX-2BmcE9bVseUUEG4P3LeD2mfl-2FwEJPhxS5diqF0clGWQjw0J875jywL6dIl7fRrcF68V4zXdGidnYFTfVWRUO4-2BvprX9J8v9v-2FHj8F891-2BdnHPSMv7hFDq0z5mLQVYYEhWsW7c5uOmv-2B9-2FuDoWDrXOzzoQNDPHOpxlCLgfn6iIszc-2FkXF4oWqDK88CgvhFbuNEghLliSyK7SFA9avriIBawoIZZqkGZ-2Bsg-3D|https://www.google.com/url?q=https://u53005788.ct.sendgrid.net/ls/click?upn%3Du001.RNDbBeGtUvQiXckcz6ipgh7bhNYJo83fzM3Jr0u9mAXZN2MjO-2FdwAW4i4U-2B2uR43X2vPVWICiS-2FyPIE60R9ZUQ-3D-3D3v6U_FX2eX3NFpGmw4-2F9Ov9s3vSRIuoWKGjp5-2FGKJ1p98OCyOHh82xJNNYN3-2BwTVkOPBxU4f4RvdrZGQcl2B2mnsWC2CthGhoG35BWbePue1AVgxp9r4z4xZ-2BJeicVfsGCL-2FgPLWreqx2ENKrDxFHIWQaM86PVb7vmthedK5IB6ywKUky2pjpyWeFrLOowa0R3cu089WlUVYD5byNx5d9OLPbLTghlxlFBwgwbV62M2B9AF1L6o8mPzfIcYmepsh8R1yo3LXgMtN5pocJ5edHZYg9y29qvTxbZt9JK2U6jYnbVyAeUVDQhRWcTAs2JvWeXrCa4wwvW3CxpwNB0VepMGMcsJjDXh3aKWWpe47cmZSUEp0j3a4LbdprCA6UNxvJurfE6cJt-2B5jEljyZT6Gubi4Ibf4EfvKObWxH4sBRWYlDOEyQO77isQbl7b1atkjW9mxDyCNc4aVizsu-2BefBXs28sUuhBd0H-2FsGkedaSUgYuH0kznlJ22t-2BPBh3d-2FNzr2bAgVTBOPb7A2hM0lfjHo7a0WA-2F0f8-2FB5qZqEwqj5NZvYTgFaZXw6i7IERhBtBUoPHCO-2FE2XYfCS-2BCZhhCfs6vTt1KX6FvODR3xk2n5mhttpz7Gy8NT46EpyOmmI7OmgEhG8oe7M5s0szMaA4AcunMf1M7DScwbOPuOK0g1dRQqq2pVsTma5cjFkureZSLT-2BnxFSdM8YTYYs2jGjqTaLntCTepWin-2FmOB8rGyqv6QHKeVe3xiCUzbk65hPIscHr-2B0cbxRd-2FGmU9tZoGX-2BmcE9bVseUUEG4P3LeD2mfl-2FwEJPhxS5diqF0clGWQjw0J875jywL6dIl7fRrcF68V4zXdGidnYFTfVWRUO4-2BvprX9J8v9v-2FHj8F891-2BdnHPSMv7hFDq0z5mLQVYYEhWsW7c5uOmv-2B9-2FuDoWDrXOzzoQNDPHOpxlCLgfn6iIszc-2FkXF4oWqDK88CgvhFbuNEghLliSyK7SFA9avriIBawoIZZqkGZ-2Bsg-3D&amp;source=gmail&amp;ust=1786726891639000&amp;usg=AOvVaw2FZ4_Aahilu-dreDJkArYV|https://ci3.googleusercontent.com/meips/ADKq_NYwkHSt6BxgBkFA-2w-g7-f6DwmPDuqCC8inpp9wN_-kwPbLhhcs40_SI6MAUk5n_1-tf4egAafeBup5hP99XGapKsPWA1pwnhZvXXIJHafxSURCQdLOfJZ0oocB6E=s0-d-e1-ft#https://edm-image.s3.us-west-2.amazonaws.com/2023/jan/footer/youtube.png|https://ci3.googleusercontent.com/meips/ADKq_NZa85rnc47jvG4Rx-CgWL5zDaek5j5HnJnlGR2A4nnYJkwH9q3ioDXCzcv_FUC8DSjo__wmud0MG-4RwcKLLCPryfZ2qv68GM7IH0nSo369GxKOX_yCz6QOHXo=s0-d-e1-ft#https://edm-image.s3.us-west-2.amazonaws.com/2023/jan/footer/mail.png|https://u53005788.ct.sendgrid.net/ls/click?upn=u001.RNDbBeGtUvQiXckcz6ipgrge1HPYstTnjLu4uNBu0wGx-2FwrO4-2BmiSW3Ob5FTth23v4U__FX2eX3NFpGmw4-2F9Ov9s3vSRIuoWKGjp5-2FGKJ1p98OCyOHh82xJNNYN3-2BwTVkOPBxU4f4RvdrZGQcl2B2mnsWC2CthGhoG35BWbePue1AVgxp9r4z4xZ-2BJeicVfsGCL-2FgPLWreqx2ENKrDxFHIWQaM86PVb7vmthedK5IB6ywKUky2pjpyWeFrLOowa0R3cu089WlUVYD5byNx5d9OLPbLTghlxlFBwgwbV62M2B9AF1L6o8mPzfIcYmepsh8R1yo3LXgMtN5pocJ5edHZYg9y29qvTxbZt9JK2U6jYnbVyAeUVDQhRWcTAs2JvWeXrCa4wwvW3CxpwNB0VepMGMcsJjDXh3aKWWpe47cmZSUEp0j3a4LbdprCA6UNxvJurfE6cJt-2B5jEljyZT6Gubi4Ibf4EfvKObWxH4sBRWYlDOEyQO77isQbl7b1atkjW9mxDyCNc4aVizsu-2BefBXs28sUuhBd0H-2FsGkedaSUgYuH0kznlJ22t-2BPBh3d-2FNzr2bAgVTBOPb7A2hM0lfjHo7a0WA-2F0f8-2FB5qZqEwqj5NZvYTgFaZXw6i7IERhBtBUoPHCO-2FE2XYfCS-2BCZhhCfs6vTt1KX6FvODR3xk2n5mhttpz7Gy8NT46EpyOmmI7OmgEhG8oe7M5s0szMaA4AcunMf1M7DScwbOPuOK0g1dRQqq2pVsTma5cjFkureZSLT-2BnxFSdM8YTYYs2jGjqTaLntCTepWin-2FmOB8rGyqv6QHKeVe3xiCUzbk65hPIscHr-2B0cbxRd-2FGmU9tZoGX-2BmcE9bVseUUEG4P3LeD2mfl-2FwEJPhxS5diqF0clGWQjw0J875jywLsEKGf6-2FYxb-2Fx0gmK85PU8JRj5nMCRw3SS67kIRUFpYO5STOeVNxULUKACv7r9UFjPOgSKiYkYSoGZORGaAcjyEMhdihDzjV0eQMzxvuZQ4RpTXRxdyhhWCwyDFWB6Vq5M2lyo7gJk9hrYUTeTagH4p56xPczfq-2FEz6yXZ4qvWy8-3D|https://www.google.com/url?q=https://u53005788.ct.sendgrid.net/ls/click?upn%3Du001.RNDbBeGtUvQiXckcz6ipgrge1HPYstTnjLu4uNBu0wGx-2FwrO4-2BmiSW3Ob5FTth23v4U__FX2eX3NFpGmw4-2F9Ov9s3vSRIuoWKGjp5-2FGKJ1p98OCyOHh82xJNNYN3-2BwTVkOPBxU4f4RvdrZGQcl2B2mnsWC2CthGhoG35BWbePue1AVgxp9r4z4xZ-2BJeicVfsGCL-2FgPLWreqx2ENKrDxFHIWQaM86PVb7vmthedK5IB6ywKUky2pjpyWeFrLOowa0R3cu089WlUVYD5byNx5d9OLPbLTghlxlFBwgwbV62M2B9AF1L6o8mPzfIcYmepsh8R1yo3LXgMtN5pocJ5edHZYg9y29qvTxbZt9JK2U6jYnbVyAeUVDQhRWcTAs2JvWeXrCa4wwvW3CxpwNB0VepMGMcsJjDXh3aKWWpe47cmZSUEp0j3a4LbdprCA6UNxvJurfE6cJt-2B5jEljyZT6Gubi4Ibf4EfvKObWxH4sBRWYlDOEyQO77isQbl7b1atkjW9mxDyCNc4aVizsu-2BefBXs28sUuhBd0H-2FsGkedaSUgYuH0kznlJ22t-2BPBh3d-2FNzr2bAgVTBOPb7A2hM0lfjHo7a0WA-2F0f8-2FB5qZqEwqj5NZvYTgFaZXw6i7IERhBtBUoPHCO-2FE2XYfCS-2BCZhhCfs6vTt1KX6FvODR3xk2n5mhttpz7Gy8NT46EpyOmmI7OmgEhG8oe7M5s0szMaA4AcunMf1M7DScwbOPuOK0g1dRQqq2pVsTma5cjFkureZSLT-2BnxFSdM8YTYYs2jGjqTaLntCTepWin-2FmOB8rGyqv6QHKeVe3xiCUzbk65hPIscHr-2B0cbxRd-2FGmU9tZoGX-2BmcE9bVseUUEG4P3LeD2mfl-2FwEJPhxS5diqF0clGWQjw0J875jywLsEKGf6-2FYxb-2Fx0gmK85PU8JRj5nMCRw3SS67kIRUFpYO5STOeVNxULUKACv7r9UFjPOgSKiYkYSoGZORGaAcjyEMhdihDzjV0eQMzxvuZQ4RpTXRxdyhhWCwyDFWB6Vq5M2lyo7gJk9hrYUTeTagH4p56xPczfq-2FEz6yXZ4qvWy8-3D&amp;source=gmail&amp;ust=1786726891639000&amp;usg=AOvVaw2jDxQlW0WVo3MNDpCNKDcW,none,none,none,1,0,0.7776,1,0.3888
recommendedjobs@naukrigulf.com,"Your daily job matches: Data Center Security Specialist , Infrastructure Physical Security, GRC/Auditor & more jobs","Get app		




		
	
Hi Amritha Anand,

Here are job opportunities for you


Data Center Security Specialist , Infrastructure Physical Security
Amazon Data Services Emirates LLC - Dubai Branch
	



	1 - 6 Years



	Abu Dhabi - United Arab Emirates
	
16 Jun







GRC/Auditor
Confidential Company



	3 - 7 Years



	Doha - Qatar



	Easy Apply
	
	
16 May





Cybersecurity Engineer
Schneider Electric - UAE
	



	2 - 7 Years



	Eastern Province - Saudi Arabia
	
20 May







GRC Compliance Analyst
TASC Outsourcing
	



	2 - 5 Years



	Abu Dhabi - United Arab Emirates (UAE)
	
18 Jun







Network Engineer
Wipro



	0 - 4 Years



	Abu Dhabi , Dubai - United Arab Emirates (UAE)



	Easy Apply
	
	
3 Jul





GRC Specialist (Archer IRM)
Trivanet
	



	4 - 9 Years



	Dubai - United Arab Emirate",https://ci3.googleusercontent.com/meips/ADKq_NYPlExKnzNuk9PbzgPwGKG-sI2Yq1gyCu1ajvEr9rZXvO35cWMbeKU-14fbs5RiuYXA6t3rRyLjQCR2ivaBK0nCaKZ0f35tJ5Er3Qm7fojzsh2lsiOzwL7myeUoVXkn3MTuJ620dgQ8EHwdoYFbM-CZk-P3DDC67r694bHaD7dpl5KzZMtJgA66v8sUL7LmhLyI_TsMXVVURSuXzuGu6WSQfrgCr8nO4oMNT6LcojFPmncIlvkSFyQ4MKCwjOhQya0nvcWYI1r9QTDmnErZRV_k2ZNPng7O9wn8CLm1UYERMUR8B91uBhhaQPQK7pw7MFVuhKcwLbP_1cnJa1YedeCx6Z2GH772VT8nXuo4M5YUrdZnEgcI_aMLL7lbP05vnRram8HDdunb94vFymy8s47xvtNLF3pKklBHgJq_brLPieN5lINW82NS0v7BFPJhYdIh3ivuIShYuUR9eFpDVMF2s3YZRTCuyOVAy1Lt7z5cRBqZTxI7IJsL6js8z00Lx4bjhrueFaafWygqxC0buQuzrLzjS_JxKkUuvwjimw9XMBsgppSZpo5c3QJjZxH__zykkFYF5sFYpwuGKu-JuajHZtGZZYUQQz_CSV4dai528bsRFPvN3YY_kl2Mq4lPL7Iu4r_GxYtuBFpLLVMsjfF29ToZnyabUiOViBEU0lfDV1BYGgQ-iBtBp8wiGfhqlBIVkuLibefbuZ0acMLhsyCY7N2VDDr6_ShCnvDn6Pb9TGNASc3-f8qUHugUKVc7nDN84iQrMhKHk1LRI6PsiruZB-0OkSoFLFIoeg5Qcw4DkwjB5DY7hWHUPdWqO1EVheUENqQbmRqa56LtQyMpRvNfrrObHGdpjSaQyCVBDaCiTla45v0tg_xb4VfDK56nwk89FbjJfrpwWcsDCeyB6iGa-LZnBza2uHM6tYYLx3PrLEK9IwFn6sCVHwXLItS7WPkrttkVFYOjU577g36fdF91dLxBbhnOPdxGambVP5P009td_05VOHxe1yCur12ixQJMBv7seuHOnVUY83exox5RTeytaF0ZOpz5-inJBEFaABqcmyeJNrHc_Jz1cxVnqbQQVjhzy1MaJvFFSqbkoJOoNvlhWeE1h1zdFFFVMv3WMDYjXDKaMcXKdaUy0xg=s0-d-e1-ft#https://logs.naukri.com/collectorapi/v1/uba?data=%7B%22deviceType%22%3A%22WEB%22%2C%22additionalParams%22%3A%7B%7D%2C%22campaignId%22%3Anull%2C%22communicationId%22%3A%226a583e4614e24dd717c8e276%22%2C%22communicationType%22%3A%22mail%22%2C%22journeyId%22%3Anull%2C%22userId%22%3A%2250378977%22%2C%22eventCode%22%3A%22ng_js_reco_mailer1%22%2C%22encEmail%22%3A%2238e7739dd947cf679b2a01e5b51304f1ed013ed081adeb1ccd13746febecb39f08b05ee52a8d9794%22%2C%22mailType%22%3A%22reco%22%2C%22recipientType%22%3A%22jobseeker%22%2C%22mailerId%22%3A%22ng_js_reco_mailer1_20260716%22%2C%22requestId%22%3A%226a583e467bcc1053b0463e74%22%2C%22appId%22%3A%22120%22%2C%22segmentId%22%3Anull%2C%22tenantId%22%3A%222%22%2C%22eventName%22%3A%22communicationOpen%22%2C%22parentActivityId%22%3Anull%2C%22parentJourneyId%22%3Anull%2C%22initTime%22%3A1784168006958%7D|https://ccs-tracking.naukrigulf.com?data=%7B%22deviceType%22%3A%22WEB%22%2C%22additionalParams%22%3A%7B%7D%2C%22communicationId%22%3A%226a583e4614e24dd717c8e276%22%2C%22clickPosition%22%3A1%2C%22communicationType%22%3A%22mail%22%2C%22userId%22%3A%22842e23054d1e84ff3b28ce8554164432526d636a2c192e46%22%2C%22eventCode%22%3A%22ng_js_reco_mailer1%22%2C%22encEmail%22%3A%2238e7739dd947cf679b2a01e5b51304f1ed013ed081adeb1ccd13746febecb39f08b05ee52a8d9794%22%2C%22mailType%22%3A%22reco%22%2C%22recipientType%22%3A%22jobseeker%22%2C%22mailerId%22%3A%22ng_js_reco_mailer1_20260716%22%2C%22appId%22%3A120%2C%22tenantId%22%3A%222%22%2C%22eventName%22%3A%22communicationClick%22%7D&amp;redirect=https%3A%2F%2Fwww.naukrigulf.com%2Fnglogin%2Fuser%2FmailerLogin%3Fconmailer%3Ddc78bce71ea29b5c94af6de6e99fd35fa6f83255954ead8ca73dd1c22a2c2e1c%257C%7E%257CYW1yaXRoYTUzMkBnbWFpbC5jb20%253D%257C%252A%252A%252A%252A%257C1%257C%7E%7E%257C20260723%26rUrl%3Dhttps%3A%2F%2Fwww.naukrigulf.com%253Futm_medium%253Demail%2526utm_source%253Dreco%2526utm_campaign%253DrecoEmail%2526utm_term%253Dlogo%2526mailerId%253Dng_js_reco_mailer1_20260716%2526lang%253Den%26utm_medium%3Demail%26utm_source%3Dreco%26utm_campaign%3DrecoEmail%26utm_term%3Dlogo%26mailerId%3Dng_js_reco_mailer1_20260716%26lang%3Den|https://www.google.com/url?q=https://ccs-tracking.naukrigulf.com?data%3D%257B%2522deviceType%2522%253A%2522WEB%2522%252C%2522additionalParams%2522%253A%257B%257D%252C%2522communicationId%2522%253A%25226a583e4614e24dd717c8e276%2522%252C%2522clickPosition%2522%253A1%252C%2522communicationType%2522%253A%2522mail%2522%252C%2522userId%2522%253A%2522842e23054d1e84ff3b28ce8554164432526d636a2c192e46%2522%252C%2522eventCode%2522%253A%2522ng_js_reco_mailer1%2522%252C%2522encEmail%2522%253A%252238e7739dd947cf679b2a01e5b51304f1ed013ed081adeb1ccd13746febecb39f08b05ee52a8d9794%2522%252C%2522mailType%2522%253A%2522reco%2522%252C%2522recipientType%2522%253A%2522jobseeker%2522%252C%2522mailerId%2522%253A%2522ng_js_reco_mailer1_20260716%2522%252C%2522appId%2522%253A120%252C%2522tenantId%2522%253A%25222%2522%252C%2522eventName%2522%253A%2522communicationClick%2522%257D%26redirect%3Dhttps%253A%252F%252Fwww.naukrigulf.com%252Fnglogin%252Fuser%252FmailerLogin%253Fconmailer%253Ddc78bce71ea29b5c94af6de6e99fd35fa6f83255954ead8ca73dd1c22a2c2e1c%25257C%257E%25257CYW1yaXRoYTUzMkBnbWFpbC5jb20%25253D%25257C%25252A%25252A%25252A%25252A%25257C1%25257C%257E%257E%25257C20260723%2526rUrl%253Dhttps%253A%252F%252Fwww.naukrigulf.com%25253Futm_medium%25253Demail%252526utm_source%25253Dreco%252526utm_campaign%25253DrecoEmail%252526utm_term%25253Dlogo%252526mailerId%25253Dng_js_reco_mailer1_20260716%252526lang%25253Den%2526utm_medium%253Demail%2526utm_source%253Dreco%2526utm_campaign%253DrecoEmail%2526utm_term%253Dlogo%2526mailerId%253Dng_js_reco_mailer1_20260716%2526lang%253Den&amp;source=gmail&amp;ust=1786726887286000&amp;usg=AOvVaw27H9MebgGv1mliHVHok_Va|https://ci3.googleusercontent.com/meips/ADKq_NaRLWywEejMZxOsGD0cv-CrbTgEkGbvhL89h6GIb-VBTSDwgF35M83mAexzNWGwRBbsG9uojQHFFR5l_2Q9miLZa61TCrzDr95HzAKeG2l3=s0-d-e1-ft#https://static.naukimg.com/ni/nifc/mailers/images/logo.png|https://apps.apple.com/in/app/naukrigulf-job-search-app/id724241430|https://www.google.com/url?q=https://apps.apple.com/in/app/naukrigulf-job-search-app/id724241430&amp;source=gmail&amp;ust=1786726887286000&amp;usg=AOvVaw1IFlVM_oxFzoo63bPBcNWk|https://ci3.googleusercontent.com/meips/ADKq_NbZxbpZsNYwbhyXBoxHJMn8XH27E4atbcCFRX4u3IG3mNdYvb3wwOpGu0VD8tZZ5Yqs0bEvbzqo1WyN-orstF6BoOrWhvEJ4rZQOVWo7Rz85mg=s0-d-e1-ft#https://static.naukimg.com/ni/nifc/mailers/images/apple1.png|https://play.google.com/store/apps/details?id=com.naukriGulf.app|https://www.google.com/url?q=https://play.google.com/store/apps/details?id%3Dcom.naukriGulf.app&amp;source=gmail&amp;ust=1786726887286000&amp;usg=AOvVaw1teP3a-JmBmwZlizR5seiv|https://ci3.googleusercontent.com/meips/ADKq_NbNLjF6f_6oD5Lt9drBAITtNltnQBRX1quNu5eDOnTdVuz9FI__tBxSMuuioYAflU-m250EadhhlA3_YVvR6oNb2lfLIeh1uyAvSH3LmIo=s0-d-e1-ft#https://static.naukimg.com/ni/nifc/mailers/images/app.png|https://ccs-tracking.naukrigulf.com?data=%7B%22deviceType%22%3A%22WEB%22%2C%22additionalParams%22%3A%7B%7D%2C%22communicationId%22%3A%226a583e4614e24dd717c8e276%22%2C%22clickPosition%22%3A4%2C%22communicationType%22%3A%22mail%22%2C%22userId%22%3A%22842e23054d1e84ff3b28ce8554164432526d636a2c192e46%22%2C%22eventCode%22%3A%22ng_js_reco_mailer1%22%2C%22encEmail%22%3A%2238e7739dd947cf679b2a01e5b51304f1ed013ed081adeb1ccd13746febecb39f08b05ee52a8d9794%22%2C%22mailType%22%3A%22reco%22%2C%22recipientType%22%3A%22jobseeker%22%2C%22mailerId%22%3A%22ng_js_reco_mailer1_20260716%22%2C%22appId%22%3A120%2C%22tenantId%22%3A%222%22%2C%22eventName%22%3A%22communicationClick%22%7D&amp;redirect=https%3A%2F%2Fwww.naukrigulf.com%2Fnglogin%2Fuser%2FmailerLogin%3Fconmailer%3Ddc78bce71ea29b5c94af6de6e99fd35fa6f83255954ead8ca73dd1c22a2c2e1c%257C%7E%257CYW1yaXRoYTUzMkBnbWFpbC5jb20%253D%257C%252A%252A%252A%252A%257C1%257C%7E%7E%257C20260723%26rUrl%3Dhttps%3A%2F%2Fwww.naukrigulf.com%2Fdata-center-security-specialist-infrastructure-physical-security-jobs-in-abu-dhabi-uae-in-amazon-data-services-emirates-llc-dubai-branch-1-to-6-years-n-cd-10002542-jid-170626500742%253Futm_medium%253Demail%2526utm_source%253Dreco%2526utm_campaign%253DrecoEmail%2526mailerId%253Dng_js_reco_mailer1_20260716%2526lang%253Den%2526filename%253D170626500742%2526jobPosition%253D1%2526utm_term%253D10%26utm_medium%3Demail%26utm_source%3Dreco%26utm_campaign%3DrecoEmail%26mailerId%3Dng_js_reco_mailer1_20260716%26lang%3Den%26filename%3D170626500742%26jobPosition%3D1%26utm_term%3D10|https://www.google.com/url?q=https://ccs-tracking.naukrigulf.com?data%3D%257B%2522deviceType%2522%253A%2522WEB%2522%252C%2522additionalParams%2522%253A%257B%257D%252C%2522communicationId%2522%253A%25226a583e4614e24dd717c8e276%2522%252C%2522clickPosition%2522%253A4%252C%2522communicationType%2522%253A%2522mail%2522%252C%2522userId%2522%253A%2522842e23054d1e84ff3b28ce8554164432526d636a2c192e46%2522%252C%2522eventCode%2522%253A%2522ng_js_reco_mailer1%2522%252C%2522encEmail%2522%253A%252238e7739dd947cf679b2a01e5b51304f1ed013ed081adeb1ccd13746febecb39f08b05ee52a8d9794%2522%252C%2522mailType%2522%253A%2522reco%2522%252C%2522recipientType%2522%253A%2522jobseeker%2522%252C%2522mailerId%2522%253A%2522ng_js_reco_mailer1_20260716%2522%252C%2522appId%2522%253A120%252C%2522tenantId%2522%253A%25222%2522%252C%2522eventName%2522%253A%2522communicationClick%2522%257D%26redirect%3Dhttps%253A%252F%252Fwww.naukrigulf.com%252Fnglogin%252Fuser%252FmailerLogin%253Fconmailer%253Ddc78bce71ea29b5c94af6de6e99fd35fa6f83255954ead8ca73dd1c22a2c2e1c%25257C%257E%25257CYW1yaXRoYTUzMkBnbWFpbC5jb20%25253D%25257C%25252A%25252A%25252A%25252A%25257C1%25257C%257E%257E%25257C20260723%2526rUrl%253Dhttps%253A%252F%252Fwww.naukrigulf.com%252Fdata-center-security-specialist-infrastructure-physical-security-jobs-in-abu-dhabi-uae-in-amazon-data-services-emirates-llc-dubai-branch-1-to-6-years-n-cd-10002542-jid-170626500742%25253Futm_medium%25253Demail%252526utm_source%25253Dreco%252526utm_campaign%25253DrecoEmail%252526mailerId%25253Dng_js_reco_mailer1_20260716%252526lang%25253Den%252526filename%25253D170626500742%252526jobPosition%25253D1%252526utm_term%25253D10%2526utm_medium%253Demail%2526utm_source%253Dreco%2526utm_campaign%253DrecoEmail%2526mailerId%253Dng_js_reco_mailer1_20260716%2526lang%253Den%2526filename%253D170626500742%2526jobPosition%253D1%2526utm_term%253D10&amp;source=gmail&amp;ust=1786726887286000&amp;usg=AOvVaw1xu74mcJ7sLpN4FEqhyb_Y|https://ci3.googleusercontent.com/meips/ADKq_NaIIV2df_YOL4NxzUJ7EHy_YYE7D5p_i_HRI8G34dnGFihJhXSN48_NNET3GjJNmq9y-ZqYS90KDeQmQIFemFesJeFUDeBpe_2e9C6siGlPjlJJ=s0-d-e1-ft#https://static.naukimg.com/ni/nipjp/10002542/10002542_srp.gif|https://ci3.googleusercontent.com/meips/ADKq_NbxsFlkdiYY9ufZ7Js7LQcS4NRivGoevZEy3BllclEctditkof5bL0Sz-NSonbpC3IqBmYEEtT1Lf_cB0C9YtdYp3M6IoEz7aT9wW2ggUw=s0-d-e1-ft#https://static.naukimg.com/ni/nifc/mailers/images/exp.png|https://ci3.googleusercontent.com/meips/ADKq_NaQ3bNEw488hvPv25nTD_ovReKVdpYa0WvKbmURVcswLFxM_CoLAeuWxGW9Z929z5ExQDPR9EuO4mAJ0XCYYUhMwQV1M-ksH-Qmc89GDms=s0-d-e1-ft#https://static.naukimg.com/ni/nifc/mailers/images/loc.png|https://ccs-tracking.naukrigulf.com?data=%7B%22deviceType%22%3A%22WEB%22%2C%22additionalParams%22%3A%7B%7D%2C%22communicationId%22%3A%226a583e4614e24dd717c8e276%22%2C%22clickPosition%22%3A5%2C%22communicationType%22%3A%22mail%22%2C%22userId%22%3A%22842e23054d1e84ff3b28ce8554164432526d636a2c192e46%22%2C%22eventCode%22%3A%22ng_js_reco_mailer1%22%2C%22encEmail%22%3A%2238e7739dd947cf679b2a01e5b51304f1ed013ed081adeb1ccd13746febecb39f08b05ee52a8d9794%22%2C%22mailType%22%3A%22reco%22%2C%22recipientType%22%3A%22jobseeker%22%2C%22mailerId%22%3A%22ng_js_reco_mailer1_20260716%22%2C%22appId%22%3A120%2C%22tenantId%22%3A%222%22%2C%22eventName%22%3A%22communicationClick%22%7D&amp;redirect=https%3A%2F%2Fwww.naukrigulf.com%2Fnglogin%2Fuser%2FmailerLogin%3Fconmailer%3Ddc78bce71ea29b5c94af6de6e99fd35fa6f83255954ead8ca73dd1c22a2c2e1c%257C%7E%257CYW1yaXRoYTUzMkBnbWFpbC5jb20%253D%257C%252A%252A%252A%252A%257C1%257C%7E%7E%257C20260723%26rUrl%3Dhttps%3A%2F%2Fwww.naukrigulf.com%2Fgrc-auditor-jobs-in-doha-qatar-in-confidential-3-to-7-years-n-jid-160526000600%253Futm_medium%253Demail%2526utm_source%253Dreco%2526utm_campaign%253DrecoEmail%2526mailerId%253Dng_js_reco_mailer1_20260716%2526lang%253Den%2526filename%253D160526000600%2526jobPosition%253D2%2526utm_term%253D9%26utm_medium%3Demail%26utm_source%3Dreco%26utm_campaign%3DrecoEmail%26mailerId%3Dng_js_reco_mailer1_20260716%26lang%3Den%26filename%3D160526000600%26jobPosition%3D2%26utm_term%3D9|https://www.google.com/url?q=https://ccs-tracking.naukrigulf.com?data%3D%257B%2522deviceType%2522%253A%2522WEB%2522%252C%2522additionalParams%2522%253A%257B%257D%252C%2522communicationId%2522%253A%25226a583e4614e24dd717c8e276%2522%252C%2522clickPosition%2522%253A5%252C%2522communicationType%2522%253A%2522mail%2522%252C%2522userId%2522%253A%2522842e23054d1e84ff3b28ce8554164432526d636a2c192e46%2522%252C%2522eventCode%2522%253A%2522ng_js_reco_mailer1%2522%252C%2522encEmail%2522%253A%252238e7739dd947cf679b2a01e5b51304f1ed013ed081adeb1ccd13746febecb39f08b05ee52a8d9794%2522%252C%2522mailType%2522%253A%2522reco%2522%252C%2522recipientType%2522%253A%2522jobseeker%2522%252C%2522mailerId%2522%253A%2522ng_js_reco_mailer1_20260716%2522%252C%2522appId%2522%253A120%252C%2522tenantId%2522%253A%25222%2522%252C%2522eventName%2522%253A%2522communicationClick%2522%257D%26redirect%3Dhttps%253A%252F%252Fwww.naukrigulf.com%252Fnglogin%252Fuser%252FmailerLogin%253Fconmailer%253Ddc78bce71ea29b5c94af6de6e99fd35fa6f83255954ead8ca73dd1c22a2c2e1c%25257C%257E%25257CYW1yaXRoYTUzMkBnbWFpbC5jb20%25253D%25257C%25252A%25252A%25252A%25252A%25257C1%25257C%257E%257E%25257C20260723%2526rUrl%253Dhttps%253A%252F%252Fwww.naukrigulf.com%252Fgrc-auditor-jobs-in-doha-qatar-in-confidential-3-to-7-years-n-jid-160526000600%25253Futm_medium%25253Demail%252526utm_source%25253Dreco%252526utm_campaign%25253DrecoEmail%252526mailerId%25253Dng_js_reco_mailer1_20260716%252526lang%25253Den%252526filename%25253D160526000600%252526jobPosition%25253D2%252526utm_term%25253D9%2526utm_medium%253Demail%2526utm_source%253Dreco%2526utm_campaign%253DrecoEmail%2526mailerId%253Dng_js_reco_mailer1_20260716%2526lang%253Den%2526filename%253D160526000600%2526jobPosition%253D2%2526utm_term%253D9&amp;source=gmail&amp;ust=1786726887286000&amp;usg=AOvVaw1zeCtE8z8tNQEcZGTQSAcJ|https://ccs-tracking.naukrigulf.com?data=%7B%22deviceType%22%3A%22WEB%22%2C%22additionalParams%22%3A%7B%7D%2C%22communicationId%22%3A%226a583e4614e24dd717c8e276%22%2C%22clickPosition%22%3A6%2C%22communicationType%22%3A%22mail%22%2C%22userId%22%3A%22842e23054d1e84ff3b28ce8554164432526d636a2c192e46%22%2C%22eventCode%22%3A%22ng_js_reco_mailer1%22%2C%22encEmail%22%3A%2238e7739dd947cf679b2a01e5b51304f1ed013ed081adeb1ccd13746febecb39f08b05ee52a8d9794%22%2C%22mailType%22%3A%22reco%22%2C%22recipientType%22%3A%22jobseeker%22%2C%22mailerId%22%3A%22ng_js_reco_mailer1_20260716%22%2C%22appId%22%3A120%2C%22tenantId%22%3A%222%22%2C%22eventName%22%3A%22communicationClick%22%7D&amp;redirect=https%3A%2F%2Fwww.naukrigulf.com%2Fnglogin%2Fuser%2FmailerLogin%3Fconmailer%3Ddc78bce71ea29b5c94af6de6e99fd35fa6f83255954ead8ca73dd1c22a2c2e1c%257C%7E%257CYW1yaXRoYTUzMkBnbWFpbC5jb20%253D%257C%252A%252A%252A%252A%257C1%257C%7E%7E%257C20260723%26rUrl%3Dhttps%3A%2F%2Fwww.naukrigulf.com%2Fgrc-auditor-jobs-in-doha-qatar-in-confidential-3-to-7-years-n-jid-160526000600%253Futm_medium%253Demail%2526utm_source%253Dreco%2526utm_campaign%253DrecoEmail%2526mailerId%253Dng_js_reco_mailer1_20260716%2526lang%253Den%2526filename%253D160526000600%2526jobPosition%253D2%2526utm_term%253D9%26utm_medium%3Demail%26utm_source%3Dreco%26utm_campaign%3DrecoEmail%26mailerId%3Dng_js_reco_mailer1_20260716%26lang%3Den%26filename%3D160526000600%26jobPosition%3D2%26utm_term%3D9|https://www.google.com/url?q=https://ccs-tracking.naukrigulf.com?data%3D%257B%2522deviceType%2522%253A%2522WEB%2522%252C%2522additionalParams%2522%253A%257B%257D%252C%2522communicationId%2522%253A%25226a583e4614e24dd717c8e276%2522%252C%2522clickPosition%2522%253A6%252C%2522communicationType%2522%253A%2522mail%2522%252C%2522userId%2522%253A%2522842e23054d1e84ff3b28ce8554164432526d636a2c192e46%2522%252C%2522eventCode%2522%253A%2522ng_js_reco_mailer1%2522%252C%2522encEmail%2522%253A%252238e7739dd947cf679b2a01e5b51304f1ed013ed081adeb1ccd13746febecb39f08b05ee52a8d9794%2522%252C%2522mailType%2522%253A%2522reco%2522%252C%2522recipientType%2522%253A%2522jobseeker%2522%252C%2522mailerId%2522%253A%2522ng_js_reco_mailer1_20260716%2522%252C%2522appId%2522%253A120%252C%2522tenantId%2522%253A%25222%2522%252C%2522eventName%2522%253A%2522communicationClick%2522%257D%26redirect%3Dhttps%253A%252F%252Fwww.naukrigulf.com%252Fnglogin%252Fuser%252FmailerLogin%253Fconmailer%253Ddc78bce71ea29b5c94af6de6e99fd35fa6f83255954ead8ca73dd1c22a2c2e1c%25257C%257E%25257CYW1yaXRoYTUzMkBnbWFpbC5jb20%25253D%25257C%25252A%25252A%25252A%25252A%25257C1%25257C%257E%257E%25257C20260723%2526rUrl%253Dhttps%253A%252F%252Fwww.naukrigulf.com%252Fgrc-auditor-jobs-in-doha-qatar-in-confidential-3-to-7-years-n-jid-160526000600%25253Futm_medium%25253Demail%252526utm_source%25253Dreco%252526utm_campaign%25253DrecoEmail%252526mailerId%25253Dng_js_reco_mailer1_20260716%252526lang%25253Den%252526filename%25253D160526000600%252526jobPosition%25253D2%252526utm_term%25253D9%2526utm_medium%253Demail%2526utm_source%253Dreco%2526utm_campaign%253DrecoEmail%2526mailerId%253Dng_js_reco_mailer1_20260716%2526lang%253Den%2526filename%253D160526000600%2526jobPosition%253D2%2526utm_term%253D9&amp;source=gmail&amp;ust=1786726887286000&amp;usg=AOvVaw14YbtGBD25bsvhkZdglGTr|https://ci3.googleusercontent.com/meips/ADKq_NZDADU5QcL3Fl7DTDxOl56Xgm8E3zfoOj508edcwttrKWaiHDF76gFfHlP6L4F7c9amT8ZRLdsqIb3CjaSmlqA_h2CInDE6XOlRmhRuzh0I3vLW=s0-d-e1-ft#https://static.naukimg.com/ni/nifc/mailers/images/ng-icon.png,none,none,none,0,1,0.7498,1,0.3749
Communication@dxb.themyriad.com,Water Tank and Pipeline Maintenance - All Blocks,"Dear Resident,

 

Please be informed that as part of our health & safety measures, maintenance of the water tank and pipeline is scheduled from 13.07.2026 (Monday) to 17.07.2026 (Friday).

 

Please refer to the schedule below for the planned maintenance dates and locations.

 

 

Schedule date – 13.07.2026 – 17.07.2026

 

Date

		

Location

		

Time

	


13.07.2026

		

Block D

		

9:00 AM TO 5:00 PM

	


14.07.2026

		

Block A, C & E

		

9:00 AM TO 5:00 PM

	


15.07.2026

		

Block B

		

9:00 AM TO 5:00 PM

	


16.07.2026

		

Block F & G

		

9:00 AM TO 5:00 PM

	

 

 

Important Note:

 

During the mentioned period, water supply may be temporarily interrupted or experience low pressure.
Water may appear cloudy briefly after the service; please allow it to run for a few minut",https://www.tiktok.com/@themyriaddubai|https://www.google.com/url?q=https://www.tiktok.com/@themyriaddubai&amp;source=gmail&amp;ust=1786727014436000&amp;usg=AOvVaw0-nygYoIUI6nnkQxe-EGYC|https://mail.google.com/mail/u/1?ui=2&amp;ik=1b301268b0&amp;attid=0.0.1&amp;permmsgid=msg-f:1870580749187448701&amp;th=19f5a347d7007f7d&amp;view=fimg&amp;fur=ip&amp;permmsgid=msg-f:1870580749187448701&amp;sz=s0-l75-ft&amp;attbid=ANGjdJ91bm4vyvpxoT8B81HqMa39SFd2cAGiInqoALBsK2D9HjRezPZJ-yufFTzsbB8tsAiwos0gK3qmOfamVrfp_SwOMFz3XNYBED032DhKnmHpVHUPEmBoK546l2A&amp;disp=emb&amp;zw|https://www.instagram.com/themyriaddubai/|https://www.google.com/url?q=https://www.instagram.com/themyriaddubai/&amp;source=gmail&amp;ust=1786727014436000&amp;usg=AOvVaw1U-deGmnDvw5OBVif-_NJ0|https://mail.google.com/mail/u/1?ui=2&amp;ik=1b301268b0&amp;attid=0.0.2&amp;permmsgid=msg-f:1870580749187448701&amp;th=19f5a347d7007f7d&amp;view=fimg&amp;fur=ip&amp;permmsgid=msg-f:1870580749187448701&amp;sz=s0-l75-ft&amp;attbid=ANGjdJ9vL-DBCBKh92JTmhUKHRZLLd8N9TzWkIYpP_WYSx6648nQ6QWfCBaHZqKhFpaK5BOLwFnhJkzNPcr0mKjO3alDjs-onGRiPIQFwKV4DYZ0IS-v2nBT4xaGlcQ&amp;disp=emb&amp;zw|https://www.facebook.com/themyriaddubai|https://www.google.com/url?q=https://www.facebook.com/themyriaddubai&amp;source=gmail&amp;ust=1786727014436000&amp;usg=AOvVaw0cYnYgGqmvp2E0SQBfWgy8|https://mail.google.com/mail/u/1?ui=2&amp;ik=1b301268b0&amp;attid=0.0.3&amp;permmsgid=msg-f:1870580749187448701&amp;th=19f5a347d7007f7d&amp;view=fimg&amp;fur=ip&amp;permmsgid=msg-f:1870580749187448701&amp;sz=s0-l75-ft&amp;attbid=ANGjdJ8sdIoa8-NFbudJ0OinJ7I-QQa4Idq16c3oVNeElPzB789ikT1Qe_Z92-UTli31-pJlxuSBbnXqcGkizesFcbQq4JeSjVwkTNjn4YW5zupsh042znVwkbAp-sA&amp;disp=emb&amp;zw|https://twitter.com/themyriaddubai|https://www.google.com/url?q=https://twitter.com/themyriaddubai&amp;source=gmail&amp;ust=1786727014436000&amp;usg=AOvVaw39rCwPZc_E3BrPhFUEGYQI|https://mail.google.com/mail/u/1?ui=2&amp;ik=1b301268b0&amp;attid=0.0.4&amp;permmsgid=msg-f:1870580749187448701&amp;th=19f5a347d7007f7d&amp;view=fimg&amp;fur=ip&amp;permmsgid=msg-f:1870580749187448701&amp;sz=s0-l75-ft&amp;attbid=ANGjdJ96Zd6uXrptNY7GKtJBM6uKjPxeXSCmUBew4p8uVjxYP6ZDfklhls87w3ojNyyhcvMCwLDfBRPj0kdOefFH0Bpr1VgaiVeHyM5MfklXfpWlDYovG0ITJFkLUaI&amp;disp=emb&amp;zw|https://www.linkedin.com/company/the-myriad1|https://www.google.com/url?q=https://www.linkedin.com/company/the-myriad1&amp;source=gmail&amp;ust=1786727014436000&amp;usg=AOvVaw1VnrAv42hCeeoxVdVFuEFA|https://mail.google.com/mail/u/1?ui=2&amp;ik=1b301268b0&amp;attid=0.0.5&amp;permmsgid=msg-f:1870580749187448701&amp;th=19f5a347d7007f7d&amp;view=fimg&amp;fur=ip&amp;permmsgid=msg-f:1870580749187448701&amp;sz=s0-l75-ft&amp;attbid=ANGjdJ_zwe9PDprJbRhxV_uS43YjA9jajY9GMSj2OhZckcDsteTYpW_FsX5CJW-rLkvvEfxNEifBlwDLv0hM0IeYnH2TKa82K6t-wLqZFE_EVJSX3zFG7DBB_OJeyL8&amp;disp=emb&amp;zw|https://api.whatsapp.com/send/?phone=971800697423&amp;text&amp;type=phone_number&amp;app_absent=0|https://www.google.com/url?q=https://api.whatsapp.com/send/?phone%3D971800697423%26text%26type%3Dphone_number%26app_absent%3D0&amp;source=gmail&amp;ust=1786727014436000&amp;usg=AOvVaw3wHSoTUcso5-HZDj5Lpqv9|https://mail.google.com/mail/u/1?ui=2&amp;ik=1b301268b0&amp;attid=0.0.6&amp;permmsgid=msg-f:1870580749187448701&amp;th=19f5a347d7007f7d&amp;view=fimg&amp;fur=ip&amp;permmsgid=msg-f:1870580749187448701&amp;sz=s0-l75-ft&amp;attbid=ANGjdJ_4HK2XN5sBwQHaL-A-2BXb_-wrxJopuIPtjYB9TeV7vo0zGmhXM0_TkGBGAGNvZhG6rW33Hlk2EMvQN7wz__7AcQbfdyfQEThrjLs2vuhUPbAV4sQ4qZa2Mxo&amp;disp=emb&amp;zw|https://g.page/the-myriad-dubai?share|https://www.google.com/url?q=https://g.page/the-myriad-dubai?share&amp;source=gmail&amp;ust=1786727014436000&amp;usg=AOvVaw2a7Hd7WmCMxzIlb0Xwfxk3,none,none,none,0,1,0.8354,1,0.4177
noreply@du.ae,Home Wireless Activation,"Hello AMRITHA,

Congratulations! Your du Home Wireless plan has been activated successfully.



	
 
	

Your plan's details:

 
 
	

Your account number

	

1.82514470

 
 

Plan name

	

Home Wireless Plus

 
 

Contract duration

	

12

 
 

Your plan

	

Home Wireless Plus

 
 
 
 
 
 
	

Your plan's Benefits:

 
 
	

Unlimited data
5G-enabled Router


 
 
	

Your plan's charges:

 
 

Monthly plan's charges

	

AED 229.0

 
 

One-time charges

	

AED 0.0

 
 

5% VAT

	

AED 11.45

 
 

Total

	

AED 240.45

 
 
 
 

*The total monthly recurring charges are inclusive of any discounts on Home Wireless Plus plan charges. The original monthly charge of AED 249 will be applicable after the promotion ends.
**Early termination charges (if the plan is cancelled before the contract expiry):
* ",https://www.du.ae/businessoffers|https://www.google.com/url?q=https://www.du.ae/businessoffers&amp;source=gmail&amp;ust=1786727012809000&amp;usg=AOvVaw1ISK0BwzQy1W1N23RSak7n|https://ci3.googleusercontent.com/meips/ADKq_NYIliOzE1a6uzXamqNMdICobwJcUdNviIpL-zGeksCcuPzQ2_co0etz9-qW8lmcfbRVdGKPwd4r6RkWZG3TmF38J6R5=s0-d-e1-ft#http://./du+-+home+activation_files/banner.jpg|https://ci3.googleusercontent.com/meips/ADKq_NbcjbU3D224BCJ-0PuR3sNpoLciODP1r46qc54Izzw9pTU9_WtUMH7rr0_1o7W3x_LvAvykUrLVjgrrrPiHLGu50DaG=s0-d-e1-ft#http://./du+-+home+activation_files/icon-2.png|https://ci3.googleusercontent.com/meips/ADKq_NaoRw_QFpM5mqZtxRACF25m6967XlnbQuwTDOmUj0fU3v1V2Jg8yMadcSOXejCXocrMAAzUqkKiwxS39YflAcUqQmNpDV-Q=s0-d-e1-ft#http://./du+-+home+activation_files/icon-plan.png|https://ci3.googleusercontent.com/meips/ADKq_Na1UiX-XssEjoKpNr7usAl1PcgEjYjYgx-4iVc4NIT5FBK0maV4gwctfnkfCYj9hSgEytf9zVYdkGbagic7bu6FG64B_JiYPQ=s0-d-e1-ft#http://./du+-+home+activation_files/icon-addon.png|https://ci3.googleusercontent.com/meips/ADKq_NbFHC816h0TzJgbPmvFKYS5Kd43Ad0HzDQl6XPaAeMJ6LJSVhBQd2RsJVM4caOdwEREKWEoxC3Nd70pMSP5FLmGX_vDnOeNBA=s0-d-e1-ft#http://./du+-+home+activation_files/changeplan.png|https://ci3.googleusercontent.com/meips/ADKq_NY-f2z1k2pGCN9_kpOPNYfHVJQ4miRRmNWkTexcpfyashCBKwJWH7wO7cle6sQB8qUCBSpKDpN3EIqYJawzaTe6WxEbdGlLQw=s0-d-e1-ft#http://./du+-+home+activation_files/getstarted.png|https://www.youtube.com/watch?v=0IW7UX3hNt8&amp;t=27s|https://www.google.com/url?q=https://www.youtube.com/watch?v%3D0IW7UX3hNt8%26t%3D27s&amp;source=gmail&amp;ust=1786727012810000&amp;usg=AOvVaw1OYkk2y7gDvBP7QO-NHGVf|https://myaccount.du.ae/|https://www.google.com/url?q=https://myaccount.du.ae/&amp;source=gmail&amp;ust=1786727012810000&amp;usg=AOvVaw2sm1Sf38yjiarb92r8QPF0|https://mail.google.com/mail/u/1?ui=2&amp;ik=1b301268b0&amp;view=lg&amp;permmsgid=msg-f:1870691909300852306,none,none,none,1,0,0.8466,1,0.4233
noreply@du.ae,du telemarketing preferences update,"Dear AMRITHA,

Your telemarketing preferences have been saved.
You have selected calls/SMS/email/WhatsApp as your preferred communication preference.
You can easily access the du App to manage your marketing preferences under your plan options or send a text ""unsub"" to 5293 to unsubscribe.

Thank you,
du



Download the du App

				


						

du.ae | Terms & conditions | Legal

© Copyright 2024 EITC. All Rights Reserved.




Unsubscribe   |   Manage subscription",https://ci3.googleusercontent.com/meips/ADKq_NaIANWbN6OwKhoIwYz4gYuNflcbfbNZR-MWdeeanMXVdKOFG2E5YTXu8K2lN_9pGDB6n1axoE3kQ9RbLibPIBrO8QmacA9QbrSNNJClMGjhV1dBa-SXreh5bSqrSdhKf812WJpF=s0-d-e1-ft#https://www.du.ae/servlet/duaediscovery/common/images/emailer/DuLogo_framed.png|https://apps.apple.com/ae/app/du/id521545878|https://www.google.com/url?q=https://apps.apple.com/ae/app/du/id521545878&amp;source=gmail&amp;ust=1786727012831000&amp;usg=AOvVaw1GIcN-0ubXon2N-0OsULAz|https://ci3.googleusercontent.com/meips/ADKq_NaY8hrcQQjM6fUc7Cp9eAb0sFpn_VhwmdrPRGKOqxmk93hbiVN4j9jdbQkgYyKrjBnE3a_0PuvoRpCC-7_kw8t5EzNNoGaYA1RsMbmhEgpjhRqwXcrnrq8hOatGVlhXUcPzeHuD9n_yvl1_m2bIOg=s0-d-e1-ft#https://www.du.ae/servlet/duaediscovery/common/images/maizzle-images/button-app-apple.png|https://play.google.com/store/apps/details?id=duleaf.duapp.splash|https://www.google.com/url?q=https://play.google.com/store/apps/details?id%3Dduleaf.duapp.splash&amp;source=gmail&amp;ust=1786727012832000&amp;usg=AOvVaw1Ne_ACXvGwWZnElRuhgcaH|https://ci3.googleusercontent.com/meips/ADKq_Nb7wDbUx5kCPYiWaL_IqBpvg0AiYTsI8nW0RB6QEBqHfWF5d3Uox0E7PINYzKCxPMvs0GoDDuSHRWf28hDJjbgZQJ96hS8tzPZocvtWPoqYrkyuz9uRcloYM3N5eVaq0SjanbvWC43S9jPcDqwQNSzv=s0-d-e1-ft#https://www.du.ae/servlet/duaediscovery/common/images/maizzle-images/button-app-android.png|https://appgallery.cloud.huawei.com/marketshare/app/C101122217?locale=en_US&amp;source=appshare&amp;subsource=C101122217|https://www.google.com/url?q=https://appgallery.cloud.huawei.com/marketshare/app/C101122217?locale%3Den_US%26source%3Dappshare%26subsource%3DC101122217&amp;source=gmail&amp;ust=1786727012832000&amp;usg=AOvVaw2Pz7O0WEthGt_RWoWOkYVn|https://ci3.googleusercontent.com/meips/ADKq_NbeUom3Z8QE6PMrxDin275Dj6P3WiD0u3VrqtnklboyVzBwGo9QKa1Rs-P8V3yKwVQT7gO4k484YIUEyyiQ77aGh_qkfmrHWfGaOynok3qGIaJwwkkVCeeUTNIYDzJpztK-azZjLA62BbsbwSkP1iQ=s0-d-e1-ft#https://www.du.ae/servlet/duaediscovery/common/images/maizzle-images/button-app-huawei.png|https://www.instagram.com/du/?hl=en|https://www.google.com/url?q=https://www.instagram.com/du/?hl%3Den&amp;source=gmail&amp;ust=1786727012832000&amp;usg=AOvVaw2nhVKKeUMdUllUFtu5dnL8|https://ci3.googleusercontent.com/meips/ADKq_NZa2Dx5Z1upwnMpI8XSkL_nYVPGDWqbv5nUcYYE-uCMJQrJXk188J_3Mv9seLjmTh5pFAplV3qwBXAHDuLas1bOZs1LP-QoAlKhh2hGqABsKU0H0_FGARDzLMBLeTqWWpOWhkZuoe7fVSKmvT4OHeg=s0-d-e1-ft#https://www.du.ae/servlet/duaediscovery/common/images/maizzle-images/icon-social-insta.png|https://www.youtube.com/user/theduchannel|https://www.google.com/url?q=https://www.youtube.com/user/theduchannel&amp;source=gmail&amp;ust=1786727012832000&amp;usg=AOvVaw3eorq8urOfpgBM6YqJyxzI|https://ci3.googleusercontent.com/meips/ADKq_NZkllc69kCKk0GzQQ9pFDeFrT1C5Np3GFArj0BXGGRS9_Up65cygaucc8MJJ8k4zR0-ODuM2RD884eFIOQtzJsFXFWscnsKCz4Q8eShdyVpuIX4W41cEHuRYdGkvAg6B6woXrK2PFgxm2dtb1V4v_2RMQ=s0-d-e1-ft#https://www.du.ae/servlet/duaediscovery/common/images/maizzle-images/icon-social-youtube.png|https://www.facebook.com/du|https://www.google.com/url?q=https://www.facebook.com/du&amp;source=gmail&amp;ust=1786727012832000&amp;usg=AOvVaw13ASN_M0HOddpyyy4gM6y-|https://ci3.googleusercontent.com/meips/ADKq_NbShIEWI5WUz561xDkkCRcn5Toi0eo3o7j0gtDHDoipRXJnioV4pYQiyibtcGOoknwc-XMlSUS-eHlOOWjuo34t9wkcpqZUxzkV4m2dF8x_qaKMuJSB-KtSp5ZbByE1CkWqaJDUitebnBJ-e56hvHJIAck=s0-d-e1-ft#https://www.du.ae/servlet/duaediscovery/common/images/maizzle-images/icon-social-facebook.png|https://x.com/dutweets,none,none,none,0,1,0.8104,1,0.4052
update.en@em.talabat.com,Can we get a vibe check?,"You matter to us. Like for real.


Hey Amritha,
We're dying to know!

How can we make life even yummier for you? What are your vibes when ordering from us?

Spill it in this 2-minute survey. Keep it real, ‘kay?

Thanks a ton,
Your talabat fam



 


Let's do it!


 


 




 






We send these emails because we know you care too.



To unsubscribe, click here.
but don't, cause we'll miss you.



 
 
 



UAE, Dubai - Al Satwa - Citywalk - Ground floor
Contact us at info.uae@talabat.com",https://deliveryhub.eu.qualtrics.com/jfe/form/SV_bgaMl9iz5HzXcea|https://www.google.com/url?q=https://deliveryhub.eu.qualtrics.com/jfe/form/SV_bgaMl9iz5HzXcea&amp;source=gmail&amp;ust=1786727022790000&amp;usg=AOvVaw3Ou04yvuTlVkcFzENRfdUr|https://ci3.googleusercontent.com/meips/ADKq_NZ8MbFLg01XtqokmUqq2Sa6RnJfSB2HrXQ4mJf5RhIzwgbRR-ttUVfLv7f9G_Uplz4BLu8izT2NXFct3WWEDeuotswA5Z7Aks9as-ED-ATUXF3NtBY1DCasxzXGv5OPAlg7WcfeIU2T-w=s0-d-e1-ft#https://images.dhmedia.io/image/talabat_marketing/CRM_pics/Product_Other/survey.png|https://deliveryhub.eu.qualtrics.com/jfe/form/SV_bgaMl9iz5HzXcea?channel=email&amp;preferred_vertical=restaurants&amp;external_ID=37053766&amp;lastOrderId=3748115975&amp;customer_ID=37053766&amp;acid=vDsZTinhOp7JFnK2kVCtNg&amp;cityNameEnglish=dubai&amp;countryCode=AE&amp;OwnDelivery=true&amp;lastOrderedVertical=restaurants&amp;lifecycle_segment=1-er&amp;totalOrders=37&amp;ds_ordered_verts_30d=restaurants&amp;freq_evolution_last30d=0.3&amp;order_freq_last6m=7&amp;reorder_prob_7d=37&amp;reorder_prob_28d=76&amp;value_segment=2_MVC|https://www.google.com/url?q=https://deliveryhub.eu.qualtrics.com/jfe/form/SV_bgaMl9iz5HzXcea?channel%3Demail%26preferred_vertical%3Drestaurants%26external_ID%3D37053766%26lastOrderId%3D3748115975%26customer_ID%3D37053766%26acid%3DvDsZTinhOp7JFnK2kVCtNg%26cityNameEnglish%3Ddubai%26countryCode%3DAE%26OwnDelivery%3Dtrue%26lastOrderedVertical%3Drestaurants%26lifecycle_segment%3D1-er%26totalOrders%3D37%26ds_ordered_verts_30d%3Drestaurants%26freq_evolution_last30d%3D0.3%26order_freq_last6m%3D7%26reorder_prob_7d%3D37%26reorder_prob_28d%3D76%26value_segment%3D2_MVC&amp;source=gmail&amp;ust=1786727022790000&amp;usg=AOvVaw2gfXKUxj-1-NeMD7WO5M7s|https://pzwv.adj.st/?s=tpro&amp;adjust_t=n9s5k1_9du0cf&amp;adjust_campaign=crm_bra_mix_eat_ma_AE_Step2_Email_391393df-14c9-453e-8230-c6fb286bb143_ct-tpro-email-footer-link&amp;adjust_deeplink=talabat%3A%2F%2F%3Fs%3Dtpro&amp;adjust_redirect=https://www.talabat.com/?utm_source=email&amp;utm_medium=crm&amp;utm_campaign=crm_bra_AE_Step2_Email_391393df-14c9-453e-8230-c6fb286bb143_ma&amp;utm_keyword=|https://www.google.com/url?q=https://pzwv.adj.st/?s%3Dtpro%26adjust_t%3Dn9s5k1_9du0cf%26adjust_campaign%3Dcrm_bra_mix_eat_ma_AE_Step2_Email_391393df-14c9-453e-8230-c6fb286bb143_ct-tpro-email-footer-link%26adjust_deeplink%3Dtalabat%253A%252F%252F%253Fs%253Dtpro%26adjust_redirect%3Dhttps://www.talabat.com/?utm_source%3Demail%26utm_medium%3Dcrm%26utm_campaign%3Dcrm_bra_AE_Step2_Email_391393df-14c9-453e-8230-c6fb286bb143_ma%26utm_keyword%3D&amp;source=gmail&amp;ust=1786727022791000&amp;usg=AOvVaw3SgsQvFuzRl-y1N8L-KRN3|https://ci3.googleusercontent.com/meips/ADKq_NYjKOJOjw1Dj05WuysgUaN-iHOluchpdH7TarOuOHwYciABrQ461DOhRLIB2x3-RGwdmEgdB9OAUTWJQr-7_bQZtcG7T-J7nCmJDdpSG_Q_pQ8hYpEokRJkSo035a-FUs2je5cP99w=s0-d-e1-ft#https://images.dhmedia.io/image/talabat_marketing/CRM_pics/tpro%20banner%20EN.png|https://ci3.googleusercontent.com/meips/ADKq_NY0cW9N_cTSWPAu-BxTuLWpKKZzXeU5WaoD6KK5T_fh9qXNZy_9bLkD6t-wFiLxguQJK_XyNa5nwUphVWbF25OJ8rgJ34XkhG3DIh8aIRdCZIgdt9bNuWK2-m-c5HaWYkhqvgLfGOHn5x34d8BclmH1OYx1p9HMVhejF3_iAnbAIjBpztUEtPsd5iZlPEiT=s0-d-e1-ft#https://braze-images.com/appboy/communication/assets/image_assets/images/66cc676c16512600649e168f/original.png?1724671852|https://pzwv.adj.st/?adjust_t=n9s5k1_9du0cf&amp;adjust_campaign=crm_bra_mix_mix_aut_aa_AE_Step2_Email_391393df-14c9-453e-8230-c6fb286bb143_ct-main_email_footer&amp;adjust_deeplink=talabat%3A%2F%2F%3F&amp;adjust_redirect=https%3A%2F%2Fwww.talabat.com%3Futm_source=email&amp;utm_medium=crm&amp;utm_campaign=crm_bra_AE_Step2_Email_391393df-14c9-453e-8230-c6fb286bb143_aut_aa&amp;utm_keyword=|https://www.google.com/url?q=https://pzwv.adj.st/?adjust_t%3Dn9s5k1_9du0cf%26adjust_campaign%3Dcrm_bra_mix_mix_aut_aa_AE_Step2_Email_391393df-14c9-453e-8230-c6fb286bb143_ct-main_email_footer%26adjust_deeplink%3Dtalabat%253A%252F%252F%253F%26adjust_redirect%3Dhttps%253A%252F%252Fwww.talabat.com%253Futm_source%3Demail%26utm_medium%3Dcrm%26utm_campaign%3Dcrm_bra_AE_Step2_Email_391393df-14c9-453e-8230-c6fb286bb143_aut_aa%26utm_keyword%3D&amp;source=gmail&amp;ust=1786727022791000&amp;usg=AOvVaw2bld6opmqsvvBlaDgbhlpX|https://ci3.googleusercontent.com/meips/ADKq_NbTqaFrLFb5LH5hP2X0xwMrR0V9TjOy2yXmTRc4UTm_JDjfzp05JHY4gxPvAm_OsBbZcmKIcG311En7s7x07qPgaLy_8_7NIMpWfgY-VhNlL-3P2jR33EUgoLbQE_MfESBeF1aNatPySQ10W9FVuwPT25bc6JE8RxE3rT_a9SwVNucfAwiAgV1E1ZEFk0Zk=s0-d-e1-ft#https://braze-images.com/appboy/communication/assets/image_assets/images/667a8d858852b30058094724/original.png?1719307653|https://01.emailinboundprocessing.com/enc_user/unsubscribe?d=%241%24%2B0td2%2FgoaZ%2BUVUBKDcBrug%3D%3D%24D82vaknCAMzabexoq3jBiumUzrleupxKw1QK1XZIsbDfHbZIMgavMT4nWFqE%0AKasLtm0RBCBguFWE7qwZe2l89ESblXyuCkuaXcp64JkZvEJl63u%2FMZlmhXsx%0AZNXAXY%2BSQVpIcf%2BNTV0fd3UxktWcZkY6eePY2nfLZevB5XS1iLvfJ8re2x9x%0Awl1aen6uPSyyIzdDPuqWySJkfk6%2Fk38tthHcTuDFfqAH9HGVqiHiA3a7ngXO%0A%2Bc%2B5wPACupfQq8xNL3dfcUBo8%2FVvZDf8vyoKWbZTyhjvE4EWWT%2BRyh%2BzOOpb%0AGdNzwLyMENeK9SIH9RczUhPpPYb9YjuSs4u%2FfSyS8wHrVlk01cllOy1GcIBw%0A%2BYg%3D&amp;1=1%0A|https://www.google.com/url?q=https://01.emailinboundprocessing.com/enc_user/unsubscribe?d%3D%25241%2524%252B0td2%252FgoaZ%252BUVUBKDcBrug%253D%253D%2524D82vaknCAMzabexoq3jBiumUzrleupxKw1QK1XZIsbDfHbZIMgavMT4nWFqE%250AKasLtm0RBCBguFWE7qwZe2l89ESblXyuCkuaXcp64JkZvEJl63u%252FMZlmhXsx%250AZNXAXY%252BSQVpIcf%252BNTV0fd3UxktWcZkY6eePY2nfLZevB5XS1iLvfJ8re2x9x%250Awl1aen6uPSyyIzdDPuqWySJkfk6%252Fk38tthHcTuDFfqAH9HGVqiHiA3a7ngXO%250A%252Bc%252B5wPACupfQq8xNL3dfcUBo8%252FVvZDf8vyoKWbZTyhjvE4EWWT%252BRyh%252BzOOpb%250AGdNzwLyMENeK9SIH9RczUhPpPYb9YjuSs4u%252FfSyS8wHrVlk01cllOy1GcIBw%250A%252BYg%253D%261%3D1%250A&amp;source=gmail&amp;ust=1786727022791000&amp;usg=AOvVaw3NAIwRR0a5aQKPH2RHhtFj|https://www.facebook.com/talabat|https://www.google.com/url?q=https://www.facebook.com/talabat&amp;source=gmail&amp;ust=1786727022791000&amp;usg=AOvVaw22ipLfiMc9avGXVe0Pf1NW|https://ci3.googleusercontent.com/meips/ADKq_Nam8MtIbnNPtKMhyGAAgAXjfbgTpWQpc0tVa9Y8UV3R5YTx4U6cSBeJ4fK6o4USSFaNF6G15CS5zpyrFAjNbCvp116y8lF8GKUNo6ixPsniN95HcEwhxLzWDyEqzLxVxIk3NtNGeKYCg-DiBKKMzSYZxpF4wHq1J18OMNRBoPkH4aLxZ4uiNj8swXTcjC9K=s0-d-e1-ft#https://braze-images.com/appboy/communication/assets/image_assets/images/667a8fcf5a93ac005ad20af0/original.png?1719308239|https://www.instagram.com/talabatuae/|https://www.google.com/url?q=https://www.instagram.com/talabatuae/&amp;source=gmail&amp;ust=1786727022791000&amp;usg=AOvVaw1VH_GrCOYhkCnuhI9RYWaT|https://ci3.googleusercontent.com/meips/ADKq_NbQYbEcOWjg4idfceI0K14NnQ_3jaUVVAQ5br8PQDBEMICBfU6U6exHihpVu04XiOm8AUXcqIPeFP-wSe2PQxt4rdV4mz82HSF2twpdhZeE0wR9vqrX9FcHIuOlaNVMsCm6LDruAHKWwgMnHeW4iIuJ6ZFDrx5WfkAHweYipgzau8KkPq1aFx-DNtQnSFIS=s0-d-e1-ft#https://braze-images.com/appboy/communication/assets/image_assets/images/667a8fcf954f6d0058361a89/original.png?1719308239,none,none,none,0,0,0.736,1,0.368
Communication@dxb.themyriad.com,Monthly Pest Control,"Dear Resident,

 

Please be informed that as part of our health & safety plan, monthly pest control shall be scheduled in the communal area (Corridors, Basement, Communal and shared spaces only) on 09.07.2026 (Thursday) and 10.07.2026 (Friday).

 

Please refer to the below chart for your reference.

 

 

Schedule date – 09.07.2026

 

   Block

		

      Start

		

       Finish

	


Block A

		

9:00 AM

		

10:30 AM

	


Block F

		

10:30 AM

		

12:00 PM

	


Block E

		

12:00 PM

		

1:30 PM

	


Block C

		

2:30 PM

		

4:00 PM

	


Block D

		

4:00 PM

		

5:00 PM

	

 

Schedule date – 10.07.2026

 

Block

		

Start

		

Finish

	


Block B

		

09:00 AM

		

11:00 AM

	


Block G

		

11:00 AM

		

1:00 PM

	

 

 

Additional Treatment (10.07.2026)

 

Basement Area (Garba",https://www.tiktok.com/@themyriaddubai|https://www.google.com/url?q=https://www.tiktok.com/@themyriaddubai&amp;source=gmail&amp;ust=1786727066124000&amp;usg=AOvVaw0xIsLdA04vyeCjSlDggw1Q|https://mail.google.com/mail/u/1?ui=2&amp;ik=1b301268b0&amp;attid=0.0.1&amp;permmsgid=msg-f:1870046360111312075&amp;th=19f3bd41aff26ccb&amp;view=fimg&amp;fur=ip&amp;permmsgid=msg-f:1870046360111312075&amp;sz=s0-l75-ft&amp;attbid=ANGjdJ8yZOyQcwxn9i7z3Dc8KcTD0Axfp7HgQcM9aNvuAev-4MxKB1cLBs3M7E8h-xdu_1TzMyVGuVQwabDoCqD6vXLJ2jKUTiwaJcuBT5WkTUyRHVo0V0qJSRa4DOA&amp;disp=emb&amp;zw|https://www.instagram.com/themyriaddubai/|https://www.google.com/url?q=https://www.instagram.com/themyriaddubai/&amp;source=gmail&amp;ust=1786727066124000&amp;usg=AOvVaw130OLsewP49iBQN3lva9Uf|https://mail.google.com/mail/u/1?ui=2&amp;ik=1b301268b0&amp;attid=0.0.2&amp;permmsgid=msg-f:1870046360111312075&amp;th=19f3bd41aff26ccb&amp;view=fimg&amp;fur=ip&amp;permmsgid=msg-f:1870046360111312075&amp;sz=s0-l75-ft&amp;attbid=ANGjdJ8pnzRW795MEsy2DjrpsvVRkiZQq9CmRKUb8ttDiDKEFf0iKgMgdeLXh-SVyUyaBlpb12FWTCrgv_1PzeSAhwrjAvm3XqFsGRNug7NWogr0ksa_Q292WQXiu3k&amp;disp=emb&amp;zw|https://www.facebook.com/themyriaddubai|https://www.google.com/url?q=https://www.facebook.com/themyriaddubai&amp;source=gmail&amp;ust=1786727066125000&amp;usg=AOvVaw3NdH4IpRJRbqccPGUTBr3B|https://mail.google.com/mail/u/1?ui=2&amp;ik=1b301268b0&amp;attid=0.0.3&amp;permmsgid=msg-f:1870046360111312075&amp;th=19f3bd41aff26ccb&amp;view=fimg&amp;fur=ip&amp;permmsgid=msg-f:1870046360111312075&amp;sz=s0-l75-ft&amp;attbid=ANGjdJ_XR2SGRg5DO2N0kBTUJeo3kC5aJ3ylTnaOb1LfIlc2VSfR1-ZDH29iDpdrcZB177Paykxp4KDoYgqiqm9D_jrKIvGIkksXMiTJ2JhxONrnRcTtbn4s--1LGek&amp;disp=emb&amp;zw|https://twitter.com/themyriaddubai|https://www.google.com/url?q=https://twitter.com/themyriaddubai&amp;source=gmail&amp;ust=1786727066125000&amp;usg=AOvVaw1hhbOB6EsegN0BxibservG|https://mail.google.com/mail/u/1?ui=2&amp;ik=1b301268b0&amp;attid=0.0.4&amp;permmsgid=msg-f:1870046360111312075&amp;th=19f3bd41aff26ccb&amp;view=fimg&amp;fur=ip&amp;permmsgid=msg-f:1870046360111312075&amp;sz=s0-l75-ft&amp;attbid=ANGjdJ-zVoI6h5tWOCgrt6XhHQ6DkiQWRKjBbUuJ6G1Ur8oeSOWe3TY-QwEraqEylvJioGKEaU_JYiMoGMw1SDkQQbyh3ukYk8FhFjir74aDCpDL-uNOPsT_E52SkoQ&amp;disp=emb&amp;zw|https://www.linkedin.com/company/the-myriad1|https://www.google.com/url?q=https://www.linkedin.com/company/the-myriad1&amp;source=gmail&amp;ust=1786727066125000&amp;usg=AOvVaw3Bv8Ce0wnPL7-2jYxC3p2P|https://mail.google.com/mail/u/1?ui=2&amp;ik=1b301268b0&amp;attid=0.0.5&amp;permmsgid=msg-f:1870046360111312075&amp;th=19f3bd41aff26ccb&amp;view=fimg&amp;fur=ip&amp;permmsgid=msg-f:1870046360111312075&amp;sz=s0-l75-ft&amp;attbid=ANGjdJ-CyJnW5ggyLYpH_lYOI1pkZQhSvQGjULb1qdx_xV7mh72A-5IrJyi75KMjZwVn1ocPWIiPPbf_k_61Kb1J_RW2GElC7PGIL96-kpIDbeedEvLaXxRtIeQS6Fo&amp;disp=emb&amp;zw|https://api.whatsapp.com/send/?phone=971800697423&amp;text&amp;type=phone_number&amp;app_absent=0|https://www.google.com/url?q=https://api.whatsapp.com/send/?phone%3D971800697423%26text%26type%3Dphone_number%26app_absent%3D0&amp;source=gmail&amp;ust=1786727066125000&amp;usg=AOvVaw2cPp7VY2cYcD-kwZyYPxl6|https://mail.google.com/mail/u/1?ui=2&amp;ik=1b301268b0&amp;attid=0.0.6&amp;permmsgid=msg-f:1870046360111312075&amp;th=19f3bd41aff26ccb&amp;view=fimg&amp;fur=ip&amp;permmsgid=msg-f:1870046360111312075&amp;sz=s0-l75-ft&amp;attbid=ANGjdJ9KU3VvOMsy74KqYhxn-wKi3xHPWAjYQzbgT9PY9hhA_hYjTqJe5vcvgTlzaL9neCXdxeqt87u8XF7YS5Rd5UH88sIjgQIjXwMT0jNZcNKFaV8UGH3r3pMo07E&amp;disp=emb&amp;zw|https://g.page/the-myriad-dubai?share|https://www.google.com/url?q=https://g.page/the-myriad-dubai?share&amp;source=gmail&amp;ust=1786727066125000&amp;usg=AOvVaw3C_1c9z9_UKYSJt7h0Weva,none,none,none,0,0,0.7276,1,0.3638
Communication@dxb.themyriad.com,Mini FIFA Tournament is Here!,"Dear Resident,

 

Think you've got what it takes to be the champion?

 

Join us for an exciting afternoon of fun, friendly competition, and football action at our Mini FIFA Tournament!

 

 Date: Saturday, 11th July
 Time: 2:00 PM – 6:00 PM
 Location: MyriAcade

 

 Whether you're a seasoned FIFA player or just in it for the fun, everyone is welcome to participate!

 

Registration is required.
 MINI FIFA TOURNAMENT – Fill out form

 

Don't miss out—secure your spot and get ready to compete for bragging rights!

 

 

 

 

 

REGARDS,


THE MYRIAD TEAM

 

The Myriad Dubai

Dubai International Academic City

Dubai, U.A.E.

M  | T 800 MYRIAD (697423)",https://fonts.gstatic.com/s/e/notoemoji/17.0/1f4c5/72.png|https://fonts.gstatic.com/s/e/notoemoji/17.0/1f551/72.png|https://fonts.gstatic.com/s/e/notoemoji/17.0/1f4cd/72.png|https://fonts.gstatic.com/s/e/notoemoji/17.0/1f3ae/72.png|https://fonts.gstatic.com/s/e/notoemoji/17.0/1f449/72.png|https://forms.office.com/r/yjrSQJRkSF|https://www.google.com/url?q=https://forms.office.com/r/yjrSQJRkSF&amp;source=gmail&amp;ust=1786727066518000&amp;usg=AOvVaw0ZJoGsVj7n3Mbkqgg2YhON|https://mail.google.com/mail/u/1?ui=2&amp;ik=1b301268b0&amp;attid=0.1&amp;permmsgid=msg-f:1870043207394751165&amp;th=19f3ba63a36572bd&amp;view=fimg&amp;fur=ip&amp;permmsgid=msg-f:1870043207394751165&amp;sz=s0-l75-ft&amp;attbid=ANGjdJ_VUasOoC0BZmE9MD2DeEFW7AWNEoFXF9oLj70cYzx8ROFrsgk4caE_evUbtrLSNVRV_2lsntk5P3ILO9YR75gu-VsDxNOpXr0eh5QCqCVlr8oBE1--U2M9XGQ&amp;disp=emb&amp;zw|https://www.tiktok.com/@themyriaddubai|https://www.google.com/url?q=https://www.tiktok.com/@themyriaddubai&amp;source=gmail&amp;ust=1786727066519000&amp;usg=AOvVaw3bXe7iStUQ6j0b9jppD3MP|https://mail.google.com/mail/u/1?ui=2&amp;ik=1b301268b0&amp;attid=0.2&amp;permmsgid=msg-f:1870043207394751165&amp;th=19f3ba63a36572bd&amp;view=fimg&amp;fur=ip&amp;permmsgid=msg-f:1870043207394751165&amp;sz=s0-l75-ft&amp;attbid=ANGjdJ8mlAfdjhFDhDHzCOuKEDioysXiAGDi6aWTn56tS42tYxa9q7kaqiMJ1ZYwW9Dz3xvFbkteHwEwNkYA3Mf2piWxKghtfQRtSA7_7lmO-3__rtxGtK4ke9OI0go&amp;disp=emb&amp;zw|https://www.instagram.com/themyriaddubai/|https://www.google.com/url?q=https://www.instagram.com/themyriaddubai/&amp;source=gmail&amp;ust=1786727066519000&amp;usg=AOvVaw3deNlEsjo0oNwAFiVW5yRo|https://mail.google.com/mail/u/1?ui=2&amp;ik=1b301268b0&amp;attid=0.3&amp;permmsgid=msg-f:1870043207394751165&amp;th=19f3ba63a36572bd&amp;view=fimg&amp;fur=ip&amp;permmsgid=msg-f:1870043207394751165&amp;sz=s0-l75-ft&amp;attbid=ANGjdJ-RFnwy-_pMcNpeeHhesF5uqRD795anoNn_A18rlqFuEcFR_TaJA3B1jKszyW8ULkXnC4mjrKrDH-fDV3CfauZESecKW1Sda-49-UeAtCEuffuY4l_pKCrJBRI&amp;disp=emb&amp;zw|https://www.facebook.com/themyriaddubai|https://www.google.com/url?q=https://www.facebook.com/themyriaddubai&amp;source=gmail&amp;ust=1786727066519000&amp;usg=AOvVaw10ej4v6uW0zRci4mPdyNY5|https://mail.google.com/mail/u/1?ui=2&amp;ik=1b301268b0&amp;attid=0.4&amp;permmsgid=msg-f:1870043207394751165&amp;th=19f3ba63a36572bd&amp;view=fimg&amp;fur=ip&amp;permmsgid=msg-f:1870043207394751165&amp;sz=s0-l75-ft&amp;attbid=ANGjdJ-btSGcSG06zLJxWms76iSbA54wYAzT7zgGn0KhNxCf4YiEUXUYJ4-nM4uQftdNHH8JxdLaES7H2o17IHY6C-OX9262_jRqSyIZjk0jcDXSTekiMLS41uraUuU&amp;disp=emb&amp;zw|https://twitter.com/themyriaddubai|https://www.google.com/url?q=https://twitter.com/themyriaddubai&amp;source=gmail&amp;ust=1786727066519000&amp;usg=AOvVaw33ZTGG14zARdhSUSpfV9ZM|https://mail.google.com/mail/u/1?ui=2&amp;ik=1b301268b0&amp;attid=0.5&amp;permmsgid=msg-f:1870043207394751165&amp;th=19f3ba63a36572bd&amp;view=fimg&amp;fur=ip&amp;permmsgid=msg-f:1870043207394751165&amp;sz=s0-l75-ft&amp;attbid=ANGjdJ-EHCf-ojewK7TFef613Acub5i2nbMC_WixKxZtpU6lc7jbO_gpyzT7GdZVNu0cHM-ISiMn8pQF5VGcw4nivWi99HexZDpnUneOD98bMfd8iHiuWOs-YJDPq_w&amp;disp=emb&amp;zw,none,none,none,0,1,0.8178,1,0.4089
Communication@dxb.themyriad.com,TMD Newsletter is Out Now!,"Dear Resident,


We’re excited to announce that the Q2 2026 edition of our newsletter is now available! 

 

 Catch up on all the latest news, updates, and highlights by clicking the link below:

 Access the Newsletter

 

We hope you enjoy reading it and find the content insightful and engaging. As always, your feedback and suggestions are most welcome — let us know what you'd like to see in future editions!

 

Happy reading!

 

 

 

Regards,

 

THE MYRIAD TEAM

 

The Myriad Dubai

Dubai International Academic City

Dubai, U.A.E.

M  | T 800 MYRIAD (697423)",https://fonts.gstatic.com/s/e/notoemoji/17.0/1f389/72.png|https://fonts.gstatic.com/s/e/notoemoji/17.0/1f4e9/72.png|https://fonts.gstatic.com/s/e/notoemoji/17.0/1f449/72.png|http://qrco.de/TMDNewsBulletin|https://www.google.com/url?q=http://qrco.de/TMDNewsBulletin&amp;source=gmail&amp;ust=1786727067068000&amp;usg=AOvVaw1Tii5ecrKP_suXRAaRfKyU|https://mail.google.com/mail/u/1?ui=2&amp;ik=1b301268b0&amp;attid=0.1&amp;permmsgid=msg-f:1870042075225244856&amp;th=19f3b95c08d5c4b8&amp;view=fimg&amp;fur=ip&amp;permmsgid=msg-f:1870042075225244856&amp;sz=s0-l75-ft&amp;attbid=ANGjdJ9eKasSl5gCVLwNwfPd4rxpM8kWHSNWig9ugzzOmmC2lcUGf3SQPPjU5wGKTUXQnvzFBPSuGPAoiAdoDrP7_VSMTlmbfwGCCspJ6ptsHTD02aRPjgvOx9ISpF4&amp;disp=emb&amp;zw|https://www.themyriad.com/destinations-dubai|https://www.google.com/url?q=https://www.themyriad.com/destinations-dubai&amp;source=gmail&amp;ust=1786727067068000&amp;usg=AOvVaw2bheIPhOc82aXXsMMxl7rR|https://ci3.googleusercontent.com/meips/ADKq_NaS-j3w-NRX3WEHAPqdLBJCuvCenuuYX7rWOm5s1OA09Q5jGBX_qTuhs6PEFS-PAiaW5mgoJw=s0-d-e1-ft#https://i.imgur.com/kZUV5l6.jpeg,none,none,none,0,0,0.6692,1,0.3346
